artist_id,singer_name,avg_track_popularity,song_portfolio_score
3MdG05syQeRYPPcClLaUGl,Diana Ross,52.8,21.952
2zvJLk0gTH7r7A5Q6X5Bq8,Javed-Mohsin,58.7,25.728
3ppQEG71r7jVpI8RudzycF,OHGEESY,65,29.76
2NrprO4CludRmaWtpqud10,Rivo,60.7,27.008
6YzSM19LzpLH0nVKKU6Jsy,Mc Daniel,63.1,28.544
5T0MSzX9RC5NA6gAI6irSn,Estelle,46.6,17.984
3R0YzDT1gl2mMDLMrgdNjR,Suchitra,52.7,21.888
34EP7KEpOjXcM2TCat1ISk,Wu-Tang Clan,63,28.48
6ugw7JCu0AG7txRcRAxU8d,Mc Rd,59.7,26.368
03d2mJXSMtuPI0nIvLnhoS,Zoe Wees,58.9,25.856
5sWHDYs0csV6RS48xBl0tH,Two Feet,64.1,29.184
4qwGe91Bz9K2T8jXTZ815W,Janet Jackson,61.7,27.648
67ea9eGLXYMsO2eYQRui3w,The Who,63.5,28.8
2DMQ1LeygTDGeyErwBwaeG,Mc Talibã,55.5,23.68
1yevH7mkPMXeSTnA9SwHvq,SEKIMANE,68.7,32.128
74cb3MG0x0BOnYNW1uXYnM,Hillsong UNITED,62,27.84
5TNSXFCNwlq2CfiMcNOCDP,Lijo George-Dj Chetas,49.4,19.776
66TrUkUZ3RM29dqeDQRgyA,Ella Eyre,52.8,21.952
5xUf6j4upBrXZPg6AI4MRK,Soundgarden,65.9,30.336
0e7Xsukwik0zDaqCcSvJTg,Prasoon Joshi,59.8,26.432
2kU94AZG0xEVKnOUKDbEfg,i wanna be a jack-o-lantern,57.6,25.024
2VYQTNDsvvKN9wmU5W7xpj,Marilyn Manson,62.9,28.416
3YBJLs7RqR0aPGBgU27nDh,Werenoi,70.9,33.536
3t4P7aXVor3NxlJPZxLzOQ,Kunal Ganjawala,51.4,21.056
2myuqB0gKAo75dE2eSWgzt,Silent Addy,45,16.96
1Db5GsIoVWYktPoD2nnPZZ,Gloria Trevi,62.7,28.288
7I3bkknknQkIiatWiupQgD,Beach Weather,51.6,21.184
2CmaKO2zEGJ1NWpS1yfVGz,Falling In Reverse,71.3,33.792
6XTGKOV9jceQ6f67lnhpbF,LATIN MAFIA,73.7,35.328
0I6yADrmeyvw66g7yjkqIF,The Living Tombstone,58.6,25.664
5IREutgMnyQqRcc8r15gWk,CountryBeat,69,32.32
583d9476xT4d6A0pADiRJg,Rafa e Junior,47.6,18.624
1wxPItEzr7U7rGSMPqZ25r,Shiloh Dynasty,62.6,28.224
3VHAySZQPlfGlNLslzXYpN,NATHY PELUSO,62.9,28.416
1Sdc6ySbIvzO0X9vbyHzWm,Ogryzek,62.8,28.352
6wduHvHCH5QZtWs6ULilDM,Henry Freitas,58.6,25.664
2rhFzFmezpnW82MNqEKVry,Ski Mask The Slump God,63.8,28.992
1QcBqYUeQ4Ux3itkdDaFi0,D. Imman,53,22.08
4xnihxcoXWK3UqryOSnbw5,Sasha Alex Sloan,60.4,26.816
3AMxH9QIPZbK8ND8C9j4Ss,Mani Sharma,54.8,23.232
4bPiOPI4V99cepEftvBYak,Banda Los Recoditos,64.1,29.184
6l880dxsvN2x5wiceaG6D0,Rico Blanco,62.2,27.968
4AKwRarlmsUlLjIwt38NLw,Ofenbach,64,29.12
5YwzDz4RJfTiMHS4tdR5Lf,Xamã,66.2,30.528
4stSxe6AbpXw3x7nRDsYVX,Remmy Valenzuela,67.7,31.488
2mUI4K6csTQd3jieswcmiI,Luis Enrique,51.5,21.12
3grHWM9bx2E9vwJCdlRv9O,Kenny Chesney,65.3,29.952
5DUlefCLzVRzNWaNURTFpK,Cali Y El Dandee,64.2,29.248
0urTpYCsixqZwgNTkPJOJ4,Aaliyah,63,28.48
1xHIVVHhwnuYe0uCAip33C,Alfaaz,46.2,17.728
3b8QkneNDz4JHKKKlLgYZg,Florida Georgia Line,65,29.76
4OgNARLQSC4yy7Dsa5cqxx,Yuri,56.2,24.128
776Uo845nYHJpNaStv1Ds4,Jimi Hendrix,63.9,29.056
700c9Qz2z6HZKTumeliKAw,LONOWN,67.5,31.36
0pWR7TsFhvSCnbmHDjWgrE,Creepy Nuts,64.3,29.312
3pjq2pDV9RR6VY55wBjVnp,Dardan,60.9,27.136
5Dl3HXZjG6ZOWT5cV375lk,Yo-Yo Ma,58.6,25.664
0IROOdQ2fQUcoaEPqt1Isg,Florence Welch,47.5,18.56
1gALaWbNDnwS2ECV09sn2A,Nightcrawlers,51.2,20.928
1ZVoRDO29AlDXiMkRLMZSK,La Ley,63.2,28.608
0CjWKoS55T7DOt0HJuwF1H,Bipolar Sunshine,52.3,21.632
0aUQnP4HhUQXcurZl9GJIA,Vijay Yesudas,60.2,26.688
3Nipsl6GVwwGyeAk0J29C6,MC G15,63.6,28.864
5tQMB0cuNXdCtzovGt55uD,LUCKI,68.8,32.192
35dWPb7Tmq0WESp6KAUJ8w,Dewa,63.7,28.928
76JV5kzmRyAtP4cmMgjMZi,DJ DUARTE,62.3,28.032
2ycnb8Er79LoH2AsR5ldjh,Pet Shop Boys,57.8,25.152
6dk4snfeN31dQDbb03Wmmr,Omkar Singh,31.4,8.256
4TKhxSkqClXrdtUWgKqHVU,Shallipopi,66.6,30.784
12j6dJrPXanCBwY599pZxf,Matt Maltese,62.5,28.16
6ModsWtBph2rE6zCTVxvZt,Maite Perroni,64.5,29.44
1WX2v0BiEW19Vw7xmznLdZ,Vierra,66.5,30.72
4RSyJzf7ef6Iu2rnLdabNq,Willy William,51.8,21.312
1zng9JZpblpk48IPceRWs8,Grupo Niche,66.5,30.72
2jqTyPt0UZGrthPF4KMpeN,Bappi Lahiri,56.1,24.064
2ekjTXgjxbWwBX5lTAj4DU,Eric Carmen,49.2,19.648
2lolQgalUvZDfp5vvVtTYV,Tony Bennett,60.6,26.944
5IpS1TN1Crp8Ym4zjiIrtK,LXNGVX,64.6,29.504
1QHr8p3h0ayWLaaYK0X6bi,Dhibu Ninan Thomas,61,27.2
0QJIPDAEDILuo8AIq3pMuU,M.I.A.,57.1,24.704
2P5sC9cVZDToPxyomzF1UH,Joey Bada$$,65,29.76
6JoYL9QYbdgPb6EuE5J2pC,Gerardo Coronel,59.3,26.112
3K2Srho6NCF3o9MswGR76H,Bakar,56.5,24.32
3pFCERyEiP5xeN2EsPXhjI,Joe Cocker,52.2,21.568
3MKCzCnpzw3TjUYs2v7vDA,Pyotr Ilyich Tchaikovsky,62.3,28.032
6ogn9necmbUdCppmNnGOdi,Alanis Morissette,64.9,29.696
5QdEbQJ3ylBnc3gsIASAT5,G Herbo,63.1,28.544
5p7f24Rk5HkUZsaS3BLG5F,Hailee Steinfeld,65,29.76
4r4r2gGaA74pul0n6FiRsE,Gill Machhrai,55,23.36
2WKdxPFRD7IqZvlIAvhMgY,Fugees,58.2,25.408
08F3Y3SctIlsOEmKd6dnH8,Yusuf / Cat Stevens,65.5,30.08
47z98pKd71yIbgXwe9LPVC,Bernadya,69.9,32.896
6RzPQpJ5z2JkOJlmsCVxJq,Ujjwal Kashyap,22.5,2.56
66W9LaWS0DPdL7Sz8iYGYe,JP Saxe,47.2,18.368
5PRW6j58xEEWL4DDVEITKT,Dedublüman,66.7,30.848
7vCtweS8UVAXTyau2j0rDT,Josh Turner,60.9,27.136
3RqBeV12Tt7A8xH3zBDDUF,Kelsea Ballerini,57.8,25.152
5JXhkyafynxCvxtov7C1PV,Bruno & Marrone,65.9,30.336
41QLxRXlc2NwfJZkHGHKid,Israel & Rodolffo,64.2,29.248
03Yb3iBy9GCifXiATEFcit,Pepe Aguilar,66.8,30.912
5QNm7E7RU2m64l6Gliu8Oy,HARDY,66.4,30.656
0C4gtx1iHMfuaQ73GKWvtZ,Hudson Westbrook,69.4,32.576
7awyvLSthqOcL5A3hnR1pf,Alex Gargolas,56.9,24.576
0BmLNz4nSLfoWYW1cYsElL,Alexandra Stan,43.3,15.872
7xkAwz0bQTGDSbkofyQt3U,Belinda Carlisle,39.2,13.248
3Ayl7mCk0nScecqOzvNp6s,Jimmy Eat World,61.8,27.712
1aw0Cdl1DIrtUrUA6fGbAR,Dread Mar I,68.4,31.936
6hN9F0iuULZYWXppob22Aj,Simple Minds,54.5,23.04
6rEXjeIJ0wL6BFdo8CRcit,Saindhavi,62.6,28.224
6gEzJZrbm0F4ihvE9iXR9z,Péricles,61.8,27.712
0cQJg3qKYiogK9Qj1H0Qpx,Paal Dabba,56.2,24.128
50OApTJurDusIo9dGTqSU4,Lilly Wood and The Prick,49.2,19.648
0IoWUuXfqpkfpxBRzthHU4,Codiciado,64,29.12
3nQ125TJobosBH446Dsvvv,Kavita Seth,55.1,23.424
3v6Ji4uoWtKRkhuDUaxi9n,Dynoro,56.4,24.256
5MouCg6ta7zAxsfMEbc1uh,OMI,36.3,11.392
1on7ZQ2pvgeQF4vmIA09x5,Charlie Brown Jr.,64.3,29.312
4xRYI6VqpkE3UwrDrAZL8L,Logic,62.1,27.904
45TgXXqMDdF8BkjA83OM7z,Rod Wave,69.6,32.704
7Js6Lde8thlIHXggv2SCBz,Europe,53.3,22.272
6HqgxkTt9KGyt27zYrwVan,Super Yei,58.6,25.664
0M4wzwZKh9SSHkOXYNvQlP,Zain Zohaib,53.8,22.592
1Jt7JB3WIWaANzwHoybsVn,Shefali Alvares,56.3,24.192
4iJLPqClelZOBCBifm8Fzv,Pierce The Veil,72.8,34.752
6TLwD7HPWuiOzvXEa3oCNe,Oliver Tree,64.9,29.696
6mDl7lQiLxT0iQ8LYhAlWy,Zerb,64.3,29.312
7FZj349hdLfD6qzXkJLuAh,La Quinta Estacion,59,25.92
2cBh5lVMg222FFuRU7EfDE,Sophie Ellis-Bextor,52.3,21.632
0MvSBMGRQJY3mRwIbJsqF1,Royal Philharmonic Orchestra,48.9,19.456
3444S3C4U9Ts86BnCtSPRV,Treaty Oak Revival,71.8,34.112
5xIOUIBQhGFX7HIj8lhdyU,Omar Varela,62.4,28.096
3Bku4b0uiR8KJSXu7U8Iyy,Anand Bakshi,56.7,24.448
5F1aoppMtU3OMiltO8ymJ2,Hugh Jackman,59,25.92
436sYg6CZhNefQJogaXeK0,Camille Saint-Saëns,59.8,26.432
1a3fr7NdeBT4JlGj6YlbDL,Caio Luccas,63.6,28.864
0wi4yTYlGtEnbGo4ltZTib,Shakin' Stevens,52.8,21.952
4Uwx6qzRn0kA9sz6cCDpBO,Tkandz,57.2,24.768
5tIkxADHN80ca0K6HCpWIt,ZXKAI,68.7,32.128
15ClyGUe5g2vllncIC4tp6,Pradeep Kumar,62.7,28.288
7pWXlTjky0KXWgbdZi9ebq,Kalyanji-Anandji,44.8,16.832
3gIRvgZssIb9aiirIg0nI3,Jeremy Zucker,62,27.84
6bmlMHgSheBauioMgKv2tn,Powfu,58.3,25.472
4AhHkaGz7W2bKKJK90IaV2,Batas Senja,55.3,23.552
1wGIhYkKWSq4yACtTkCkSX,Canserbero,71.2,33.728
3xRtandQusLOaCPqLJ0ia2,Na.Muthukumar,66.3,30.592
7y97mc3bZRFXzT2szRM4L4,Frédéric Chopin,62.9,28.416
49HlOY4gkHqsYG9GCuhkcc,Celeste,61.8,27.712
4ncaw2cfA3Wlly1tBD2eWt,Yailin la Mas Viral,63.7,28.928
3PbkSdpJnYRF18jau74b7R,Abdullah Siddiqui,39.3,13.312
581C5Qwl87TskfBEzuoisu,Cafuné,58.7,25.728
6O74knDqdv3XaWtkII7Xjp,Boyz II Men,59.9,26.496
5gOJTI4TusSENizxhcG7jB,David Bisbal,64.6,29.504
0gHj4MPwwcZ8Zl9CY0hqT5,Mc Paiva ZS,65.3,29.952
4rUYk0fV0Z4pOtwVbEAyK9,Glenn Fredly,63.6,28.864
6kBjAFKyd0he7LiA5GQ3Gz,Aqua,60.8,27.072
2l35CQqtYRh3d8ZIiBep4v,MKTO,52.9,22.016
4yjm4SvYqC5FFuLbB6TyHr,Bellakath,63.7,28.928
5vngPClqofybhPERIqQMYd,George Strait,69.2,32.448
3MrDVzg7ZXaYMyQmbDInr7,WIU,68.2,31.808
5GGJosGMs08YEmKTZJe1fL,Suki Waterhouse,62,27.84
69MEO1AADKg1IZrq2XLzo5,UB40,58.9,25.856
4f9iBmdUOhQWeP7dcAn1pf,Rag'n'Bone Man,58.7,25.728
4JnJjqxsTp8E5rZsyITf63,Jade LeMac,60.8,27.072
53KTldaJ8tHSkYU3nigfwP,Fonseca,64.3,29.312
6FXMGgJwohJLUSr5nVlf9X,Massive Attack,65.3,29.952
7HkdQ0gt53LP4zmHsL0nap,Ella Mai,68.3,31.872
3HedFe4b2Nqeg1CEzmt6ZI,Marino,71.9,34.176
4d3yvTptO48nOYTPBcPFZC,Eve,58.6,25.664
41BeeC5hYqvtGkM79RYvN4,Harini,57.7,25.088
0OS0NZnK7TGIAWx8MkWNFN,Intense,62.2,27.968
1gR0gsQYfi6joyO1dlp76N,Justice,62.4,28.096
6P7H3ai06vU1sGvdpBwDmE,Steely Dan,66.9,30.976
42LEQxfXLEuzdqorKBbUVN,RaiNao,55.5,23.68
1noWnd8QFQD9VLxWEeo4Zf,Don Miguelo,53.1,22.144
0U5RYP2HMdGv2GhicLhkOI,Neto Peña,64.2,29.248
3CkvROUTQ6nRi9yQOcsB50,Genesis,67.5,31.36
6HHje5tfmzWK8PsSaoJ9Xp,SAMSONS,57,24.64
4dM6NDYSfLcspt8GLoT5aE,Hippie Sabotage,60.5,26.88
4iSKnRZAxkmqNok6tv10Se,Crazy Town,40.5,14.08
0OZHEt7SMyC00w8xopYIcc,Lavish Dhiman,44.6,16.704
4qXC0i02bSFstECuXP2ZpL,Blxst,53.4,22.336
4rTv3Ejc7hKMtmoBOK1B4T,Ali Gatie,59.5,26.24
4ofCBoyEiGSePFAG500xev,Regard,59.3,26.112
1vSN1fsvrzpbttOYGsliDr,Tori Kelly,57.9,25.216
0U7iI0Dk4Ojvi17nZboNO4,Vacations,65.1,29.824
3tAICgiSR5PfYY4B8qsoAU,Andrés Calamaro,62.3,28.032
0mV4UQ0gHg59AAUtg968pX,Unnikrishnan,51.9,21.376
39yVoqm6sYFvvqF1RciUVf,Carlos Rivera,63.5,28.8
0ZHPrnImGh4re3TbSNkoZl,Beret,61,27.2
4Kw0NhqitzjxLy1jH5FlTg,Harish Raghavendra,53.8,22.592
3rp4f58JlRHkk8hpdLCer1,Videoclub,62.5,28.16
0f2YkMXwFNJNSX7MymevKE,Kaash Paige,52.5,21.76
1nCZUpBIcyOxufOx0lPeIW,Annural Khalid,54.4,22.976
1BIAyVQxDuYrMqZ8H1Faja,S.P. Charan,56.1,24.064
5aMmmNxw4vgpc5XC6hK0zp,The Calling,48.8,19.392
28QnIZpWxKcxuSk4iRLUgX,Mc Morena,63.6,28.864
6OBGbSaBUvQtk9wpQfDbOE,Kevin Kaarl,71.4,33.856
6PdJJhJWHFRtoERTQ8JGq1,Navaan Sandhu,67.1,31.104
5DaqVKaxeqDbJuxaIP9m4u,Danilo e Davi,61.5,27.52
1NNRWkhwmcXRimFYSBpB1y,Yng Lvcas,59.3,26.112
7z5WFjZAIYejWy0NI5lv4T,Dan + Shay,63.5,28.8
4sCKpwwEsgReZxjtKFm2A0,Tucker Wetmore,68.6,32.064
1UAzmnFgjizIDvtHvnCdEq,Stebin Ben,52.7,21.888
0i1s9WcIu0PrUvHzALgofo,Seu Jorge,59.8,26.432
5gqmbbfjcikQBzPB5Hv13I,Gazo,63.4,28.736
4iBwchw0U0GZv5RfVYSMxN,Anyma,65.3,29.952
5fS7aONqrIhiw6YzgKVOsd,Judika,65.6,30.144
2IX6xq1cVcBoD4obUsT5xs,Aditya Dev,52.8,21.952
3oZa8Xs6IjlIUGLAhVyK4G,Irene Cara,54.6,23.104
7zAp0JbkavFg2rcMGvANtP,Shakthisree Gopalan,63.4,28.736
5ugsiK49gIkIVh8U93EO0z,Ami Mishra,50.2,20.288
1YOVBTvznjiDvtAj4ExHeo,BK,67.1,31.104
6wF1Cz760dpdbX9RJIDpQW,Chuwi,45.6,17.344
64DTkZLH6KkkMwZEEZ5VWC,Love Funk,63.3,28.672
34nbQa7Hug9DYkRJpfKNFv,T3R Elemento,66.3,30.592
6GI3CJjT2bOnMfprCpjT1d,Bootie Brown,29.1,6.784
1gHVDWrG6hVra3ZxV7mQWd,Vinod Rathod,54.8,23.232
4RfTXjK9aiiIKDaKUHpL57,Busy Signal,55.3,23.552
7lbSsjYACZHn1MSDXPxNF2,Hikaru Utada,66.8,30.912
0xj9MJx9r0wO2o4aqdergP,DJ TOPO,63.5,28.8
6V6WCgi7waF55bJmylC4H5,Gloria Gaynor,55,23.36
4B9efXsA6sv4w3vts8E0T7,Sanju Rathod,64.3,29.312
0jIWKlfmD4Ew7HeVVrq03g,Elyanna,61.4,27.456
3D04fb59z3ANxVaeHBfxtW,TAYA,52.9,22.016
00Y76ybB3PJCRrIlUXk7CZ,Silambarasan TR,49.4,19.776
5nki7yRhxgM509M5ADlN1p,Oliver Heldens,59.2,26.048
2JEjaa7hWhE1BbL3OcoeFR,Sujatha,55.3,23.552
3IZrrNonYELubLPJmqOci2,Nancy Sinatra,54.7,23.168
09xj0S68Y1OU1vHMCZAIvz,Café Tacvba,65.3,29.952
1sPg5EHuQXTMElpZ4iUgXe,ANAVITÓRIA,66.5,30.72
5oJvmyeWzyeahRtjup3Oys,AVAION,64.8,29.632
586uxXMyD5ObPuzjtrzO1Q,Sofi Tukker,57.5,24.96
2ExGrw6XpbtUAJHTLtUXUD,Stefflon Don,59.5,26.24
2PJEagPIxaBugeMjIyKVXF,Aitch,59.3,26.112
7nDsS0l5ZAzMedVRKPP8F1,Ella Henderson,59.8,26.432
7zAAwgV5Wqmvpb4GzvlRkP,Jazzy,65.6,30.144
6hnWRPzGGKiapVX1UCdEAC,Sam Cooke,62.3,28.032
2pAWfrd7WFF3XhVt9GooDL,MF DOOM,68.2,31.808
58r1rB5t3VF5X6yXGPequV,Maverick City Music,64.7,29.568
5os0Ltvz8Q8BvXOPOd1frx,Inner Circle,50.6,20.544
0NZtn1Kyq08alpHCTRf3dv,Tony Kakkar,57,24.64
6RHTUrRF63xao58xh9FXYJ,IVE,69,32.32
7A8S43ryYdbWpJKeHRZRcq,JACKBOYS,61.83333333,27.73333333
6Sv2jkzH9sWQjwghW5ArMG,Lyodra,65.7,30.208
5Ppie0uPnbnvGBYRwYmlt0,Megan Moroney,71.7,34.048
37M5pPGs6V1fchFJSgCguX,FINNEAS,65.5,30.08
0kJO65h553i1iGsZutBuqz,Adnan Sami,59.4,26.176
6k8mwkKJKKjBILo7ypBspl,Ana Mena,60.6,26.944
39B7ChWwrWDs7zXlsu3MoP,Sonny Fodera,64.4,29.376
79AyR6ATpj2LTPxfb6FX50,Lauren Spencer Smith,64.4,29.376
3QMpCp3GHiHXgnX1LldXWe,DJ FKU,68.7,32.128
7N0SBLJFpCyQSsv4MfRJ5d,Swarnalatha,54.6,23.104
5EehXjjMktLuJmbRsM7YfB,Disciples,50,20.16
79hrYiudVcFyyxyJW0ipTy,The Paper Kites,63.1,28.544
7o7doCwqft91WC690aglWC,Sanam,46.7,18.048
21ELc2P2rA3Cu6xw3VWqvv,Mc Kadu,62.3,28.032
7Ip2u3e5Nv6fFb5xyIHxEE,DEV,49.3,19.712
4b1WCDqAVVgxK7KozLkOqc,Asal Kolaar,59.7,26.368
7kplJl06UmldxLKseURAYi,Warren Zeiders,66.2,30.528
5K8Rmjmf4RZFffz94EmBRt,Zé Vaqueiro,63.4,28.736
2FrKQPjJe4pVMZOgm0ESOx,SNAP!,59.6,26.304
2AbQwU2cuEGfD465wCXlg2,Rawayana,64.5,29.44
1AbJ2cmwK400LSvdvBL5Jc,Strawberry Guy,65.6,30.144
0V2oXYR7DtrZAEFeILRW2r,Lvbel C5,71.6,33.984
5yI5MjFLwQwfP24OxchqN1,Simar Kaur,54.8,23.232
64d1rUxfizSAOE9UbMnUZd,Sezen Aksu,65.2,29.888
3PyJHH2wyfQK3WZrk9rpmP,Ashnikko,65.6,30.144
6mQfAAqZGBzIfrmlZCeaYT,Chaka Khan,58.5,25.6
69WMBCOrVeaxtZJCowDJ0a,Khesari Lal Yadav,51.9,21.376
1BwHztAQKypBuy5WBEdJnG,Jennifer Warnes,41.5,14.72
79sho4jpEGoCCC51KHnNSJ,Naresh Kamath,51.2,20.928
6XFITTl7cFTdopDY3lUdlY,J Alvarez,62.8,28.352
7aBzpmFXB4WWpPl2F7RjBe,Wyclef Jean,57.7,25.088
3qAPxVwIQRBuz5ImPUxpZT,Heroes Del Silencio,64.2,29.248
48bKH1ugFBhERC1rdojP9d,Dewa 19,67,31.04
7keGfmQR4X5w0two1xKZ7d,Kungs,62.2,27.968
08PvCOlef4xdOr20jFSTPd,Flo Milli,61.2,27.328
0w7HLMvZOHatWVbAKee1zF,Redbone,44.1,16.384
25Pa1Vz1ZuTHmXPiYeMcgx,Vivek,60.4,26.816
3HVdAiMNjYrQIKlOGxoGh5,Rob Zombie,63.8,28.992
0BqURncJM5B1BBu7UM51eq,Guaynaa,58.8,25.792
5IFCkqu9J6xdWeYMk5I889,Gloria Estefan,48,18.88
73c2MjCAFNyKYIs7nBlqG2,Marisela,66.5,30.72
1CcZoULzFHa8Uhwo6OlQcp,Semicenk,71.8,34.112
34dZRjYum6vVBGslgYaBtB,Vika Jigulina,49.3,19.712
0wv5i0ds2z040yx7oL6UZy,Leon James,54.1,22.784
11HepfI1lj6KJHj651rZhM,Lucky Brown,71.8,34.112
0yNLKJebCb8Aueb54LYya3,New Order,62.6,28.224
38PzLQE4GW8o7A18oGhi0x,hey daisy,49.57142857,19.88571429
5KsRA81UaMVKvLNiwDySfp,Jonah Kagen,62.8,28.352
5pUo3fmmHT8bhCyHE52hA6,Liam Payne,59.1,25.984
5Uvn1P3OFu268QovsUAnDu,Madan Mohan,51.6,21.184
6sq1yF0OZEWA4xoXVKW1L9,,71.5,33.92
0jrirfCZkRU3iA2sH9JEko,Repsaj,67.2,31.168
0my6Pg4I28dVcZLSpAkqhv,El Fantasma,64.8,29.632
1d6dwipPrsFSJVmFTTdFSS,Paulina Rubio,64.5,29.44
6DCIj8jNaNpBz8e5oKFPtp,The Cars,62.7,28.288
1Zkxm1dM3HI3QkTmxUEVQA,Los Gemelos De Sinaloa,63.7,28.928
3wE6Lb4RCyPMoXsnXV0ZPC,Vikkstar,44.8,16.832
0NbgKDsEHiPzZBZkqZGkXm,Mismatched - Cast,47.7,18.688
4ytkhMSAnrDP8XzRNlw9FS,Vince Guaraldi Trio,66.1,30.464
568ZhdwyaiCyOGJRtNYhWf,Deep Purple,51,20.8
1bdnGJxkbIIys5Jhk1T74v,Brandon Lake,67,31.04
7gbmX8SsfjEjxDMzBi1ZOL,Joe Jonas,58.3,25.472
2kucQ9jQwuD8jWdtR9Ef38,Sam Hunt,64.2,29.248
5ObQXIcqKtQENK14lQyqiy,Anuradha Sriram,55.3,23.552
02gSuSAWEdWa5UOvqzjX6v,SIENNA SPIRO,67.2,31.168
3NzhVoa20crNtp1p4zE8um,Mano,54.1,22.784
5GtMEZEeFFsuHY8ad4kOxv,Seal,56.1,24.064
3PpJbrAbphauEun8Xf9tD2,Theodora,70,32.96
6ze415xN4HqPmAhj1P4pRl,Bhumi,26.5,5.12
3DHtfeD4PsmR9YGhCP4VF7,Nemzzz,69.2,32.448
250LLR8V4fFq1XFzAB1ZN5,Poizi,74.1,35.584
2weA6hhVqTIN2gSn9PUB9U,Celia Cruz,55.2,23.488
2XcZshqzPKm3iZcmt73R8D,Pablo Chill-E,64.5,29.44
48veLPCIJh5NVQxhyNRKCm,Earl Agustin,61.6,27.584
5CCwRZC6euC8Odo6y9X8jr,Rita Ora,63.3,28.672
1v1khTmozNfxB2ET1Ep288,Last Child,69.2,32.448
4o0NtnL2m0lzZmEdRas1qv,Ovi,66.4,30.656
5NS0854TqZQVoRmJKSWtFZ,Chino & Nacho,61.7,27.648
0qSfAhYhb7KWEuiLuooBaE,Manoj Yadav,53.1,22.144
0qZyvjwZauLmrobrpJmvib,"Dream, Ivory",52.1,21.504
4ueh4hmRvt62k4BgP8dIS0,Adèle Castillon,58.3,25.472
4Ai0pGz6GhQavjzaRhPTvz,DIVINE,61.9,27.776
5Dz2FizMLqV0Cr3c8uhEcF,MC Cebezinho,65.6,30.144
6DgP9otnZw5z6daOntINxp,Joel Corry,60.6,26.944
2IvkS5MXK0vPGnwyJsrEyV,Eric Church,68.1,31.744
60rpJ9SgigSd16DOAG7GSa,Billy Ray Cyrus,54.1,22.784
5rkVyNGXEgeUqKkB5ccK83,Ashanti,63.3,28.672
0d71FlLkqZzdpEQifcngQq,Julliany Souza,61.7,27.648
117XFtbZPnCI1EYKjYZWJc,Skusta Clee,66.5,30.72
5IDs1CK15HegSAhGEbSYXo,Billy Ocean,60.3,26.752
7tU1VKOuxiNZwBZC6RHidA,Alexis y Fido,65.5,30.08
0GSuGuz8CIQpRZdig9k9Mt,Cast of Mamma Mia! The Movie,29.4,6.976
2wZWkw5jo8P4NVonVanxYd,Ziva Magnolya,60.1,26.624
1OPqAyxsQc8mcRmoNBAnVk,Dhvani Bhanushali,59.7,26.368
1anyVhU62p31KFi8MEzkbf,Chance the Rapper,59.6,26.304
22nkIVS7afh6A7hdd9Lze0,Furacão 2000,55.8,23.872
465OXuCU8YZNmVG1leLwQ9,Shashwat Sachdev,54.9,23.296
4RWJOoYwgF978LOn8Fainp,Yami Safdie,56,24
1oH2B8tcHn4Gpl2bmmyd4A,La Santa Grifa,72.6,34.624
5pBMkZNIlbGTH3hrsQJqAa,Mc Kevin,66.8,30.912
3nLLr3ShsQC2Hdrwjl14ie,Gurpreet Saini,54.8,23.232
6FedIS4fevWR5JdQQvviFB,Vaibhav Pani,38.9,13.056
7zFlr6Y537SdALqy0Xfvth,Ranjith Govind,55.7,23.808
03r4iKL2g2442PT9n2UKsx,Beastie Boys,65,29.76
3jFjgKOGfVLWfXX8q5wrsg,R.K.M & Ken-Y,63.5,28.8
1Fmb52lZ6Jv7FMWXXTPO3K,Joan Jett & the Blackhearts,54.8,23.232
5Y2FS5YbGf7yRDumzD5nY3,Sofiya Nzau,58.3,25.472
2FS22haX3FYbyOsUAkuYqZ,Los Fabulosos Cadillacs,62.8,28.352
1APqNiQUA2XpwLEbywSWmZ,Tropa da W&S,61.4,27.456
2YVF0Ou5zIc4mpgtLIlGN0,Robert Miles,52.9,22.016
6guLZyE3by1cVU1ydAAKpJ,Itamar Mc,67.1,31.104
3BAgmPNIK5IJl7zMK1wvMA,That Mexican OT,65.7,30.208
2BPwxhCvvcb8xDl8GWIjbh,Odeal,64.1,29.184
1IDBhlpDyKr53UKKxXRHXD,NDX A.K.A.,68.4,31.936
2hejA1Dkf8v8R0koF44FvW,Gera MX,67.7,31.488
1LMyTeRhjaitILs98h3MaF,Jósean Log,66.1,30.464
6m6e7D2TnV0aYMllFFwMxu,Guilherme & Benuto,61,27.2
0yNSzH5nZmHzeE2xn6Xshb,Calle 13,62.2,27.968
485uL27bPomh29R4JmQehQ,Bob Seger,66.2,30.528
1bj5GrcLom5gZFF5t949Xl,Martin Solveig,58.2,25.408
39fT56OHEL2E98zDKrqBsC,Nikhil D'Souza,52.6,21.824
3wOsYKZM0zcKNasi3I7fP4,Mahalini,70.6,33.344
51XrH5fQP2oIQynuKxSWcW,Sky Rompiendo,65.6,30.144
2WBJQGf1bT1kxuoqziH5g4,Purple Disco Machine,57.4,24.896
3ipn9JLAPI5GUEo4y4jcoi,Ludacris,63.6,28.864
3TaUSUXn41GixL7zbvrIDt,A-Trak,54.5,23.04
7GQDI5Vmxs92RsIRZzYT11,Pirlo,65.4,30.016
6zsJjoCtL1WByG0VsuFWzR,BLOND:ISH,60.3,26.752
3Y7RZ31TRPVadSFVy1o8os,H.E.R.,63.4,28.736
7pESOE4dEq8Yk4OKlJa3pS,Panter Bélico,65.6,30.144
2wzMOQwNT6ZvVB4amvhFAH,The Pogues,50.9,20.736
1mXAhKnZEdF6rotyyd4GBi,MC Kevinho,60.4,26.816
4GEyPR3J4DYvuTRuPJQ0CW,Anvita Dutt Guptan,50.8,20.672
5Wg2b4Mp42gicxEeDNawf7,A7S,59.1,25.984
1rAv1GhTQ2rmG94p9lU3rB,Julian Casablancas,48.9,19.456
77YvCBWe0tTLygpgSJsdOH,Dhee,58.5,25.6
7x3eTVPlBiPjXHn3qotY86,KeBlack,64.3,29.312
3SCOuAxngTC1yGjKMcIPEd,Lasso,58.8,25.792
7dFzqx2qyelGPiBKmdSEOT,Rob Deniel,68.9,32.256
1GLtl8uqKmnyCWxHmw9tL4,The Kooks,56.8,24.512
3dC19P4w1BbDuwCailjybv,Nes,60.1,26.624
204IwDdaHE4ymGk9Kya2pY,Djonga,61.8,27.712
1XgFuvRd7r5g0h844A5ZUQ,Take That,57.7,25.088
7rkW85dBwwrJtlHRDkJDAC,NAV,64.7,29.568
3XHO7cRUPCLOr6jwp8vsx5,alt-J,58.9,25.856
4ucwey7FxkHXkLK7jSfevU,Andra & The Backbone,54.9,23.296
4ITkqBlf5eoVCOFwsJCnqo,Harrdy Sandhu,63.9,29.056
6PERJZF7wohA034PAxDK0b,Neo Beats,64.8,29.632
0eecdvMrqBftK0M1VKhaF4,CNCO,61,27.2
4NYMUsIcUUsBHbV9DICa5x,Nate Smith,63.6,28.864
5zixe6AbgXPqt4c1uSl94L,Connor Price,66,30.4
6P5NO5hzJbuOqSdyPB7SJM,Ashe,61.9,27.776
2hUYKu1x0UZQXvzCmggvSn,Reneé Rapp,68.8,32.192
6cK3NBO6uP7hh0oyuVELFl,Saweetie,60.4,26.816
1c84wItoiAe1pEbpJMqUmQ,Oscar D'León,52.6,21.824
1A9o3Ljt67pFZ89YtPPL5X,Snoh Aalegra,63.7,28.928
47Z8LEl3LnQkcpva0xSthT,The La's,42.7,15.488
0Y3agQaa6g2r0YmHPOO9rh,Davido,68.6,32.064
21dVknSLCsK37cWozWDZZS,Matt Sassari,60.6,26.944
6qhOH2mrlqUDod9sWA5kR2,Leo Dan,61.5,27.52
3u65Tx20y4WqxO7W7khEhj,Clara La San,67.9,31.616
6XX6KGpomRDPmGGm7bofCK,DJ Glenner,64.8,29.632
6QiUH0jJVJUdnte0jX1Wzj,MC Roger,50.9,20.736
2EXpthNgSeTDeX8nGwxppp,Paris Paloma,62.5,28.16
4E5oyNFcB3uXLkLdjYmP9Z,Neha Bhasin,57.5,24.96
7hwEGO7U6JwQ7M1teoO8GW,Siddharth Mahadevan,54.2,22.848
5D3muNJhYYunbRkh3FKgX0,Chord Overstreet,50.5,20.48
6lcwlkAjBPSKnFBZjjZFJs,Alex G,69.9,32.896
4hz8tIajF2INpgM0qzPJz2,Rainbow Kitten Surprise,66.6,30.784
7u9m43vPVTERaALXXOzrRq,Chalino Sanchez,66.8,30.912
6VcsqZOR5AtEOGeAtmutCZ,Esau Ortiz,50,20.16
5o36rLQd78Zh8CaT8rn59d,Shreyas Puranik,51.2,20.928
0rjms710nwQTdrQheXHJfz,Standly,62.8,28.352
3eskO5m0H4yiF64vRySBjr,Buffalo Springfield,51.1,20.864
5uUb3J6HqLhBWwzuh84LUZ,Seventeen,66.2,30.528
4PUHVTv6waMpd1JUP7G6n2,Wizz Baker,55.6,23.744
1bqxdqvUtPWZri43cKHac8,MAX,59.1,25.984
71oGOxg5ez52Hh1Ye41A98,Mustafa Zahid,64.7,29.568
6J7biCazzYhU3gM9j1wfid,Jamiroquai,68,31.68
5sXaGoRLSpd7VeyZrLkKwt,Gregory Alan Isakov,69.3,32.512
1RBzGO6Nm3uyhUSxP7EDWO,KEVIN ROLDAN,58.6,25.664
3TOhzLRYnkkul71yRBxIoM,Akhil Sachdeva,58.8,25.792
1hFqbxc2MxieBIU4MqIEWm,Vairamuthu,49.7,19.968
2tbvDi9eXf9XXp06LupkED,Alice Deejay,52.9,22.016
2vf4pRsEY6LpL5tKmqWb64,Elderbrook,61.4,27.456
3abT87tqQ4Q5PA5nw6CYyH,Ángela Aguilar,61.6,27.584
0Grjlu7ncIuCaSYvCs9fcd,New Radicals,46.2,17.728
3jc496ljiyrS3ECrD7QiqL,Gipsy Kings,49.7,19.968
1JdHoZwkwOmX2Pl2iTwnzc,Vishal Bhardwaj,54.6,23.104
17TFSnqADESRM8BPSaM5aB,Krono,39.2,13.248
4qWnlmXWuGv2TtuxtIWlJX,BANNERS,54.3,22.912
7npqy7rgdX2D3yfVyWExKo,Angel Y Khriz,49.5,19.84
5VAyiDhBinVfc6RM5RKnLa,Sam C.S.,57.4,24.896
13VRqzYJxIUpx67aASZADe,Soapdish,49.7,19.968
5c8ZR64evQ00Spl73s76fo,Chuyin,70.1,33.024
06QVnTCdjs4jPKO0487EGV,Fiersa Besari,61.1,27.264
5c3Qxc5sTis0Oq3XcOdIJD,Rajesh Roshan,35.9,11.136
1vqR17Iv8VFdzure1TAXEq,LIT killah,63.4,28.736
3smfreCkyJt7bShaTYpG77,Carlos Baute,56.3,24.192
0ZrpamOxcZybMHGg1AYtHP,Robin Thicke,48.2,19.008
6i392l38cR3uBPF0DbNs7S,Quality Control,60.3,26.752
5YNi3BopLa4XtYRtzML80L,"Sergio Vega ""El Shaka""",63.1,28.544
7IAFAOtc9kTYNTizhLSWM6,Hollow Coves,61.2,27.328
4etuCZVdP8yiNPn4xf0ie5,Julio Iglesias,62.5,28.16
0N0d3kjwdY2h7UVuTdJGfp,Cascada,61,27.2
4gKSUeHW82tGBeJsJSB1JC,J. Eskine,60.1,26.624
1p8AG9V0Y60vhvdYdRbxqn,Swara Verma,63.1,28.544
1QOmebWGB6FdFtW7Bo3F0W,Gustavo Cerati,64.2,29.248
38Bf9u0Tg0JOEcjxzqSuAj,JR Torres,58.5,25.6
2bxxlINUlcMQQb39K7IopR,Abraham Mateo,60.1,26.624
7mEIug7XUlQHikrFxjTWes,Neil Diamond,60,26.56
53oeVgECSa18dkHBQ9X6Eh,Murat Boz,64.2,29.248
0CrGLmfVKzk9rAyiNb91ft,Diego & Arnaldo,56.1,24.064
6sLwRSXSUF5JTUnQaFenyj,Christopher Jackson,64.6,29.504
5mU7ohKXRejACFS8eZIixp,Malou,56.4,24.256
6Te49r3A6f5BiIgBRxH7FH,Ninho,67.7,31.488
1eIYP01ZLPKEExhcV6xFgt,Grelo,66.6,30.784
2bA6fzP0lMAQ4kz6CF61w8,Toby Keith,68.3,31.872
4tMm1dU6Gn04VAZ9ClHcIZ,Jacquees,63.6,28.864
45gHcnDnMC15sgx3VL7ROG,42 Dugg,64.8,29.632
48zixAu4wMDZwpVbOenDU7,Grupo Cañaveral De Humberto Pabón,59.6,26.304
3PjvC3vaZ6wh5FK6PZ4Dd5,B. Ajaneesh Loknath,61,27.2
2p4FqHnazRucYQHyDCdBrJ,Simple Plan,60.4,26.816
2wkoKEfS6dXwThbyTnZWFU,Mau y Ricky,64,29.12
1Zg9Zp2NMNIBUiazqAHr1C,Dj Andrabeat,18.5,0
3a1tBryiczPAZpgoZN9Rzg,Asake,71.1,33.664
6Wr3hh341P84m3EI8qdn9O,Rise Against,64.7,29.568
2OhUNb01gLwygOizYvTm0e,Big One,65.2,29.888
3fZk3Gm5dN5v5yfYMQ04Bx,Dímelo Flow,60.8,27.072
1chOgh5tgwfiyJ2zhUHwBj,Dionela,66.9,30.976
5Zq7R5qmi58ByYyBQTlNuk,Lee Brice,63.9,29.056
1QcutbFtA6u8A2ZFTZuLSL,Panda Black,54,22.72
6LGVfT3wTKqzhx9RGvSvUd,Gurjit Gill,49.4,19.776
48HORs6F9P7IgdyKrk4MZC,Tarcísio do Acordeon,64.9,29.696
1E4r4z7ivGUcSAnCbINJ9v,Drowning Pool,57.1,24.704
3lRhKw5gfTNnpnPFFE7TfQ,Maan Panu,57.4,24.896
5maYabmLqXL3Y5fhFaD3zk,Kashish Ratnani,51.66666667,21.22666667
3NRFinRTEqUCfaTTZmk8ek,Savage Garden,56.7,24.448
1cNPXWhKfjI0fT5EMCnamR,Dj Guuga,58.1,25.344
3CAhiUHkUYT1mFtVHM9SHA,Valentín Elizalde,64.7,29.568
0Eb38FY9vOjiRA10iXPGHI,The Rish,53.1,22.144
3qpyErDI4i90q5EGgSRmNK,Raghav Chaitanya,57.7,25.088
2SrSdSvpminqmStGELCSNd,Stormzy,63.8,28.992
5MmVJVhhYKQ86izuGHzJYA,MIKA,51.6,21.184
5KDIH2gF0VpelTqyQS7udb,Staind,65.7,30.208
2zoy9aYWHueNXCIqh2MStc,Gravagerz,63.4,28.736
17SY5q1CMOZJBRuPcKWwPI,J Abdiel,62,27.84
26opZSJcXshCmCwxgZQmBc,Whiskey Myers,65.2,29.888
3hTffafUYLLgO4yuPAxb5U,Lenin Ramírez,63.4,28.736
0qT79UgT5tY4yudH9VfsdT,Sum 41,64.3,29.312
0gXDpqwYNDODn7fB0RDN8J,Mohammed Rafi,43.8,16.192
0PMk31f9Log4ixwUUY40p6,Malibu,57.7,25.088
4QvgGvpgzgyUOo8Yp8LDm9,Mrs. GREEN APPLE,72.4,34.496
0RVfcqug2nB820dxIGycIW,Hansika Pareek,59.1,25.984
6PH3FLQAxtqYy46Zv08bpV,Ivan Cornejo,74.6,35.904
0pcoadNMmvrUyab1RxWBoV,MC Hariel,64.4,29.376
4tX2TplrkIP4v05BNC903e,Tom Petty and the Heartbreakers,64.2,29.248
2Lxa3SFNEW0alfRvtdXOul,Ariel Camacho y Los Plebes Del Rancho,66.2,30.528
6uRJnvQ3f8whVnmeoecv5Z,Berliner Philharmoniker,60.9,27.136
0pVJXCGsBydS7rq0R4w4hm,Yuri Redicopa,63.3,28.672
2ixSzFmACsZSsx40fXTNYk,La Dimensión Latina,46.4,17.856
3SXwqSqAoBz9WCI9PDQzY6,Fontaines D.C.,68.4,31.936
3fWcIRZlzhMl2YNACMvHui,Paradox,60.2,26.688
1sV3HHU1TBH5owKu0WLHf7,XROSS,64.6,29.504
0N2lT1m7rG0klYHZrkyMPw,Rony Ajnali,56.7,24.448
63GIj2yhFvX1Bzphb9JgVb,Fenix Flexin,67.1,31.104
1GAymyGBvB4gQy5Z5LZ1Wj,Lalo Ebratt,56.2,24.128
4SzD0wClEg9NKVJZbCRFqS,Ele A El Dominio,65.1,29.824
77Zc5MMUIMJriEDAcaDspi,LOS DOS DE TAMAULIPAS,65.8,30.272
4HQeSXwG2BVH0KvxHE5oCf,Suzanne D'Mello,62,27.84
46gyXjRIvN1NL1eCB8GBxo,All Time Low,64.3,29.312
5CGtBYmVPeLhI1kM2Fn9Gv,Los Invasores De Nuevo León,61.5,27.52
5dmU7FrmtbQaSzIvGsE4Jp,Pancho Barraza,63.7,28.928
4j56EQDQu5XnL7R3E9iFJT,Young the Giant,62,27.84
2zHzn2oA1QJOB8SPIpoiYD,Dadju,65.1,29.824
3FlCKtwOEYQQYyGVEbxG2Z,George Henrique & Rodrigo,60.8,27.072
2WhoMc7XqIzVXWbQqSoqe7,Kahitna,67,31.04
5BwOOeKayeMZXa5SSaiRxv,Ricchi E Poveri,54.7,23.168
6EPlBSH2RSiettczlz7ihV,Sleepy Hallow,65.5,30.08
2jnIB6XdLvnJUeNTy5A0J2,Why Don't We,59.1,25.984
0ocHleb3SllGNQQcDH35Xz,Herencia De Grandes,70.2,33.088
7FY5V3XMwlNBPitEjXowHQ,Darius Rucker,61.8,27.712
5BMgsAFg8rZQc3tqs5BB8G,Mecano,63.5,28.8
3441uYrkzgTWwjXLd13R0U,Enigma Norteño,65.5,30.08
3OqTvcWgb0xaainosGVvuZ,Gala,49.5,19.84
1eBHjBxiNA3gyEWEN7oRxM,Vijay,64.8,29.632
7nqOGRxlXj7N2JYbgNEjYH,SEVENTEEN,66.9,30.976
0RESbWvOMyua0yuyVrztJ5,Key Glock,68.3,31.872
7KVJCU4z5L4EUHILL8aMxR,Léo Santana,61.3,27.392
5P2rwRBgIN450RaJxdjYdA,Kardinal Offishall,43.9,16.256
5PokPZn11xzZXyXSfnvIM3,Lifehouse,58.6,25.664
6YPfs6tdZXvnlzgZNU3SYT,Dudy Oris,37.1,11.904
1NjxFrpEGZTV2Ny0OJxeWu,Sal Priadi,68,31.68
0exQbKNFd9pLmdIGycwmlf,h6itam,69.6,32.704
68PYmgkbRP1qZnEWOry7sB,Chefin,62.9,28.416
6QtJ6BVdj43aDpgjnVp2tY,Mohammed Irfan,57.2,24.768
18dspUI6gqabm5XCC2RcUD,SOG,59.4,26.176
2tswayWsUGjUwpvN8KRwuN,MORADA,65,29.76
3k1eCPRO0dE0Q9YsRfh4vn,Vijay Deverakonda,63.6,28.864
32WkQRZEVKSzVAAYqukAEA,Lady A,63.9,29.056
3Tfh86fepXglotJQCWkOGe,DJ Asul,69.3,32.512
1fux65HMCBvfJHqlBc4Nno,Casper Magico,60.4,26.816
3mQBpAOMWYqAZyxtyeo4Lo,KC & The Sunshine Band,59.4,26.176
4oAZA3aniPjL9XINSvj7VP,Utopia,62.5,28.16
1XUGerdrjDBJxF9ZfxMqDj,Mayur Puri,55.7,23.808
2n2RSaZqBuUUukhbLlpnE6,Sleep Token,74.5,35.84
2iojnBLj0qIMiKPvVhLnsH,Trey Songz,62.5,28.16
1bT7m67vi78r2oqvxrP3X5,Naughty Boy,41.8,14.912
3v8mFhjLFa50QK8zDvAMYN,Amanda Miguel,64.1,29.184
3JSSjGYcIkgsrz7892CelT,Ed Maverick,66.9,30.976
7Hf9AwMO37bSdxHb0FBGmO,Alejandra Guzman,58.3,25.472
62lbdm09j0QUbWB7SqCJvt,Anonimus,49.9,20.096
0ONHkAv9pCAFxb0zJwDNTy,Pusha T,64.1,29.184
2owjgBZQ70LoCNHIgW3gSk,Anand-Milind,33.4,9.536
49aaHxvAJ0tCh0F15OnwIl,Loreen,60.7,27.008
1g1yxsNVPhMUl9GrMjEb2o,Plain White T's,49.7,19.968
68YeXpLt3jB7JHQS5ZjMGo,Teto,66.9,30.976
1REvGGP2H7cFLGZgK2sStO,The Lantis,50,20.16
6WLvgbfYXQPO396oJEYCsi,Macklemore & Ryan Lewis,42.375,15.28
1FxPMQ9A0882eNDx3ZkD6B,La T y La M,67.5,31.36
77qukKzmdI5BeMBR7WGUrN,Aaron Smith,45.5,17.28
0QntOArZgiNHoemAzwJPu5,Gur Sidhu,72.7,34.688
4cgBCGxtlfap2g6jveB7du,Afgan,67.8,31.552
7qHsapL39aTQsPhixtzVvy,Ayushmann Khurrana,53,22.08
4kYGAK2zu9EAomwj3hXkXy,JP Cooper,55.8,23.872
7pFWMC2E7h8eL3SZyHRsRq,Idgitaf,65.9,30.336
1WQPuG7Fbf4bru7nhGr7pW,Hamza,66.9,30.976
2rwLjVHS15sfzciKXXNbgA,Yiyo Sarante,62.9,28.416
5zaXYwewAXedKNCff45U5l,Dusty Springfield,53.4,22.336
5x0R3zoC09GMiRJomoexLV,nimino,63.1,28.544
6Jrxnp0JgqmeUX1veU591p,Santigold,54.1,22.784
3wbCeEPAW6po7J46netxMT,Up Dharma Down,57.8,25.152
7gJN8W0589FisSYJS17K54,Filipe Ret,70.4,33.216
4pwXiI7Z5ZStkgKowZyoKi,Like Mike,50,20.16
01XS19DjUcPe5dfYEkXjsg,DJ ORBITAL,63.8,28.992
0vqJkZ0RpLZixt3lTmD8vP,Whethan,57.8,25.152
79omf4LgzaVAnXIRWPkJUq,Naykilla,61.3,27.392
5uD6uRKj2xYxpqx8bscaco,Nilo,61.6,27.584
2TcGJdSOiOvITBzhvfX8XB,Shouse,58.6,25.664
3l4fsEzoeabsET7ddv0lZW,Mc Delux,62.7,28.288
7ySZCEP4HFGckYYPK5rqFI,Melody,58.1,25.344
3oKRxpszQKUjjaHz388fVA,Parcels,68.6,32.064
3qmx2CGviBi21h58nDMJcs,Kiran Bajwa,37.9,12.416
6CtYzQvENTdGq5LPPsePdV,Vijay Antony,58.6,25.664
3TNt4aUIxgfy9aoaft5Jj2,Yeah Yeah Yeahs,59.9,26.496
0H39MdGGX6dbnnQPt6NQkZ,SAINt JHN,60.7,27.008
0dUyjgCyjfj5eMx6bX2TWf,FMK,58.4,25.536
4fKJ81BAFxuwAFUI3B1BXM,cjnobeat,60.6,26.944
34me8hAxavRmcDIwhxa3b7,Dent May,30.3,7.552
7uQ1D2NNHs5cUL3CLKRbia,LAGOS,60,26.56
4xlqU0G9EloUPHL1qlmWY6,Gopi Sundar,61.4,27.456
4463nfFMmK1cwAWBQDwT5e,Laura Branigan,52.7,21.888
1TbRSunWGZ46mqnapcWxrm,Salim Merchant,58.7,25.728
6VyttZwyEMGBl90oGdKCB8,MC Leozinho ZS,62.3,28.032
3yHLsTJ9OZ19qwY1Q5BEQJ,Binomio de Oro de América,66.7,30.848
2450WxbFxHjnttFAv31zGk,Bagua Records,56.3,24.192
4HzKw8XcD0piJmDrrPRCYk,Majid Jordan,58.7,25.728
0J7U24vlOOIeMpuaO6Q85A,LP,55.5,23.68
35S20clEkkSNUo23ViaslZ,Band Aid,46.33333333,17.81333333
6IDsZZ4IHgs9VblBgQQSmt,Andmesh,66.2,30.528
4etv0ut4ws0GbXBtolzf5e,Mukesh,47,18.24
0kPb52ySN2k9P6wEZPTUzm,Tiara Andini,66.7,30.848
6I8TDGeUmmLom8auKPzMdX,CA7RIEL & Paco Amoroso,67.7,31.488
7wgrXbrp9RJQMri26GZgyH,Uzielito Mix,62.5,28.16
5jG6uRqinuI83luutMpW6y,Gavin Adcock,68.1,31.744
27CTGmSgvs2cUMSErJ1Thc,Fresly Nikijuluw,54,22.72
7giUHu5pv6YTZgSkxxCcgh,Edward Sharpe & The Magnetic Zeros,46.3,17.792
0TwG8C39WJIfFlcPrhxHST,Yashraj,49.5,19.84
5tth2a3v0sWwV1C7bApBdX,Lil' Kim,52.1,21.504
5069JTmv5ZDyPeZaCCXiCg,wave to earth,68.5,32
5Z8nzSJRSo4HRcUOzemnC1,Juss,55.9,23.936
0awl5piYwO0CDTHEkCjUhn,Nico & Vinz,43.5,16
0u2FHSq3ln94y5Q57xazwf,Keith Urban,61.1,27.264
3JsMj0DEzyWc0VDlHuy9Bx,Supertramp,66.8,30.912
4BxCuXFJrSWGi1KHcVqaU4,Kodaline,60.6,26.944
4UW9Hdsrx9kX2HdJ90jRKM,Era7capone,70.5,33.28
2hgViyN0RqyQQpfjIb0g3W,Richa Sharma,55.1,23.424
1qUjOF5fzrpoNycD36b2jZ,Nate Ruess,38.6,12.864
2DmYtFBKcxb3ajwWWgA576,Emmanuel,63.4,28.736
2NCGI6dLTxLdI9XHdv7QfM,The Andrews Sisters,55.4,23.616
2yEwvVSSSUkcLeSTNyHKh8,TOOL,69.6,32.704
6GEykX11lQqp92UVOQQCC7,DJ Premier,55.4,23.616
1fUSLFr4WUBx7joEcGwpvG,Sorriso Maroto,68,31.68
5ixB75BQR3ADoWQkcHQJTs,Gene Autry,58.1,25.344
0dgJbQ0bKPyUXco8hEXN7X,Øneheart,68.7,32.128
25XJqeReVV38w0tR04GGBd,Mainstreet,64.1,29.184
5t28BP42x2axFnqOOMg3CM,Five Finger Death Punch,51,20.8
0wEvWMQRqaXcgnrZv6KtyL,Spice,53.3,22.272
6Wlvsn3IPHiZwAv02lB5eC,Ícaro e Gilmar,69.5,32.64
6zlR5ttMfMNmwf2lecU9Cc,Sam Fender,71.1,33.664
3nFB4eMP5gdqee2eQb8nZb,Conjunto Primavera,68.2,31.808
6k6TIai4KyKG1DeIMftSmJ,Siddharth - Garima,46.3,17.792
7lAaAGxYxk2GH8cMbTEwAL,NXGHT!,64,29.12
3ciRvbBIVz9fBoPbtSYq4x,Lil Jon & The East Side Boyz,57,24.64
2W6WP4pHQTFlbr2z9S4n54,Kordhell,57.1,24.704
2NhdGz9EDv2FeUw6udu2g1,The Wanted,53.5,22.4
5gKJbL392PiokTPUoL7N6D,Estrella Morente,39.4,13.376
2FPwX3Gh0w4Qr1v3zSTtcT,Papon,58.4,25.536
01nUdqwuIHCHLZNP2TvYVF,Boy Wonder CF,62,27.84
4STmXOXUF3UieHU46NWLVt,Poppy Baskcomb,62.8,28.352
14pVkFUHDL207LzLHtSA18,Pantera,69.2,32.448
6mEQK9m2krja6X1cfsAjfl,Ado,67.8,31.552
2xOLGU5UNLV3KQSFteF8ZW,Boladin 211,64.7,29.568
7bzt5lHL6bzLO3c9mkxNMW,Los Socios Del Ritmo,55.1,23.424
4aSlfXDn9R60UlbZEboBUy,YOVNGCHIMI,62.7,28.288
1oPRcJUkloHaRLYx0olBLJ,Magdalena Bay,60.5,26.88
1RMmK2dEtVEbhSV7qvSXJ1,Kalpana Patowary,44.3,16.512
4xPQFgDA5M2xa0ZGo5iIsv,¥$,67.6,31.424
5aIqB5nVVvmFsvSdExz408,Johann Sebastian Bach,57,24.64
1QfpRUtH14JLoY6F6AYmwt,The Rare Occasions,53,22.08
5TB837uKG65w8Jnz5D0bS5,Vidyasagar,48.3,19.072
2QOIawHpSlOwXDvSqQ9YJR,Antonio Vivaldi,59.5,26.24
7qPLO2XOUaRrRxkvLZ3AEK,Zeeba,55.5,23.68
4ClsVDy2g7RKSSlvq8cF6d,León Larregui,58,25.28
69DtJEq8LQ02KB06wynzuh,Ian Cordova,63.7,28.928
7pwufEBGfggjoI8twqlsmQ,Nessa Barrett,64.3,29.312
0Or6EukLg1g2fTl08fPz2o,Bunny,58.3,25.472
2Atk4SWx7daQtItQBa735M,Yeri Mua,61.5,27.52
2O3v9rCTzLhPFaGaAVgZLt,Río Roma,58.8,25.792
0Il5vC8lqunSFNav4mMLxU,Natanzinho Lima,69.1,32.384
51jfCC7m2rTGPDz06E2nvS,Vinayak Sasikumar,56.4,24.256
6p2442ymrT9lZEuCZJdYcH,Ivy Queen,60.1,26.624
1Yox196W7bzVNZI7RBaPnf,Megadeth,65.3,29.952
6IKlXZEFOvk9itrP1s0knJ,The Red Clay Strays,70.8,33.472
6TcnmlCSxihzWOQJ8k0rNS,Third Eye Blind,63.3,28.672
14hsjenLEdvafsGkk2CEiF,MC Fabinho da Osk,57.4,24.896
3NR7hAacOhmcztWvD7vJfS,Sickick,59.8,26.432
2kHxkdiKCSnHMkhIgFBZaI,Kristen Bell,55,23.36
6DIS6PRrLS3wbnZsf7vYic,WALK THE MOON,55.5,23.68
25UNJbwGZSQKvz5cPLWlv3,Los Dos Carnales,66.4,30.656
2tY2GFdhH0Wa2VBvsxew5X,Alex Ubago,64.1,29.184
6V3F8MZrOKdT9fU686ybE9,Mark Morrison,51.5,21.12
3DHOtJqv0Bw65ENlK4FiSF,Yovie & Nuno,68.3,31.872
3SgHzT552wy2W8pNLaLk24,Hillsong Worship,59.9,26.496
0JDkhL4rjiPNEp92jAgJnS,Roy Orbison,60.5,26.88
5ILrArfIV0tMURcHJN8Q07,Vanessa Carlton,46.5,17.92
1hJuGCUpefX24GFmss9bjH,Amy Macdonald,54.1,22.784
55vs7NT1KxcFjbMC4y202E,REO Speedwagon,59.7,26.368
7C64wNX3howEFZjAYRKsfP,The Cataracs,38.7,12.928
3zhijRRIZX2B6G2T7vJl9p,Mijares,63.3,28.672
7Ln5yumFjHCkeZ8bAzHUcp,Yovie Widianto,66.7,30.848
2DYDFBqoaBP2i9XrTGpOgF,Naeleck,64.6,29.504
1R6Hx1tJ2VOUyodEpC12xM,Jim Croce,63.9,29.056
0AkpPlFLnr0VQwZQeMGht0,Modjo,53.6,22.464
2pQAUIesBqfT87PaM1ijtk,Trap Capos,67.1,31.104
5isfxZ3RSdBlSLn3cSFhnI,Meet Bros Anjjan,55.3,23.552
1jPeDHvfU5Knw8VyOP6TZN,Dj Chetas,57.9,25.216
0TKFPt9w0AAEnhB9bd0pLy,LUM!X,59.9,26.496
3HiuzBlSW7pGDXlSFMhO2g,Young Dolph,65.2,29.888
4PY2xnTu90K0hvkgcljRJl,Deepthi Suresh,48.7,19.328
1cfG7UM0OD4O1II1nd15Qo,Ash King,61.4,27.456
2Iw3yPRqjz5Xh4veKj7oqi,Suisei,44.7,16.768
1ebt9HnXdyYA6KgLXr1n4P,CORTIS,75.83333333,36.69333333
4cM6xcafBAbS9bOa8kAjRj,ICEDMANE,67.8,31.552
3bhu7P5PfngueRHiB9hjcx,Elle King,56.7,24.448
6UE7nl9mha6s8z0wFQFIZ2,Robyn,53.4,22.336
1cYhx7ZOhYoVmnDPb9KMwo,Mc Davi,64.8,29.632
2CpLIMBoE2ZzyY3ZBCRZ7j,BUNT.,68.7,32.128
5KEG7G8LDYlHgFDqZyEEs2,Chris Rea,58.3,25.472
1tKrZaph4cLsnEdqC5BNEQ,Clayton & Romário,65.5,30.08
536BYVgOnRky0xjsPT96zl,Two Door Cinema Club,59.2,26.048
5W5bDNCqJ1jbCgTxDD0Cb3,Willie Nelson,58.5,25.6
1AhjOkOLkbHUfcHDSErXQs,88rising,61.6,27.584
4EEZg8R3dxbTCCQ1DVWtHg,Bobby Pulido,57.1,24.704
39VceBo0jXir85LCeAmAIs,Kamisa 10,62.2,27.968
5InVWl8IZB8zFAoNa5roKm,Kako,62.3,28.032
459INk8vcC0ebEef82WjIK,Erik Satie,56.7,24.448
0JRPF8WIKUtSO2IUYfrcuh,Kaique e Felipe,58.6,25.664
7gZu6kPnY9enEi5FvgTO4F,Felipe e Rodrigo,68.2,31.808
04QHNiih9ZesPvals6II1h,MC Marks,63.8,28.992
1LbQ66B9mZIHGhjRu9fvKo,Tazzy,51.7,21.248
5PN2aHIvLEM98XIorsPMhE,Kim Carnes,40.6,14.144
0v7JYEoQOQbzNNESKwxmzT,Banda Tierra Sagrada,51.6,21.184
4Q6nIcaBED8qUel8bBx6Cr,Jax Jones,64.4,29.376
5wQDQFm7Ku8WWGi5xqJ9lp,Jyotica Tangri,55.5,23.68
7t0BSQtRRdLyO3VseiGBBy,DJ Zigão,62.1,27.904
1l2ekx5skC4gJH8djERwh1,Don Diablo,59.3,26.112
6FTLayBxjkQeanFdUusk1I,Fabio Asher,66.5,30.72
0dlOr0VIysztGWvU1dpjmP,Natalie Imbruglia,45.9,17.536
28uJnu5EsrGml2tBd7y8ts,Vintage Culture,63.1,28.544
5ypxebeHEIXjMtJb17uJlI,Jet,53.6,22.464
6wa1AsxB9oJP7lwNSmbcYx,Daler Mehndi,55.1,23.424
78nr1pVnDR7qZH6QbVMYZf,Baco Exu do Blues,64.8,29.632
7vCsTTACb2iT4fvBMnwp5w,Prashant Pandey,39.3,13.312
0vLuOi2k62sHujIfplInlK,Hungria,61.3,27.392
3pc0bOVB5whxmD50W79wwO,keshi,70.8,33.472
7DkseLyOZrdRjCuoWFtqFi,Edicion Especial,69.8,32.832
2wC90WSKQd0BvdxJZ0mObr,El Komander,65.4,30.016
0GByy3DcfbQwDvXGCWmzv9,Pretenders,53.6,22.464
4L0JycQCCwKksT3G5SVApu,Shweta Pandit,54.7,23.168
4s6Xg38sbqh4xpf4OqhVUK,iZaak,62.7,28.288
7G1GBhoKtEPnP86X2PvEYO,Nina Simone,65.2,29.888
7LVC96BEVGugTAp38AajV6,Lithe,66.3,30.592
1GMwSpFzrLd12jUX15bHB6,BLOK3,75.5,36.48
4fwuXg6XQHfdlOdmw36OHa,Paloma Faith,55.2,23.488
0PykiHCcDsMPRV7s67qZ1B,Tippu,57.8,25.152
4N8BwYTEC6XqykGvXXlmfv,George Benson,63.1,28.544
6twIAGnYuIT1pncMAsXnEm,Commodores,59.4,26.176
7Khu2sHjq6VFAfiRLql5tt,Hyder Dar,51.5,21.12
33W1pnW9zScZtYTnAoWnOT,Mr. Probz,57.6,25.024
7uDdl5V5AETSFY7K3muu22,Arthur Nery,71.9,34.176
5dbaLmK5SHLLg8Z4CcTJpX,Greeicy,66.4,30.656
7iETGaxJ4crz3qaljDPCKC,Brooke Ligertwood,62.6,28.224
0bg3fNpRQgZTCAg3Bseyly,Mc Th,60.9,27.136
0oAZhL6hFrM3YRr6QzjlOf,MJ Records,68.6,32.064
183DgO92lAqgpVVNKI7ZKF,Raj Ranjodh,67.6,31.424
5AboYJAlMb9FGadTTDKRoN,Ebru Gündeş,66.3,30.592
06e0gXtUpvgPUZFrR2ywsg,DJ Dozabri,63.8,28.992
5veVxxPm1vzgi6pO2iVA8L,Bruno Martini,55,23.36
59r5UU2HOytn9V5uMZ5Vur,Daniel Hope,52.8,21.952
1T7MiVJ2MJlR5GKi11w4VT,Pawan Singh,62.5,28.16
3dkbV4qihUeMsqN4vBGg93,Al Green,62.1,27.904
7crPfGd2k81ekOoSqQKWWz,Stevie Nicks,62.2,27.968
1gRNBaI4yn6wCCTvRhGWh8,Don McLean,54.6,23.104
5QdyldG4Fl4TPiOIeMNpBZ,Big Thief,64.7,29.568
4DAcJXcjX0zlQAZAPAx4Zb,Ben&Ben,68.2,31.808
7gXb99Sf9nNmpNYeAgIQFG,Sub Urban,59.6,26.304
4StjyzjcmZ7a9QncHVf0pu,Simge,64.2,29.248
0QaSiI5TLA4N7mcsdxShDO,Sub Focus,58.8,25.792
1aXtuiimQwgW8Xqztgp4Kf,Deva,44,16.32
3klZnJvYGIbWritVwQD434,Duncan Laurence,48.2,19.008
3QJzdZJYIAcoET1GcfpNGi,Damian Marley,62.9,28.416
6bGOmNBU1AOgttgOjh0ldf,Ati242,72.7,34.688
61lyPtntblHJvA7FMMhi7E,Duke Dumont,60.9,27.136
6z3KmBBSYseegqLrRZXZxe,Thamarai,66.4,30.656
1JvbNeV9zG9Sew1JyaWsyx,Anggi Marito,32.5,8.96
1RklNDIiYVZ3dYdEUnB0cS,ANDROMEDA,63.6,28.864
2Tglaf8nvDzwSQnpSrjLHP,Cuco,65.2,29.888
1MzXJ8AaHdidMAnjgcahS4,Delacruz,64.4,29.376
7HV2RI2qNug4EcQqLbCAKS,Keala Settle,55.7,23.808
4nWyeZK6CbH0eAQ5tRWf9o,DJ Biel Divulga,60.1,26.624
4mxWe1mtYIYfP040G38yvS,Alan Jackson,65.7,30.208
5DHi2MeoRgAwPE0A0qwRMl,Gurinder Gill,64.5,29.44
47SaOSOqcrxSJNZUuqpLuu,Jay Trak,53.3,22.272
6MPCFvOQv5cIGfw3jODMF0,Internet Money,62,27.84
20nJFshDG1OYH7Qp9K0TXf,Victor Valverde,62.8,28.352
6X28gNASnalAWseUA8uI4X,Adrian Khalif,59.1,25.984
3LgpEnxGl51dSvzKJTNPNR,Chesylino,43,15.68
3vUMXQ9kPnZAQkMkZZ7Hfh,Tiakola,67.6,31.424
13y29W8mEcA2gKqUr1SPLJ,Rony Parulian,68,31.68
66PGnr0hE7ZIcWir6IwitB,Sooraj Santhosh,60,26.56
1plObTufEAfeL1hk8Qz24v,Sanjith Hegde,60.5,26.88
6wlhqnATSJIc0NQ64VxOVJ,Matt Hansen,68.9,32.256
5JYo7gm2dkyLLlWHjxS7Dy,Sandro Cavazza,59.2,26.048
592JnViQ2tot63c1SbtgK2,MC Paulin da Capital,60,26.56
5Wg6XnPTp0xXxFCjywwR9I,Eddie Santiago,64.9,29.696
1QsdzIKkTT5gDFj8GB1cIX,Yseult,54.2,22.848
0cwmNvclzPd8mQnoHuIksj,Vengaboys,60.1,26.624
0nFdWpwl7h6fp3ADRyG14L,Marina Sena,65.4,30.016
5Xpg6PBSUOoho2lI9qLjiu,S. Janaki,54.3,22.912
2iEvnFsWxR0Syqu2JNopAd,Smash Mouth,53.6,22.464
0Cs47vvRsPgEfliBU9KDiB,D.O.D,64.6,29.504
053q0ukIDRgzwTr4vNSwab,Grimes,61.1,27.264
5yG7ZAZafVaAlMTeBybKAL,Iggy Azalea,56.9,24.576
7zfceKY7I04Tc0J2o7043h,Mansheel Gujral,42.1,15.104
4GISoVSxo2LkF5EyorXs9W,Ramajogayya Sastry,56.1,24.064
1pi7nGhOM7PTHR5YEgXVGq,Villano Antillano,51.4,21.056
0nMjhemqRwrboQGcs92fh2,Kapil Kapilan,57.7,25.088
1XEVu7gdRFfzEFqsPrancH,rusowsky,67.3,31.232
2wYOpkTJZGByNEOjEnSmoW,Revol,55,23.36
3ScY9CQxNLQei8Umvpx5g6,Fat Joe,58,25.28
4NEYQeEYBUjfaXgDQGvFvu,Franco De Vita,63.9,29.056
4yX6mpMyBGf9UfvBB8JJrc,HAYLA,63.8,28.992
6SdlxyPsQ3B0yYncFmDULP,reidenshi,61.4,27.456
6QrQ7OrISRYIfS5mtacaw2,Jaymes Young,60.1,26.624
6bDWAcdtVR3WHz2xtiIPUi,Fujii Kaze,65.6,30.144
0VKh7CQDi9MkUvaBMoK1V0,Bronco,62.1,27.904
5UjifI1TYefXWn9GdqDOHl,Social House,39.5,13.44
4IEP61D1hdCPQVzAYzP9VC,Luis Mexia,55.4,23.616
7qJXYbBDibZ1Zixi89aUnw,Sílvia Pérez Cruz,46.3,17.792
49EE6lVLgU8sp7dFgPshgM,La Adictiva,59.4,26.176
1r43wW70tnGUauQYvY5w48,BENNETT,63.8,28.992
38wxcfNEqMwuPniHvplin5,Neoni,60.9,27.136
7rVV9d6vc4FLT752uRuk71,Arivu,62.4,28.096
5Z1CCuBsyhEHngq3U5IraY,Westlife,66.7,30.848
4auibajZua9Ld8sPMOmPYc,Harshit Saxena,42.4,15.296
3UUJfRbrA2nTbcg4i0MOwu,Original Broadway Cast of Hamilton,73.2,35.008
5eJi7nckPalxu8R7AAyfuO,MC Willian,57.3,24.832
080kPbQFzomkrfHW8U4XkZ,rainy bear,31.33333333,8.213333333
7gOZcXPfLtLbFgUyHGV7cZ,Shipra Goyal,46.2,17.728
6SWmwFBXIsxhIx5XPkYo0a,Josh Brar,48.11111111,18.95111111
5xSx2FM8mQnrfgM1QsHniB,Danna Paola,57.2,24.768
2Asr5Otk5aKK272pK4ocG2,Jeanette,57.5,24.96
47uyFQHOD02S0lj9ptRpoB,Felipe Araújo,62.7,28.288
0ciLF0bOuu2BhqzCEZgHoB,Pixote,60.6,26.944
27rK4pP0VMqWiRe7pamKe5,Abhay Jodhpurkar,51.8,21.312
5zVu34ozw0BzXIcNHqkO0u,Liana Flores,56.9,24.576
1cKyknhftNKXCjMBd2hDrG,DYSTINCT,66,30.4
01rgao9OzfBm2BOHWJpi1Y,Espinoza Paz,65.7,30.208
4E0HD2PMY8kQJIjlShrLUS,PAWSA,62.2,27.968
1mvpEXClANunyiHFtAXCxt,MC Rick,61.3,27.392
3YbOSxo85kla7RID8ugnW3,Los Temerarios,73.6,35.264
1Qp56T7n950O3EGMsSl81D,Ghost,64.9,29.696
3oh5PUaDZkd57Yp1jsA6gp,Ecko Show,52.8,21.952
5sK8BsvyDl4TFA6KaBf8or,Charly Black,56.4,24.256
5zzrJD2jXrE9dZ1AklRFcL,KT Tunstall,48.3,19.072
2XHTklRsNMOOQT56Zm3WS4,Parokya Ni Edgar,66.5,30.72
5B6H1Dq77AV1LZWrbNsuH5,Jarabe De Palo,62.5,28.16
10VBp06W8NIgMW4JruLCC4,Kidd Voodoo,68.7,32.128
6fWVd57NKTalqvmjRd2t8Z,24kGoldn,56.1,24.064
5szJHKg5xeUlQ9pTqzdpic,Taiu,38.8,12.992
67PBOFpTBFaNkhz5IouBwi,MC Xangai,60.4,26.816
7r8RF1tN2A4CiGEplkp1oP,Ginuwine,61.6,27.584
39QiJaZ1HzRcpY9xlMKCsF,TrapLaudo,62.3,28.032
6twEaJ9RPRYiCmWapjG8xh,Tony Aguirre,60.7,27.008
4xXCRXOfQKQ2gjWxNhNzYW,Air Supply,68.8,32.192
3HJq88k0us5XSJ4tD3J8RG,Jorsshh,67.7,31.488
2CvCyf1gEVhI0mX6aFXmVI,Paul Simon,63.8,28.992
1oSPZhvZMIrWW5I41kPkkY,Jimin,71,33.6
2dd5mrQZvg6SmahdgVKDzh,PSY,58.6,25.664
6BrvowZBreEkXzJQMpL174,Hardwell,56.9,24.576
5GYaRwCWwhU6SIQrQ5G3b7,Hypaton,62.3,28.032
3HrbmsYpKjWH1lzhad7alj,Los Auténticos Decadentes,54.1,22.784
2AQjGvtT0pFYfxR3neFcvz,Jordin Sparks,55.5,23.68
1pTuR132U5b4Rizal2Pr7m,Randy Travis,64.5,29.44
6TPJK8tv3AKKSsw0lENTQk,Nagalli,65.5,30.08
6QtGlUje9TIkLrgPZrESuk,Steve Miller Band,63.1,28.544
17EAWIoXAMU9Vo9xRrdZQ0,AKDO,71.9,34.176
7gfkYbxpguEc9bm6m8TpAr,Chitãozinho & Xororó,51.8,21.312
5c4wQaXkNDqSOTjqX4ExAu,Jenni Rivera,67,31.04
6S3KljEiIOWoLMUyZrkQUc,Marnik,57.6,25.024
3K9qRRRqtuxgBRLxRCxpDl,Srinivas,50.3,20.352
37mqXU98U5GmH5ZDtlHM1c,Matheus Fernandes,56,24
6waa8mKu91GjzD4NlONlNJ,The Hollies,54,22.72
4DYFVNKZ1uixa6SQTvzQwJ,Ken-Y,53.7,22.528
7ITMCzIU9uII8gwRg8JAhc,Odetari,70.6,33.344
4yBK75WVCQXej1p04GWqxH,Jeezy,63.1,28.544
3SENePgknpJt3DvLK2JAfZ,KHAOS,62.4,28.096
1U5zgr455OGyIkLNXvDdrf,Traditional,32.8,9.152
0nh5cRtt03SU6LhzhVC5fv,Sublahshini,59.4,26.176
79NDEw5QWlDC9KaIbogNhS,PlaqueBoyMax,62.4,28.096
07WSqyexqFJM0ZeQVPqJJg,Mateo on the Beatz,67.4,31.296
5oYHL2SijkMY52gKIhYJNb,Elefante,67.8,31.552
3VASiWHuSkZzujob6UXob6,LAVINIA,64.9,29.696
7BcFJxi62f6cbPyxdTZGll,G-SPXRK,63.5,28.8
6i6WlGzQtXtz7GcC5H5st5,10cc,53.9,22.656
4EzkuveR9pLvDVFNx6foYD,James Bay,58.9,25.856
327ipGIr9bD3MkLb2eucqC,Suara Kayu,41.9,14.976
3EOEK57CV77D4ovYVcmiyt,Dennis Lloyd,56.8,24.512
6mdiAmATAx73kdxrNrnlao,Iron Maiden,54.3,22.912
3prRKGJz16RRMRSIM97nHw,Supernova Ent,71,33.6
1KP6TWI40m7p3QBTU6u2xo,BØRNS,62.3,28.032
6BV37tKh6pY97mnNdTCzly,El Malilla,67.7,31.488
6liAMWkVf5LH7YR9yfFy1Y,Portishead,63.3,28.672
7o9Nl7K1Al6NNAHX6jn6iG,Travie McCoy,41.1,14.464
1J2VVASYAamtQ3Bt8wGgA6,Ja Rule,63.4,28.736
5BtHciL0e0zOP7prIHn3pP,Breaking Benjamin,68.5,32
6B1hSmaLdOvChinK2Z7gfi,Maisak,61.1,27.264
5dbuFbrHa1SJlQhQX9OUJ2,Don Henley,59.9,26.496
552jNI1kUtB1FPRZFliQxc,Loonie,56.1,24.064
70ZTdbPEcEugBNay4MvxfL,Bread,64.4,29.376
1EXjXQpDx2pROygh8zvHs4,Melendi,66.9,30.976
7HO5fOXE4gh3lzZn64tX2E,Mariah the Scientist,69.8,32.832
6WixbETKEXH0xBf0OB9kRB,Shadab Faridi,54.6,23.104
31VFEohvhOUKrtAONEBhMG,Kenia Os,62.4,28.096
4we5S2VLjgY9KzIzApL1KI,Ryan Tedder,51.7,21.248
6s22t5Y3prQHyaHWUN1R1C,AJR,66.3,30.592
2mVVjNmdjXZZDvhgQWiakk,Khruangbin,66.9,30.976
2wIVse2owClT7go1WT98tk,Missy Elliott,63,28.48
3CJKkU0XuElRT1z8rEtIYg,Luciano,60.7,27.008
6QMABvTzixnxzsLYyhqRxI,Majestic,51.9,21.376
4NZvixzsSefsNiIqXn0NDe,Maggie Rogers,63.2,28.608
1xT5p0VBpnZDrvVSjX9sri,Dash Berlin,51.9,21.376
2iK1rsbYstkSVn57M4s8ut,Gaab,61.3,27.392
6yJCxee7QumYr820xdIsjo,Zac Brown Band,69.6,32.704
1eClJfHLoDI4rZe5HxzBFv,INXS,55.4,23.616
3FvwVFWRyvxmLyVBO9nBmM,COLORS,62.8,28.352
6t1gpxYbY8OlLA7D2RiikQ,Loud Luxury,62.1,27.904
70BYFdaZbEKbeauJ670ysI,Shinedown,67.6,31.424
0gxyHStUsqpMadRV0Di1Qt,Rick Astley,57.4,24.896
1aX2dmV8XoHYCOQRxjPESG,The Human League,52.9,22.016
6kz53iCdBSqhQCZ21CoLcc,Culture Club,54.7,23.168
5NHm4TU5Twz7owibYxJfFU,King,61.2,27.328
0H1InhXaXQPL1aj0mvHemU,Gianluca Grignani,41.5,14.72
7AaGbSgUxJFuZ49VvclNH6,Damiano David,68.8,32.192
4utLUGcTvOJFr6aqIJtYWV,Skylar Grey,57.4,24.896
6AUl0ykLLpvTktob97x9hO,Tee Grizzley,61.2,27.328
5PYToRCsrnvikZg3yl2JMr,Stephanie Beatriz,70.2,33.088
0oK5D6uPhGu4Jk2dbZfodU,Thee Sacred Souls,68.6,32.064
1AwO9pWEBSBoWdEZu28XDC,Eartha Kitt,49.4,19.776
2A3i7OnSUdZB3FXX5Qv3Wp,DJ Dael,59.9,26.496
1pf0MPKfKdvS8J779mS1Ay,Miky Woodz,61.8,27.712
2XnBwblw31dfGnspMIwgWz,Axwell /\ Ingrosso,58.5,25.6
0GgY7hjMoGDsX8ZDe2mwds,Soolking,62.5,28.16
4k9wp4ipHdA1bu1T4x1ZTG,IV OF SPADES,63.6,28.864
01QTIT5P1pFP3QnnFSdsJf,Lupe Fiasco,60.7,27.008
6qgnBH6iDM91ipVXv28OMu,KAYTRANADA,67.1,31.104
7K3zpFXBvPcvzhj7zlGJdO,Crystal Castles,67.6,31.424
4NUePmzDvCYqilXBFa91Hg,Dilsinho,63.9,29.056
3gBZUcNeVumkeeJ19CY2sX,Ken Carson,70.9,33.536
29WzbAQtDnBJF09es0uddn,Corinne Bailey Rae,55.6,23.744
0e86yPdC41PGRkLp2Q1Bph,Mother Mother,68.9,32.256
19VDJ9IKyBSUMDJxLsasP6,Mr. Belt & Wezol,58.4,25.536
3HyrDGPLI0c9Rd8luuO0zw,Maelo Ruiz,65.6,30.144
0M2CO5ijP35MDhNwvpgxTV,sped up nightcore,57.2,24.768
4frXpPxQQZwbCu3eTGnZEw,Thundercat,64.7,29.568
488v7rQzthLNK22r0UvMie,La Bouche,56.4,24.256
5xtqw2B8z8JGfDYi2eAZHI,Sonique,55.8,23.872
6ynopZPMBXcIGBI9M02Un5,Haftbefehl,56.8,24.512
3gKTtA1BK4pq1IIHXAyvgO,UNPLG'd,43.9,16.256
3Q80PCEUBCiRhLSWdQApNt,Jakes Bejoy,59.3,26.112
5B8ApeENp4bE4EE3LI8jK2,Yuridia,65.8,30.272
0m5FakHKCQdA7UN0PIzMcL,Current Joys,67.4,31.296
3Ri4H12KFyu98LMjSoij5V,Bad Omens,73.7,35.328
3scNK8e4mqnP6Rb8a3lwZY,Maanu,54,22.72
6XFc29m1ptfUNmaa1UTuBT,MC Joãozinho VT,64.9,29.696
59wfkuBoNyhDMQGCljbUbA,Diddy,54,22.72
3KedxarmBCyFBevnqQHy3P,Jessie Reyez,62.8,28.352
2vnB6tuQMaQpORiRdvXF9H,Beach Bunny,55.2,23.488
3RwQ26hR2tJtA8F9p2n7jG,The Temptations,60.8,27.072
3OsRAKCvk37zwYcnzRf5XF,Moby,50,20.16
5luyt0SUvGkDMY4ILP6Qhl,Descemer Bueno,51.5,21.12
3zmfs9cQwzJl575W1ZYXeT,Men I Trust,65.6,30.144
7EiUTtmmkwGtbgR6gZaZzW,Kaushik-Guddu,41,14.4
4lDBihdpMlOalxy1jkUbPl,Grey,52.5,21.76
5mnS9jJdKQQcRSqFu5YPVe,Auli'i Cravalho,61.9,27.776
3gZ3IpjebAehFzIYhFIJDK,Chandra Bose,60.8,27.072
4dLvccxeQIM5u80Ri0u9OV,Frankie Ruiz,65,29.76
3Y3xIwWyq5wnNHPp5gPjOW,Kenny Loggins,57.3,24.832
2yyaNPcdxZcn4iutCcLMaC,Orso,55,23.36
6RF8hEdlUKoLPQOHmBbHiM,Yasser Desai,62.9,28.416
2h5Ha0ZiMFmOQD3iYcSXsy,KayBlack,69.2,32.448
695W5F2Ih8dYahLdjVOIoH,Christopher Cross,57,24.64
3ONSkkEnOSZVNogu98dvTY,Shaun Ryder,19.1,0.384
4kLvhMAuCloLxoP1aVM7Lr,Michael Giacchino,59.2,26.048
5sm0jQ1mq0dusiLtDJ2b4R,Eric Prydz,59.6,26.304
6xeFne1rkxMhKSW3ipvkdV,Toploader,29.1,6.784
0uHvlWnhRpaomF4e9IZHLy,Doğu Swag,55.7,23.808
698hF4vcwHwPy8ltmXermq,Far East Movement,48.4,19.136
6uothxMWeLWIhsGeF7cyo4,Enya,65.8,30.272
55Wn8tf8dBvfl1HRsD7Kze,Continental,64.1,29.184
4QVBYiagIaa6ZGSPMbybpy,Pedro Capó,57.7,25.088
46zuW8tHxwahYn7VNMgYTa,Yalın,67.3,31.232
0RqtSIYZmd4fiBKVFqyIqD,Thirty Seconds To Mars,64,29.12
3Ngh2zDBRPEriyxQDAMKd1,Matchbox Twenty,65.7,30.208
6tzRZ39aZlNqlUzQlkuhDV,Pabllo Vittar,53.2,22.208
5yPzzu25VzEk8qrGTLIrE1,Young Nudy,64.6,29.504
6tw6EpC9RgmSRZiZg0n22t,Legião Urbana,65.3,29.952
2wnVvfvSkFJbtOinte4sC3,Jøtta,57.5,24.96
2FRfJyV85zb19tO6uiXBGl,sped up + slowed,61,27.2
4gwpcMTbLWtBUlOijbVpuu,Capital Cities,52,21.44
5rjz63sgMaAUAyBMyCUK5D,Avery Anna,63.4,28.736
5IcR3N7QB1j6KBL8eImZ8m,ScHoolboy Q,64.9,29.696
5szilpXHcwOqnyKLqGco5j,Faye Webster,71.1,33.664
4vjGlQWexbru6aOUCLTVir,Kiki Dee,34.9,10.496
6ASri4ePR7RlsvIQgWPJpS,iann dior,61.7,27.648
0qTZZWLzuD59Un5r1speHm,Chris Jedi,63.1,28.544
6Ifk2cbxyVzT41jLexYCas,Budi Doremi,61.8,27.712
4Ws2otunReOa6BbwxxpCt6,Benny Benassi,55.1,23.424
06Q5VlSAku57lFzyME3HrM,Ke Personajes,69.2,32.448
4aKWmkWAKviFlyvHYPTNQY,Adrianne Lenker,70.4,33.216
6pRi6EIPXz4QJEOEsBaA0m,Chris Tomlin,63.9,29.056
7hr9W3IjXcm3UlLY7guLk5,Henry Moodie,59.5,26.24
7i9j813KFoSBMldGqlh2Z1,Riton,53.1,22.144
23TFHmajVfBtlRx5MXqgoz,Sfera Ebbasta,67.5,31.36
5kFKWKOi67GISDFKogGbRP,Mc Luizinho,65.1,29.824
60df5JBRRPcnSpsIMxxwQm,Otis Redding,64.7,29.568
0YinUQ50QDB7ZxSCLyQ40k,Mustard,63.6,28.864
27vNK840zYq6IfDijHPsv1,Gilberto Santa Rosa,60.4,26.816
5RwfJb8wxN1fuodcPORVxP,José Luis Perales,64.1,29.184
0grdhNhiRLFBaFVyybqsj6,Richard Marx,59.9,26.496
1oSgjdbgLYULVmEBojPRw8,Fernando & Sorocaba,62.5,28.16
7rXMvXRnWHaSwnVvPeUUfw,Gloria Groove,61.7,27.648
3YcBF2ttyueytpXtEzn1Za,Incubus,65.7,30.208
3UpmjPgIFSGqnxXuiwD014,Javed Akhtar,51.2,20.928
78iJ2FMbYAFY3djO4PbWZi,La Mano 1.9,66.6,30.784
0MlOPi3zIDMVrfA9R04Fe3,American Authors,53.2,22.208
3LvwPiJQJ0da0GurKMToV0,Baby Gang,67.5,31.36
0X380XXQSNBYuleKzav5UO,Nine Inch Nails,64.2,29.248
1A5QJAC1vdhbhPE25Q0x0f,O Rappa,66.2,30.528
5sifufajls8Q6k04Y4F8mH,Sameer Anjaan,44.7,16.768
4AcHt3JxKy59IX7JNNlZn4,Fitz and The Tantrums,57.3,24.832
1b8S7EPzdckRyIh0uSbOMI,DJ Oreia,66.3,30.592
5wCmhq5J2hPwL2r0eKurxn,cassö,54.3,22.912
2UFqwY8A3PLcx8pAkg9g5P,Diego Verdaguer,64.1,29.184
240wlM8vDrf6S4zCyzGj2W,CamelPhat,58.8,25.792
17lzZA2AlOHwCwFALHttmp,2 Chainz,59.6,26.304
1b7AEdUSudOQoZF5ebUxCL,HUMBE,69.9,32.896
4yxICw7joYAxRI2sTRldLB,Rajat Nagpal,60.8,27.072
7qmpXeNz2ojlMl2EEfkeLs,Nicky Youre,51.9,21.376
4b0WsB47XCa9F83BmwQ7WX,The Righteous Brothers,48,18.88
3CQIn7N5CuRDP8wEI7FiDA,Run–D.M.C.,53,22.08
31aMmlq8isIAgojvmIwiS4,Noah,65.2,29.888
70nxnxEqDQIEWneRjg2Q4O,Adolescent's Orquesta,68.3,31.872
0LKAV3zJ8a8AIGnyc5OvfB,SDM,69.5,32.64
5sy77gt4bfsLcSQ8GIe4ZZ,Alan Menken,45,16.96
4FGPzWzgjURDNT7JQ8pYgH,Zach Top,70.3,33.152
29CQLw9uLWsl8Qkz9holfr,Racionais MC's,69.3,32.512
6B5c4sch27tWHAGdarpPaW,Seether,68.7,32.128
2IUl3m1H1EQ7QfNbNWvgru,Vaundy,53.6,22.464
4GJ6xDCF5jaUqD6avOuQT6,FIFTY FIFTY,59.7,26.368
3cQA9WH8liZfeja1DxcDYE,Armand Van Helden,60.2,26.688
7cIqiNrqyr9yAGv7e1WJ8F,DJ VYZ,67.6,31.424
1eQsrFTW5NHQs1X7B0mImu,Simran Choudhary,45.6,17.344
3rfM2cGqF6DB0kUyytMkXx,Orochi,70.6,33.344
20rKUmFZsfv9GBXiv6R9d6,CamrinWatsin,52.8,21.952
63nv0hWWDob56Rk8GlNpN8,The Greatest Showman Ensemble,51.6,21.184
6U574RAq08wVaurzSaqEY3,Lewis Somes,64.5,29.44
0EESJaBQY5fiBeQOGvDi3T,Vishnu Edavan,55.1,23.424
2rN8LHqK4TBI7y3d9POvJb,Dhanda Nyoliwala,71.5,33.92
5nP8x4uEFjAAmDzwOEc9b8,Matuê,72.2,34.368
09U6hmCerKcIJrixubiBjm,Pineapple StormTv,66.7,30.848
4VVEpEhC8NcR7AqNEds42U,Chimbala,62.5,28.16
2fsk4VlJdNF6G8cCMDrrzB,Norma Jean Martine,59.4,26.176
7wOZy3KdFVVINgNFFxkxwO,Jerry Rivera,61.2,27.328
4P0dddbxPil35MNN9G2MEX,Cypress Hill,61.3,27.392
0TvvDswOgvPbgSPK2RDf62,wifiskeleton,65,29.76
6O2zJ0tId7g07yzHtX0yap,Mobb Deep,63.5,28.8
2ZRQcIgzPCVaT9XKhXZIzh,Gryffin,61.8,27.712
0GgyFUpOyzWDRDqx8FCTDN,Baby Rasta,56.3,24.192
2j9QVMZlqIj4Cb9UISBrXK,Clinton Cerejo,45.6,17.344
5KmFbbptaZhEtmMibvibUE,Jind Universe,51.77777778,21.29777778
7gIeuq2qBfYhO1budb6TSQ,DG e Batidão Stronda,61.3,27.392
0w1sbtZVQoK6GzV4A4OkCv,Mau P,65.4,30.016
0h1zs4CTlU9D2QtgPxptUD,Ricardo Arjona,69.1,32.384
5t5FqBwTcgKTaWmfEbwQY9,ENHYPEN,75.6,36.544
4hKkEHkaqCsyxNxXEsszVH,John Travolta,57.4,24.896
1MVnyuEGQxpIwxOtlThiaL,CXSPER,51.1,20.864
7mnBLXK823vNxN3UWB7Gfz,The Black Keys,63.8,28.992
69BUYvpG9MbjCyIZfsFdhJ,Reyli Barba,59.2,26.048
4LFOoXhMhnq9U8VsZkSwxl,Edwin Luna y La Trakalosa de Monterrey,62.8,28.352
6w7j5wQ5AI5OQYlcM15s2L,Extreme,49.4,19.776
1Tie3AZgLQZqYEp8Fv4zOZ,Koe Wetzel,67,31.04
2Ci1Tt7bCEU3OTByr1nc0y,Kew,57.2,24.768
3IW7ScrzXmPvZhB27hmfgy,Jul,70.6,33.344
3PgeUFj9oHU4K4RGaITz2f,Paresh Kamath,50.5,20.48
2hl0xAkS2AIRAu23TVMBG1,Kansas,52.5,21.76
1WQBwwssN6r8DSjUlkyUGW,MC Cabelinho,66,30.4
20gsENnposVs2I4rQ5kvrf,Sam Feldt,55.6,23.744
7yQrcdkLdBAkV7yY9fF2Hw,Grupo Revelação,57.2,24.768
6aq8T2RcspxVOGgMrTzjWc,Soft Cell,47.7,18.688
6WIjKbyqeO9MkfNMFJsF50,Dj LK da Escócia,56.9,24.576
60XHOAhvEBiV6BGBOv8ClM,La Joaqui,60.6,26.944
4Y7tXHSEejGu1vQ9bwDdXW,Fatboy Slim,47,18.24
6roFdX1y5BYSbp60OTJWMd,Tim McGraw,64.3,29.312
7gU9VyFRN3JWPJ5oHOil60,Tayc,63.4,28.736
0ghlgldX5Dd6720Q3qFyQB,TOMORROW X TOGETHER,69.2,32.448
28NFZuZbEm7yzMpv1q1Rb7,Grupo Mojado,58.6,25.664
7FIoB5PHdrMZVC3q2HE5MS,George Harrison,64.4,29.376
0BHm7qbh3ENxvXzkQAG7MP,Mari Fernandez,64.2,29.248
3UbyYnvNIT5DFXU4WgiGpP,Whitesnake,51.3,20.992
2AfmfGFbe0A0WsTYm0SDTx,i-dle,65.7,30.208
7sfl4Xt5KmfyDs2T3SVSMK,Lil Jon,56.5,24.32
0HU0U9kdXEHZVxUNbuQe8S,Donny Hathaway,56.4,24.256
0haZhu4fFKt0Ag94kZDiz2,Sofía Reyes,58.1,25.344
5kiKQJrz4BT7vFWVECAmHH,Sanam Puri,41.5,14.72
6hzngLO20cX5IGqT0hVv1G,Anurag Saikia,49.6,19.904
6aZyMrc4doVtZyKNilOmwu,Colbie Caillat,58.2,25.408
5FxD8fkQZ6KcsSYupDVoSO,Omar Apollo,63.9,29.056
2nm38smINjms1LtczR0Cei,Goodboys,61.1,27.264
0RMsiUCTjsdGjoKyhEm8Y4,Mamta Sharma,60.2,26.688
1eEfMU2AhEo7XnKgL7c304,Carpenters,66.2,30.528
51DevdOxIJin6DB1FXJpD1,UZI,70.8,33.472
4qFxP3qN9GsnZDOkAE6x2m,December Avenue,71.3,33.792
12l1SqSNsg2mI2IcXpPWjR,M. M. Keeravaani,58.1,25.344
1EowJ1WwkMzkCkRomFhui7,RADWIMPS,59.9,26.496
3cR4rhS2hBWqI7rJEBacvN,Leslie Odom Jr.,72.4,34.496
7CUFPNi1TU8RowpnFRSsZV,Niska,66,30.4
1SQRv42e4PjEYfPhS0Tk9E,The Kinks,60.9,27.136
5I8OAPN5jY1wvHwpnsRRsA,Kybba,61.4,27.456
1iIxNEvPPmdFIIP0tdpw6G,Los Cadetes De Linares,67.7,31.488
1yzwPGlvrRLlhYkCRYde5z,Vignesh Shivan,65.8,30.272
1IueXOQyABrMOprrzwQJWN,Sigala,58.6,25.664
139FRgoVcJ82jogPttiWcc,Sai Smriti,55.83333333,23.89333333
0Cp8WN4V8Tu4QJQwCN5Md4,BENEE,57.6,25.024
6mKwmTMzDrye9elc8JWiw3,Mc Leozin,60.9,27.136
06lnOkY99sXVW44Y0M4BDP,Vitão,57.9,25.216
75VKfyoBlkmrJFDqo1o2VY,Fireboy DML,64.4,29.376
46xBNx0j6cwY6sD9LgMTm1,Rosa Linn,50.6,20.544
2kGBy2WHvF0VdZyqiVCkDT,Father John Misty,57.7,25.088
4exLIFE8sISLr28sqG1qNX,Travis Barker,58.8,25.792
5Igpc9iLZ3YGtKeYfSrrOE,Chris Lake,65.1,29.824
2Q3eZMfDQgT8MhPowKFXYO,t.A.T.u.,55.7,23.808
1vppDmG3i5sXf3DJzrK4T1,Thiaguinho,65.8,30.272
55TpSGABb9xsmXHkqbv3ti,Rushex,64.6,29.504
7M3xY5iHSzEtoL3FpqOD75,Garry Sandhu,60.6,26.944
3Xd2WSaNywx5gn1pgRPFjF,Eternxlkz,64.1,29.184
6LEeAFiJF8OuPx747e1wxR,,64.1,29.184
59oA5WbbQvomJz2BuRG071,Jungle,66.3,30.592
4uoz4FUMvpeyGClFTTDBsD,Ricardo Montaner,64,29.12
6VD4UEUPvtsemqD3mmTqCR,Deorro,59.7,26.368
0RpddSzUHfncUWNJXKOsjy,Neon Trees,51.8,21.312
03PnQHlbH5nDDVX3hNg628,Dj GM,62.7,28.288
72APa8QPdPUhGzNMciz1wI,Neelesh Misra,45.5,17.28
1mux8L6xg2Cmrc7k0wQczl,Bacilos,64.3,29.312
5cIc3SBFuBLVxJz58W2tU9,Oh Wonder,61.2,27.328
4WUGQykLBGFfsl0Qjl6TDM,The Magician,51.1,20.864
70NcAr4ZtA3FAqU16iQZSb,Dhruv,52.5,21.76
7sQ3Q6yYyg0SdpEezJN8UT,El Coyote Y Su Banda Tierra Santa,65.3,29.952
2uCcj0lTsdhbdZfVSQ7OTM,farofinat beats,63.6,28.864
7hLjkyL9Pz9xtQNahzJZki,Belo,63.3,28.672
4sY0lTSkfDMMt27cVvFT6o,Rico Ace,68.1,31.744
3X458ddYA2YcVWuVIGGOYe,Toni Braxton,61.5,27.52
4Rxn7Im3LGfyRkY2FlHhWi,Nick Jonas,59.7,26.368
03CZcjA54h0fCMldJFPfSq,Pranaay,42.7,15.488
0NIPkIjTV8mB795yEIiPYL,Wallows,64.5,29.44
12PSlydMSjEHzSCj9X5qv7,Baby Bash,54.4,22.976
4mLJ3XfOM5FPjSAWdQ2Jk7,Dr. Dog,48.6,19.264
51l0uqRxGaczYr4271pVIC,The Bangles,41.7,14.848
6kbR2eL4hecj3rFwGOsYsI,BL3SS,60.7,27.008
3cniTumSiUysiPWXapGx1i,Cutting Crew,47.7,18.688
3la3vRfIuDMsydpPfUBryR,DJ Ari SL,56.8,24.512
3vbKDsSS70ZX9D2OcvbZmS,Beck,57.8,25.152
0knGpCTbmG4ctl1wzYRZs4,Dijon,64,29.12
7fAKtXSdNInWAIf0jVUz65,Roberto Carlos,50.1,20.224
6ElqtIfQsAkEYypgfJIjeK,DannyLux,64.6,29.504
70RAfkLNWG5J2bsnJqBpLQ,Aditya Sharma,36,11.2
4iW4xSfMEIvrXM0Iu3aFDY,Aditi Singh Sharma,51.4,21.056
1iXdpCz3AeLEAvzqeNodt8,Victor Cibrian,59.2,26.048
2kXKa3aAFngGz2P4GjG5w2,SCH,63.5,28.8
2DspEsT7UXGKd2VaaedgG4,Alex Rose,66,30.4
64tJ2EAv1R6UaZqc4iOCyj,YOASOBI,68.4,31.936
0v1axjG0KwIz3aciZffFMu,Toton Caribo,58.4,25.536
5OZXWMwDhlYBRvoOfcX0sk,Raisa,68.7,32.128
0PN0fbe41KbuzlRYnoajNm,Antonio Aguilar,66,30.4
66lH4jAE7pqPlOlzUKbwA0,Miranda Lambert,61.2,27.328
57pVvBwa3ZCR9LsVlkLXj7,Vanessa Da Mata,63.7,28.928
0jbo7KFNMiIkfBR6ih0yhm,iñigo quintero,57.6,25.024
0ZUvK7zGdXLd78mQr3t1Tw,Ricky Montgomery,62.1,27.904
5J7rXWjtn5HzUkJ4Jet8Fr,Alvaro Diaz,69.2,32.448
2urZrEdsq72kx0UzfYN8Yv,Spandau Ballet,53,22.08
1scVfBymTr3CeZ4imMj1QJ,Forrest Frank,70.6,33.344
2oX42qP5ineK3hrhBECLmj,Andy Grammer,63.2,28.608
2wPsNCwhEGb0KvChZ5DD52,K. J. Yesudas,54.6,23.104
2MxriAGmcX5lgQt3SFyru6,Kabilan,64,29.12
40LHVA5BTQp9RxHOQ9JPYj,Lauren Daigle,65,29.76
3HqP3nd8WI0VfHRhApPlan,Trinix,61.7,27.648
5eWpthiGD66CLD4bQjvIBp,Sanjay Leela Bhansali,56.7,24.448
1Uff91EOsvd99rtAupatMP,Claude Debussy,60.4,26.816
48RCl7AbbfhC60EN8a80Op,Jigar Saraiya,59.8,26.432
1lpPb0grX95giST5LLNOuJ,TRXSHBXY,63.8,28.992
4sEWznAKWWNcicTuLxzb6d,Nidji,61.1,27.264
4NJhFmfw43RLBLjQvxDuRS,Wolfgang Amadeus Mozart,60,26.56
2ICR2m4hOBPhaYiZB3rnLW,Sonder,70,32.96
3lIU3RoZiHen1QXAQ3KQ9e,Tz da Coronel,63.8,28.992
23xqmJEN3oVxwzqtNIyR5m,AnnenMayKantereit,64.8,29.632
05oH07COxkXKIMt6mIPRee,Brandy,63.1,28.544
1c22GXH30ijlOfXhfLz9Df,Elvis Crespo,58.7,25.728
4BwiodzEp9Hwes5HeFjMVK,Pesado,64.7,29.568
5OTt6O4Q22YsqZDaWV6FqC,Bombay Jayashri,57.5,24.96
1XtR9vPQD6cjmHlR5PuHPu,Kevin AMF,64.6,29.504
34PYzJSu4DHKEyhdBfsn0E,TORRRES,56.8,24.512
163DQlpiiNqxgn2m4WsD3e,Kane Rodriguez,63.5,28.8
2Q3xviVw2VXFRXtsF2gpR1,ΣP,56.3,24.192
1Bp5RHQ2K9k986YoxNvACB,Perera DJ,66.1,30.464
7tjVFCxJdwT4NdrTmjyjQ6,Muni Long,63.1,28.544
35jsUTwBj5cW9GuNB7Xp61,Hamsika Iyer,54.6,23.104
0vkpFzbSTmwPuGGnhsblFI,Ajay Gogavale,58,25.28
05YVYeV4HxYp5rrWalvuE1,"Grover Washington, Jr.",47,18.24
4myTppRgh0rojLxx8RycOp,Ryan Lewis,54.8,23.232
4PULA4EFzYTrxYvOVlwpiQ,Sidhu Moose Wala,69.5,32.64
2msR4dHmBiBa99uLmuqFFk,Ashish Bhatia,35.2,10.688
205i7E8fNVfojowcQSfK9m,Dom Dolla,63.9,29.056
1uY9B9QroF5K8wPyeEO1QN,Sagar,55.6,23.744
0MeLMJJcouYXCymQSHPn8g,Sleeping At Last,62.1,27.904
0nnp7oJpY2J6yZOqtdKaWq,Duelo,64.2,29.248
06vOoTzj6cIac9FMbNXz9h,Shruti Haasan,61.7,27.648
6fxyWrfmjcbj5d12gXeiNV,Denzel Curry,63.9,29.056
29kkCKKGXheHuoO829FxWK,Boston,60.9,27.136
1GuqTQbuixFHD6eBkFwVcb,Sammy Virji,65.3,29.952
1X6ORK7IekgmyjV6IFPszP,Gustavo Mioto,64.5,29.44
6H1RjVyNruCmrBEWRbD0VZ,Def Leppard,65.9,30.336
7m3MZA0qYo7ZHvsDONlc5r,Vaali,45,16.96
0uOUeC51AxGnP6hB8gurwt,Cheema Y,72.6,34.624
19yiaMgl4Z5TFhUNp7R1JJ,Mc Lekão,60.9,27.136
5gCRApTajqwbnHHPbr2Fpi,Juicy J,56.8,24.512
771qBvjnXOH9Azr6lKy6FB,Michael Sembello,31.7,8.448
7gAppWoH7pcYmphCVTXkzs,The Vamps,50.9,20.736
0vjeBgTzYTwmYoVySJzXGD,Virlan Garcia,68.5,32
1SIocsqdEefUTE6XKGUiVS,BABYMONSTER,73.9,35.456
0GInfEJXl2kGPhSsVqEqXh,Morgan Seatree,55.6,23.744
368rTiMKMrz3b03az6B14w,Marta Sánchez,54.6,23.104
4j96cMcT8GRi11qbvo1cLQ,Michael Marcagi,59.8,26.432
1zEo6Fk1iaaOYFlFPBHCFn,Humberto & Ronaldo,67.4,31.296
6uskWv5K2FA0YOAYr7JOUz,Shalmali Kholgade,59.2,26.048
6nzxy2wXs6tLgzEtqOkEi2,Monica,56.1,24.064
4dyYjqmYDjegbB3F2mbvcT,Zezé Di Camargo & Luciano,65.2,29.888
2d0hyoQ5ynDBnkvAbJKORj,Rage Against The Machine,68,31.68
27azwwkxutWL1BWMkgNIh0,Vulgo FK,64.2,29.248
5NUPPRjsbXHNyVDrUESYeh,Grupo Arriesgado,61.7,27.648
7LnaAXbDVIL75IVPnndf7w,Jamie Foxx,60.3,26.752
5nWYvcpaqKtp08cYxjOfFr,Gibran Alcocer,68.5,32
4LAFtDzlQM89xov636hMVv,Dallass,65.1,29.824
2o4R2rK7FetH40HTv0SUWl,Monali Thakur,60.2,26.688
1pFLuMBwabtFITLNJlEZ9z,DYSMANE,67.8,31.552
7ouEqUl1PCVPlNninecdcz,HAVEN.,81,40
4Ge8xMJNwt6EEXOzVXju9a,Caroline Polachek,59.8,26.432
4hYxvgmTzS29XAXlo5adgM,L2B,67.4,31.296
6xrc4RXcso9uKlYWlIANPU,Vitinho Imperador,61.3,27.392
6cnl6Jz97730GUS8zEAK77,Los Plebes del Rancho de Ariel Camacho,66.4,30.656
2UazAtjfzqBF0Nho2awK4z,Stone Temple Pilots,66.9,30.976
25jJ6vyXwTRa0e6XCcdR6U,Ari Abdul,64.3,29.312
1Ml4OuStDoympbREURAM15,The Fontane Sisters,20.8,1.472
4Ly0KABsxlx4fNj63zJTrF,Seafret,56.2,24.128
2wOqMjp9TyABvtHdOSOTUS,Ludwig van Beethoven,57,24.64
2UwqpfQtNuhBwviIC0f2ie,Damso,68.6,32.064
3zG4hHVlA4xIX5jwvOa2KD,DJ Guh Mix,62.4,28.096
3l1qBa4ZTuNfYOap9WGbDQ,Duha Shah,46,17.6
4Yttlv9ndGjCDCVLqM7ACq,Sido,57.3,24.832
2P3cjUru4H3fhSXXNxE9kA,Blackstreet,51.7,21.248
4pejUc4iciQfgdX6OKulQn,Queens of the Stone Age,61.9,27.776
13or1Wf6ipcvSIiurZATvw,La Sonora Dinamita,53.1,22.144
19y5MFBH7gohEdGwKM7QsP,Luther Vandross,59.4,26.176
7zFBW2JxM4bgTTKxCRcS8Q,Hiphop Tamizha,63.1,28.544
78F6Xkd46aMHkr4AP60TXY,Clarent,69.8,32.832
26T4yOaOoFJvUvxR87Y9HO,Bethel Music,65.9,30.336
6P6GTRTigHBp8ZesNtpCKH,Almighty,64.4,29.376
0KcbRunfjZHfwEnEgd1Dy6,Murillo e LT no Beat,62.9,28.416
43qxAkuKFB6fMNSeS5dO7Z,Ana Bárbara,59.9,26.496
1GImnM7WYVp95431ypofy9,Caifanes,71.5,33.92
2eogQKWWoohI3BSnoG7E2U,Donna Summer,62.8,28.352
4TdMGChhzBYNXhADaEGUZX,Armenta,63.5,28.8
6qjhYs5KNSoSU6fNJqDGIo,Sanjoy,52.9,22.016
4Rh80sXmcG4xDP1r6dTNiQ,Estevan Plazola,48.6,19.264
1etNnR2SdlelBQAICa2Q5m,Mc Pedrinho,61.7,27.648
4TKTii6gnOnUXQHyuo9JaD,Sheryl Crow,61.9,27.776
6e3pZKXUxrPfnUPJ960Hd9,Pomme,60.2,26.688
44WCHvwXBOMz6nm7Mu2ReO,Grupo Bryndis,67.2,31.168
22dFwJoRBV51ue5TGnC7Dt,Beny Jr,65.3,29.952
0bzfPKdbXL5ezYW2z3UGQj,Michael Kiwanuka,61.4,27.456
