artist_id,artist_name,avg_track_popularity,song_portfolio_score
5lpH0xAS4fVfLkACg9DAuM,Wham!,66.7,29.195148842337378
3c0gDdb9lhnHGFtP4prQpn,KATSEYE,81.7,35.8103638368247
5nLYd9ST4Cnwy6NHaCxbj8,CeeLo Green,55.7,24.343991179713342
3oDbviiivRWhXwIE8hxkVV,The Beach Boys,68.3,29.90077177508269
6kACVPfCOnqzgfEF5ryl0x,Johnny Cash,68.2,29.85667034178611
2x9SpqnPi8rlE9pjHBwmSC,Talking Heads,65.4,28.621830209481807
3MdG05syQeRYPPcClLaUGl,Diana Ross,53.6,23.417861080485114
1SJOL9HJ08YOn92lFcYf8a,Shankar Mahadevan,64.0,28.004410143329658
2RQXRUsr4IW1f3mKyKsy4B,Noah Kahan,79.0,34.61962513781698
1Ffb6ejR6Fe5IamqA5oRUF,Bring Me The Horizon,73.6,32.23814773980154
1YfEcTuGvBQ8xSD1f53UnK,Busta Rhymes,61.4,26.85777287761852
3NPpFNZtSTHheNBaWC82rB,X Ambassadors,63.8,27.916207276736493
26dSoYclwsYLMAKD3tpOr4,Britney Spears,77.5,33.95810363836824
31TPClRtHm23RisEBtV3X7,Justin Timberlake,79.0,34.61962513781698
4cAERazLlAzVGA10ORWaUP,Manoj Muntashir,70.0,30.650496141124584
4r63FhuTkUYltbVAg5TQnk,DaBaby,71.6,31.3561190738699
6fOMl44jA4Sp5b9PpYCkzz,NF,76.7,33.605292171995586
6FBDaR13swtiWwGhX1WQsP,blink-182,72.7,31.841234840132305
1mX1TWKpNxDSAH16LgDfiR,Jesse & Joy,73.8,32.326350606394705
5SXuuuRpukkTvsLuUknva1,Baby Keem,70.1,30.694597574421167
5sWHDYs0csV6RS48xBl0tH,Two Feet,64.2,28.092613009922825
2wY79sveU1sp5g7SokKOiI,Sam Smith,78.1,34.222712238147736
2o5jDhtHVPhrJdv3cEQ99Z,Tiësto,70.8,31.00330760749724
3jK9MiCrA42lLAdMGUZpwa,Anderson .Paak,70.2,30.738699007717752
6AyATGg7mDgBlZ4N5uNog0,SYML,68.9,30.16538037486218
5kPOMQZvgkAEnRZqwn9SYQ,Jaideep Sahni,66.8,29.239250275633957
5xUf6j4upBrXZPg6AI4MRK,Soundgarden,66.0,28.8864388092613
0e7Xsukwik0zDaqCcSvJTg,Prasoon Joshi,60.1,26.284454244762955
64M6ah0SkkRsnPGtGiRAbb,Bebe Rexha,72.1,31.57662624035281
4S9EykWXhStSc15wEx8QFK,Céline Dion,73.0,31.97353914002205
3hYtANQYrE6pd2PbtEyTIy,Los Tigres Del Norte,71.2,31.179713340683573
1GKIlPFdcewHtpDVCQ8zmJ,Brray,62.8,27.475192943770672
1DuBkL1pAgaZQHXKPiVr08,Léo Foguete,69.7,30.51819184123484
1Db5GsIoVWYktPoD2nnPZZ,Gloria Trevi,62.9,27.51929437706725
7I3bkknknQkIiatWiupQgD,Beach Weather,51.9,22.668136714443218
2myuqB0gKAo75dE2eSWgzt,Silent Addy,45.0,19.62513781697905
2CmaKO2zEGJ1NWpS1yfVGz,Falling In Reverse,71.3,31.223814773980152
6XTGKOV9jceQ6f67lnhpbF,LATIN MAFIA,74.1,32.45865490628445
4fxd5Ee7UefO4CUXgwJ7IP,GIVĒON,75.6,33.12017640573318
2nszmSgqreHSdJA3zWPyrW,Luis Miguel,75.4,33.031973539140026
6AgTAQt8XS6jRWi4sX7w49,Polo G,72.5,31.75303197353914
61if35zz1W11GejEkxTLEQ,Benny Dayal,65.2,28.533627342888646
6n28c9qs9hNGriNa72b26u,PNAU,56.9,24.873208379272324
26bcq2nyj5GB7uRr558iQg,Survivor,54.5,23.814773980154357
47MpMsUfWtgyIIBEFOr4FE,Lunay,63.7,27.872105843439915
6tbjWDEIzxoDsBA1FuhfPW,Madonna,72.4,31.708930540242562
5y8tKLUfMvliMe8IKamR32,d4vd,74.0,32.414553472987876
0xliTEbFfy5HQHvsTknTkX,Alphaville,64.3,28.136714443219404
6AiX12wXdXFoGJ2vk8zBjy,Yuvan Shankar Raja,64.2,28.092613009922825
7o2ZQYM7nTsaVdkXY38UAA,Em Beihold,61.5,26.901874310915105
0mJDQBWytBhOh5JB1DOQ1c,Jasmine Sandlas,63.7,27.872105843439915
4xnihxcoXWK3UqryOSnbw5,Sasha Alex Sloan,60.4,26.416758544652698
3AMxH9QIPZbK8ND8C9j4Ss,Mani Sharma,54.9,23.99117971334068
4bPiOPI4V99cepEftvBYak,Banda Los Recoditos,64.2,28.092613009922825
0L8ExT028jH3ddEcZwqJJ5,Red Hot Chili Peppers,82.3,36.07497243660419
0k17h0D3J5VfsdmQ1iZtE9,Pink Floyd,77.5,33.95810363836824
20sxb77xiYeusSH8cVdatc,Meek Mill,68.2,29.85667034178611
1SXhEXzOTF7YeuQX59m7pT,NATTAN,68.3,29.90077177508269
3Xt3RrJMFv5SZkCfUE8C1J,Kim Petras,63.4,27.73980154355016
4m6ubhNsdwF4psNf3R8kwR,KHEA,67.6,29.59206174200661
5ixQ5hSywFLUaxoaA0uVaH,Anand Raj Anand,55.7,24.343991179713342
5rGrDvrLOV2VV8SCFVGWlj,Imanbek,59.2,25.887541345093716
5YwzDz4RJfTiMHS4tdR5Lf,Xamã,66.7,29.195148842337378
4AKwRarlmsUlLjIwt38NLw,Ofenbach,64.1,28.048511576626236
4stSxe6AbpXw3x7nRDsYVX,Remmy Valenzuela,67.9,29.72436604189636
0WwSkZ7LtFUFjGjMZBMt6T,Dire Straits,62.0,27.122381477398015
0PCCGZ0wGLizHt2KZ7hhA2,Artemas,68.6,30.03307607497243
5r3wPya2PpeTTsXsGhQU8O,Shubh,74.3,32.546857772877615
2x7PC78TmgqpEIjaGAZ0Oz,Trueno,70.3,30.78280044101433
3SUT1jjM5hzZj9TLfLZGIP,Tego Calderón,65.6,28.710033076074968
5iNrZmtVMtYev5M9yoWpEq,Seeb,58.3,25.490628445424473
4nVa6XlBFlIkF6msW57PHp,Hanumankind,56.6,24.74090407938258
5HcunTidTUrOaf8V0iJcvl,Nusrat Fateh Ali Khan,59.4,25.975744211686877
3b8QkneNDz4JHKKKlLgYZg,Florida Georgia Line,65.3,28.577728776185225
7GlBOeep6PqTfFi59PTUUN,Chappell Roan,79.3,34.75192943770672
7me0S5Z40qVWj3gzyK8aC3,Mc Livinho,69.3,30.34178610804851
1tqZaCwM57UFKjWoYwMLrw,The Cardigans,63.3,27.695700110253583
7FaGCZiP3s6X7jQTB8EhfI,Naresh Iyer,63.1,27.60749724366042
0CjWKoS55T7DOt0HJuwF1H,Bipolar Sunshine,52.5,22.932745314222714
2DlGxzQSjYe5N6G9nkYghR,Jennifer Lopez,68.1,29.81256890848952
5uwa6tAMMfNbBFIHiI6NV4,W Sound,70.0,30.650496141124584
0Yg29FX1M4ayqjXs0ttZFq,Young Cister,64.7,28.313120176405736
5diMmmNkRVfgUnXJrzXzjZ,Javed Bashir,55.6,24.299889746416756
2ycnb8Er79LoH2AsR5ldjh,Pet Shop Boys,58.0,25.35832414553473
6dk4snfeN31dQDbb03Wmmr,Omkar Singh,33.1,14.377067254685779
0rvjqX7ttXeg3mTy8Xscbt,Journey,70.6,30.915104740904077
1WgXqy2Dd70QQOU7Ay074N,AURORA,64.0,28.004410143329658
5jTtGLk1mGFMY5lQOvJYUj,bôa,62.3,27.25468577728776
1WX2v0BiEW19Vw7xmznLdZ,Vierra,66.6,29.15104740904079
4RSyJzf7ef6Iu2rnLdabNq,Willy William,52.2,22.800441014332968
1zng9JZpblpk48IPceRWs8,Grupo Niche,66.6,29.15104740904079
2jqTyPt0UZGrthPF4KMpeN,Bappi Lahiri,56.4,24.652701212789413
2lolQgalUvZDfp5vvVtTYV,Tony Bennett,62.2,27.210584343991183
3TVXtAsR1Inumwj472S9r4,Drake,84.4,37.001102535832416
250b0Wlc5Vk0CoUsaCY84M,JENNIE,77.5,33.95810363836824
3bO19AOone0ubCsfDXDtYt,Myles Smith,73.1,32.01764057331863
5f4QpKfy7ptCHwTqspnSJI,Neha Kakkar,65.2,28.533627342888646
1elUiq4X7pxej6FRlrEzjM,Jorge & Mateus,66.8,29.239250275633957
0lZoBs4Pzo7R89JM9lxwoT,Duran Duran,68.0,29.768467475192942
69bG9tC62d8oTFC9aTTosn,New West,56.1,24.52039691289967
0QJIPDAEDILuo8AIq3pMuU,M.I.A.,57.2,25.005512679162074
4Gso3d4CscCijv0lmajZWs,Don Toliver,79.7,34.92833517089305
2gBjLmx6zQnFGQJCAQpRgw,Nelly,67.9,29.72436604189636
77ziqFxp5gaInVrF2lj4ht,Sech,71.3,31.223814773980152
3S9Hg7sRKhmtWunFZ2yAYP,El Bogueto,69.9,30.606394707828002
6wPhSqRtPu1UhRCDX5yaDJ,The Pussycat Dolls,59.9,26.196251378169787
5yzqUq3vXrMkmfcOwMY203,Arslan Nizami,57.2,25.005512679162074
7cmuxPnXRJxwuYDHfbD8Eu,Zé Felipe,69.1,30.253583241455342
7xeM7V59cA1X8GKyKKQV87,Sin Bandera,69.1,30.253583241455342
5b5bt4mZQpJMoCRbiQ7diH,Royel Otis,71.6,31.3561190738699
0rZp7G3gIH6WkyeXbrZnGi,Novo Amor,69.3,30.34178610804851
3MKCzCnpzw3TjUYs2v7vDA,Pyotr Ilyich Tchaikovsky,63.6,27.82800441014333
6ogn9necmbUdCppmNnGOdi,Alanis Morissette,65.1,28.489525909592057
5QdEbQJ3ylBnc3gsIASAT5,G Herbo,61.7,26.990077177508272
1r4hJ1h58CWwUQe3MxPuau,Maluma,78.5,34.399117971334064
3hcs9uc56yIGFCSy9leWe7,Lil Durk,68.6,30.03307607497243
2qxJFvFYMEDqd7ui6kSAcq,Zedd,69.6,30.474090407938252
5Y3MV9DZ0d87NnVm56qSY1,Tiago PZK,68.4,29.94487320837927
2QMsj4XJ7ne2hojxt6v5eb,Riley Green,73.4,32.14994487320838
0TImkz4nPqjegtVSMZnMRq,TLC,61.0,26.681367144432194
5tKXB9uuebKE34yowVaU3C,Iyaz,54.8,23.9470782800441
2NfSBtmWe7oPw1EmetJVso,Boza,61.5,26.901874310915105
4lhUHpVOXmkEBGGHV71QCh,Chance Peña,69.3,30.34178610804851
2WKdxPFRD7IqZvlIAvhMgY,Fugees,58.4,25.534729878721055
08F3Y3SctIlsOEmKd6dnH8,Yusuf / Cat Stevens,65.6,28.710033076074968
47z98pKd71yIbgXwe9LPVC,Bernadya,70.1,30.694597574421167
26VFTg2z8YR0cCuwLzESi2,Halsey,78.1,34.222712238147736
7v4imS0moSyGdXyLgVTIV7,Nat King Cole,69.8,30.56229327453142
3tlXnStJ1fFhdScmQeLpuG,Brent Faiyaz,74.6,32.67916207276736
3ZxZ03fj3tXBZHZWzvaLSM,Neeti Mohan,63.7,27.872105843439915
74OaRjmyh0XyRZsQQQ5l7c,Jasleen Royal,66.4,29.06284454244763
4W48hZAnAHVOC2c8WH8pcq,The Temper Trap,59.8,26.152149944873205
00XhexlJEXQstHimpZN910,Brytiago,69.6,30.474090407938252
2O8vbr4RYPpk6MRA4fio7u,SAIKO,68.1,29.81256890848952
3XxNRirzbjfLdDli06zMaB,Eyedress,62.8,27.475192943770672
3RqBeV12Tt7A8xH3zBDDUF,Kelsea Ballerini,58.8,25.711135611907384
41QLxRXlc2NwfJZkHGHKid,Israel & Rodolffo,64.3,28.136714443219404
5JXhkyafynxCvxtov7C1PV,Bruno & Marrone,66.0,28.8864388092613
03Yb3iBy9GCifXiATEFcit,Pepe Aguilar,67.0,29.32745314222712
5QNm7E7RU2m64l6Gliu8Oy,HARDY,66.4,29.06284454244763
3dN9MQpjIyNxyeRfz4EDZe,Rochak Kohli,66.3,29.018743109151046
3dRfiJ2650SZu6GbydcHNb,John Williams,66.2,28.974641675854468
1pQWsZQehhS4wavwh7Fnxd,Lenny Tavárez,70.5,30.871003307607495
7qjJw7ZM2ekDSahLXPjIlN,Sid Sriram,64.1,28.048511576626236
2Z0lRIqr997lIUiPtrpKCr,Matheus & Kauan,72.8,31.885336273428884
0FEJqmeLRzsXj8hgcZaAyB,Indila,67.7,29.6361631753032
3Ayl7mCk0nScecqOzvNp6s,Jimmy Eat World,62.0,27.122381477398015
1aw0Cdl1DIrtUrUA6fGbAR,Dread Mar I,68.7,30.07717750826902
6hN9F0iuULZYWXppob22Aj,Simple Minds,54.6,23.858875413450935
6rEXjeIJ0wL6BFdo8CRcit,Saindhavi,62.3,27.25468577728776
6gEzJZrbm0F4ihvE9iXR9z,Péricles,61.9,27.07828004410143
1Xyo4u8uXC1ZmMpatF05PJ,The Weeknd,88.1,38.63285556780595
00x1fYSGhdqScXBRpSj3DW,Olivia Dean,88.3,38.72105843439912
762310PdDnwsDxAQxzQkfX,Depeche Mode,70.0,30.650496141124584
75jNCko3SnEMI5gwGqrbb8,Tammi Terrell,50.1,21.87431091510474
1gPhS1zisyXr5dHTYZyiMe,Kevin Gates,67.7,29.6361631753032
5MouCg6ta7zAxsfMEbc1uh,OMI,36.7,15.964718853362736
1on7ZQ2pvgeQF4vmIA09x5,Charlie Brown Jr.,64.3,28.136714443219404
4xRYI6VqpkE3UwrDrAZL8L,Logic,62.2,27.210584343991183
3IYUhFvPQItj6xySrBmZkd,Creedence Clearwater Revival,74.4,32.590959206174205
3EiLUeyEcA6fbRPSHkG5kb,De La Ghetto,69.3,30.34178610804851
1JbemQ1fPt2YmSLjAFhPBv,Chayanne,70.6,30.915104740904077
2rTo8KIkBTFjQS7VvaKYQ4,W&W,66.9,29.28335170893054
3win9vGIxFfBRag9S63wwf,Bailey Zimmerman,72.6,31.79713340683572
2p4aN0Uxkk3iT3HK0cJ2cJ,Tokischa,64.1,28.048511576626236
0EyhkwP3UnwGFBy6xwKjSy,EsDeeKid,81.6,35.76626240352811
4mYFgEjpQT4IKOrjOUKyXu,Wheatus,47.7,20.815876515986773
4iJLPqClelZOBCBifm8Fzv,Pierce The Veil,73.1,32.01764057331863
3awueWqdp1OZudPelsEIgx,Mc Staff,68.2,29.85667034178611
6TLwD7HPWuiOzvXEa3oCNe,Oliver Tree,65.4,28.621830209481807
6mDl7lQiLxT0iQ8LYhAlWy,Zerb,64.4,28.180815876515986
7FZj349hdLfD6qzXkJLuAh,La Quinta Estacion,59.0,25.79933847850055
0MvSBMGRQJY3mRwIbJsqF1,Royal Philharmonic Orchestra,44.9,19.58103638368247
0jnsk9HBra6NMjO2oANoPY,Flo Rida,77.3,33.86990077177508
3DiDSECUqqY1AuBP8qtaIa,Alicia Keys,76.5,33.51708930540242
360IAlyVv4PCEVjgyMZrxK,Miguel,73.6,32.23814773980154
7t0rwkOPGlDPEhaOcVtOt9,The Cranberries,73.2,32.06174200661521
09UmIX92EUH9hAK4bxvHx6,Mithoon,62.1,27.166482910694597
7okwEbXzyT2VffBmyQBWLz,Maná,73.5,32.19404630650496
3FUY2gzHeIiaesXtOAdB7A,Train,67.7,29.6361631753032
5SCDfg1YoEfI5gFtXqEWah,ATLXS,70.1,30.694597574421167
6WOdPJmexxFINcKMkP2jMG,Sachet Tandon,68.6,30.03307607497243
3hteYQFiMFbJY7wS0xDymP,Gesaffelstein,62.6,27.386990077177508
2cGwlqi3k18jFpUyTrsR84,The Verve,57.4,25.093715545755234
09cKncAQn28NqTUORLMwSR,Ariis,71.3,31.223814773980152
0wi4yTYlGtEnbGo4ltZTib,Shakin' Stevens,53.4,23.32965821389195
5tIkxADHN80ca0K6HCpWIt,ZXKAI,69.4,30.38588754134509
4Uwx6qzRn0kA9sz6cCDpBO,Tkandz,57.8,25.270121278941563
0du5cEVh5yTK9QJze8zA0C,Bruno Mars,83.8,36.73649393605292
3SozjO3Lat463tQICI9LcE,Tyla,77.8,34.09040793825799
03SZmfKAgYRQKUwy0EoJUa,Roop Kumar Rathod,60.5,26.460859977949283
4K6blSRoklNdpw4mzLxwfn,Kumar Sanu,56.8,24.82910694597574
4vhNDa5ycK0ST968ek7kRr,Carlos Vives,69.4,30.38588754134509
46UMQ0cW8ToR8egkBRwAxZ,Cynthia Erivo,78.0,34.17861080485116
6bmlMHgSheBauioMgKv2tn,Powfu,58.7,25.667034178610805
4AhHkaGz7W2bKKJK90IaV2,Batas Senja,55.2,24.12348401323043
1wGIhYkKWSq4yACtTkCkSX,Canserbero,71.8,31.444321940463063
3xRtandQusLOaCPqLJ0ia2,Na.Muthukumar,65.3,28.577728776185225
7y97mc3bZRFXzT2szRM4L4,Frédéric Chopin,63.2,27.651598676957004
51ZSh80McCt7vbqHouzW0A,Yahritza Y Su Esencia,58.8,25.711135611907384
4wLXwxDeWQ8mtUIRPxGiD6,Marc Anthony,72.1,31.57662624035281
6w9ToX5slZ4uIdmD17hJ3c,Bryant Myers,72.6,31.79713340683572
0mA4dkNGiN4fqTBi2SLlAv,Edgardo Nuñez,69.9,30.606394707828002
5IrxhrMyvZxzgPYrC9j2km,Ian Asher,69.2,30.29768467475193
1aWJsBQa67l72j1VT3D6Ow,Micro TDH,63.1,27.60749724366042
7EK1bQADBoqbYXnT4Cqv9w,John Denver,64.8,28.357221609702314
3Y9A8EQQtWU8RStiTlzErv,Jombriel,61.6,26.945975744211687
6O74knDqdv3XaWtkII7Xjp,Boyz II Men,60.4,26.416758544652698
581C5Qwl87TskfBEzuoisu,Cafuné,58.8,25.711135611907384
5gOJTI4TusSENizxhcG7jB,David Bisbal,64.8,28.357221609702314
0gHj4MPwwcZ8Zl9CY0hqT5,Mc Paiva ZS,65.8,28.798235942668136
4D75GcNG95ebPtNvoNVXhz,AFROJACK,56.9,24.873208379272324
2rmkQLzj0k4nZdQehOUByO,Chino Pacas,74.1,32.45865490628445
2cFrymmkijnjDg9SS92EPM,blackbear,69.8,30.56229327453142
4cYbf45YbZptNISnhay0xH,ROA,75.1,32.89966923925027
4MXUO7sVCaFgFjoTI5ox5c,Sufjan Stevens,62.9,27.51929437706725
05dG9pMLRWenxzvSmefE6U,MixSingh,64.2,28.092613009922825
1ackd5XprZEkH3McKbQD51,Juan Magán,63.3,27.695700110253583
5vngPClqofybhPERIqQMYd,George Strait,69.1,30.253583241455342
3MrDVzg7ZXaYMyQmbDInr7,WIU,68.2,29.85667034178611
0fA0VVWsXO9YnASrzqfmYu,Kid Cudi,70.1,30.694597574421167
2jku7tDXc6XoB6MO2hFuqg,Tory Lanez,74.7,32.723263506063944
1G9G7WwrXka3Z1r7aIDjI7,Outkast,70.9,31.047409040793823
36QJpDe2go2KgaRleHCDTp,Led Zeppelin,72.9,31.929437706725473
4yvcSjfu4PC0CYQyLy4wSq,Glass Animals,69.5,30.429988974641674
4phGZZrJZRo4ElhRtViYdl,Jason Mraz,60.3,26.372657111356116
56ZTgzPBDge0OvCGgMO3OY,Beach House,65.8,28.798235942668136
0NbfKEOTQCcwd6o7wSDOHI,The Game,65.3,28.577728776185225
77AiFEVeAVj2ORpC85QVJs,Steve Aoki,63.8,27.916207276736493
7kNqXtgeIwFtelmRjWv205,John Summit,71.0,31.09151047409041
5PTw7KmM8c9QfBjU5caHWs,Jemsii,71.6,31.3561190738699
66NmU5epI0ONGmdCRbLpmW,Feby Putri,62.9,27.51929437706725
5GGJosGMs08YEmKTZJe1fL,Suki Waterhouse,62.2,27.210584343991183
69MEO1AADKg1IZrq2XLzo5,UB40,59.0,25.79933847850055
4f9iBmdUOhQWeP7dcAn1pf,Rag'n'Bone Man,58.8,25.711135611907384
4iHNK0tOyZPYnBU7nGAgpQ,Mariah Carey,77.7,34.04630650496141
0BJ2EjOqcfgFvlZXNKrNbE,Saja Boys,64.7,28.313120176405736
3KV3p5EY4AvKxOlhGHORLg,Jeremih,69.4,30.38588754134509
1gW6pz5n1aK249L0GvfQCC,Grupo Marca Registrada,73.3,32.105843439911794
2loEsOijJ6XiGzWYFXMIRk,Adam Port,66.9,29.28335170893054
3xU8YsNNkmWSPewlB18NUz,Harshdeep Kaur,61.6,26.945975744211687
5dDNNq04RjKXFOADdHd6VX,Scythermane,69.0,30.209481808158763
0lJlKQvuM2Sd9DPPyUXcHg,Sixpence None The Richer,50.1,21.87431091510474
6FXMGgJwohJLUSr5nVlf9X,Massive Attack,65.3,28.577728776185225
7HkdQ0gt53LP4zmHsL0nap,Ella Mai,68.6,30.03307607497243
4d3yvTptO48nOYTPBcPFZC,Eve,58.8,25.711135611907384
3HedFe4b2Nqeg1CEzmt6ZI,Marino,72.0,31.53252480705623
33qOK5uJ8AR2xuQQAhHump,Teddy Swims,79.6,34.88423373759647
20wkVLutqVOYrc0kxFs7rA,Daniel Caesar,82.9,36.339581036383684
3hv9jJF3adDNsBSIQDqcjp,Mark Ronson,67.9,29.72436604189636
0sSxphmGskGCKlwB9xa6WU,Himesh Reshammiya,63.9,27.960308710033072
5C4PDR4LnhZTbVnKWXuDKD,Morat,74.2,32.50275633958103
4IMAo2UQchVFyPH24PAjUs,Jowell & Randy,61.8,27.03417861080485
35U9lQaRWSQISxQAB94Meo,America,68.2,29.85667034178611
5vSQUyT33qxr1xAX2Tkf3A,Clams Casino,52.9,23.10915104740904
12CpR4SNDzVIlDoPSeNFeW,Shashaa Tirupati,58.5,25.57883131201764
49tQo2QULno7gxHutgccqF,LANY,67.9,29.72436604189636
2AM4ilv6UzW0uMRuqKtDgN,ZZ Top,64.5,28.224917309812568
2CCgb0KApjfQDuTppovpf8,Rvfv,67.4,29.50385887541345
3CkvROUTQ6nRi9yQOcsB50,Genesis,68.0,29.768467475192942
6HHje5tfmzWK8PsSaoJ9Xp,SAMSONS,57.1,24.96141124586549
1vCWHaC5f2uS3yhpwWbIA6,Avicii,76.3,33.42888643880926
66ihevNkSYNzRAl44dx6jJ,Carín León,77.3,33.86990077177508
3gBKY0y3dFFVRqicLnVZYz,Alka Yagnik,64.3,28.136714443219404
4tZwfgrHOc3mvqYlEYSvVi,Daft Punk,76.3,33.42888643880926
7CvTknweLr9feJtRGrpDBy,FloyyMenor,72.0,31.53252480705623
2wUjUUtkb5lvLKcGKsKqsR,Alessia Cara,66.9,29.28335170893054
5s27i7oqhNWIcE4HeoVdq0,MC GP,63.8,27.916207276736493
7Ez6lTtSMjMf2YSYpukP1I,Dasha,62.3,27.25468577728776
4F4pp8NUW08JuXwnoxglpN,Bad Gyal,68.9,30.16538037486218
1UTPBmNbXNTittyMJrNkvw,Blake Shelton,65.0,28.44542447629548
59jlthNnbmim5l9tmNA7se,Maiara & Maraisa,65.5,28.66593164277839
2R21vXR83lH98kGeO99Y66,Anuel AA,78.7,34.48732083792723
4f7KfxeHq9BiylGmyXepGt,Tanishk Bagchi,68.1,29.81256890848952
6Q192DXotxtaysaqNPy5yR,Amy Winehouse,72.6,31.79713340683572
0UWZUmn7sybxMCqrw9tGa7,Juanes,70.8,31.00330760749724
3ZpEKRjHaHANcpk10u6Ntq,Ayra Starr,71.8,31.444321940463063
6wWVKhxIU2cEi0K81v7HvP,Rammstein,68.0,29.768467475192942
5TYxZTjIPqKM8K8NuP9woO,C. Tangana,68.4,29.94487320837927
0U7iI0Dk4Ojvi17nZboNO4,Vacations,65.3,28.577728776185225
3tAICgiSR5PfYY4B8qsoAU,Andrés Calamaro,62.6,27.386990077177508
0Y5tJX1MQlPlqiwlOH1tJY,Travis Scott,82.3,36.07497243660419
6JL8zeS1NmiOftqZTRgdTz,Meghan Trainor,71.1,31.135611907386988
3UTF2no3muGdiFXVujl94i,Kapo,74.7,32.723263506063944
2MqhkhX4npxDZ62ObR5ELO,Hoobastank,54.1,23.638368246968025
20zafXaLhm5IcXnSU93rNn,Nadin Amizah,73.7,32.28224917309812
5hdhHgpxyniooUiQVaPxQ0,Nio Garcia,63.1,27.60749724366042
41MozSoPIsD1dJM0CLPjZF,BLACKPINK,76.1,33.34068357221609
0p4nmQO2msCgU4IF37Wi3j,Avril Lavigne,74.2,32.50275633958103
7bu3H8JO7d0UbMoVzbo70s,The Cure,63.9,27.960308710033072
4bw2Am3p9ji3mYsXNXtQcd,Piso 21,72.5,31.75303197353914
1bs7HoMkSyQwcobCpE9KpN,The Mamas & The Papas,57.6,25.181918412348402
28QnIZpWxKcxuSk4iRLUgX,Mc Morena,63.9,27.960308710033072
5aMmmNxw4vgpc5XC6hK0zp,The Calling,49.2,21.477398015435504
6OBGbSaBUvQtk9wpQfDbOE,Kevin Kaarl,71.9,31.48842337375965
3E12tRURRvPfHz0hAMCFYc,Omar Courtz,78.1,34.222712238147736
4oLeXFyACqeem2VImYeBFe,Fred again..,75.0,32.8555678059537
7pbDxGE6nQSZVfiFdq9lOL,Rex Orange County,74.5,32.63506063947078
3nlpTZci9O5W8RsNoNH559,Juan Luis Guerra 4.40,69.2,30.29768467475193
1Fl1fc7bZfRVUCffh9Uudx,sma$her,68.6,30.03307607497243
6XwwFnewNgWp81MYMK8zLq,Edward Maya,55.5,24.255788313120178
6nxWCVXbOlEVRexSbLsTer,Flume,63.7,27.872105843439915
7z5WFjZAIYejWy0NI5lv4T,Dan + Shay,64.3,28.136714443219404
1NNRWkhwmcXRimFYSBpB1y,Yng Lvcas,59.9,26.196251378169787
5DaqVKaxeqDbJuxaIP9m4u,Danilo e Davi,61.2,26.769570011025362
4sCKpwwEsgReZxjtKFm2A0,Tucker Wetmore,68.8,30.1212789415656
1UAzmnFgjizIDvtHvnCdEq,Stebin Ben,52.8,23.065049614112457
6nS5roXSAGhTGr34W6n7Et,Disclosure,69.8,30.56229327453142
3hq7WoPJsrRP0KMSLhUgRz,Murilo Huff,69.4,30.38588754134509
7zAp0JbkavFg2rcMGvANtP,Shakthisree Gopalan,63.6,27.82800441014333
70B80Lwx2sxti0M1Ng9e8K,Udit Narayan,65.5,28.66593164277839
5UJ2sHO2ELrgW6aXeRLTQQ,Chinmayi,69.0,30.209481808158763
4STHEaNw4mPZ2tzheohgXB,Paul McCartney,64.6,28.269018743109147
4lxfqrEsLX6N1N4OCSkILp,Phil Collins,73.7,32.28224917309812
10exVja0key0uqUkk6LJRT,Vance Joy,68.4,29.94487320837927
20JZFwl6HVl6yg8a4H3ZqK,Panic! At The Disco,71.4,31.267916207276734
2mpeljBig2IXLXRAFO9AAs,Dido,57.9,25.314222712238145
1aSxMhuvixZ8h9dK9jIDwL,Kate Bush,57.9,25.314222712238145
5L1lO4eRHmJ7a0Q6csE5cT,LISA,70.9,31.047409040793823
6AcOTCYBMvjKYy4zms0kaC,Banda El Recodo,68.0,29.768467475192942
4RfTXjK9aiiIKDaKUHpL57,Busy Signal,55.5,24.255788313120178
790FomKkXshlbRYZFtlgla,KAROL G,82.1,35.98676957001102
0ys2OFYzWYB5hRDLCsBqxt,Fuerza Regida,84.5,37.04520396912899
2LhsePRtgCo4THVKULQBL7,L.V.,30.1,13.054024255788313
757aE44tKEUQEqRuT6GnEB,Roddy Ricch,69.6,30.474090407938252
4boI7bJtmB1L3b1cuL75Zr,Mon Laferte,75.4,33.031973539140026
0XeEobZplHxzM9QzFQWLiR,Eslabon Armado,71.3,31.223814773980152
0eYCIajsbVsMjVUIkcomIY,Juan Reza,85.0,37.26571113561191
2JEjaa7hWhE1BbL3OcoeFR,Sujatha,55.3,24.16758544652701
3IZrrNonYELubLPJmqOci2,Nancy Sinatra,54.8,23.9470782800441
25uiPmTg16RbhZWAqwLBy5,Charli xcx,77.8,34.09040793825799
49e4v89VmlDcFCMyDv9wQ9,Dean Martin,72.5,31.75303197353914
5bXNU0MAF2HSqyFPhYtscH,Neckwav,64.71428571428571,28.319420381162384
1CbQrKvCpEnekM3QMGJtXK,MC Meno K,75.4,33.031973539140026
7oPgCQqMMXEXrNau5vxYZP,Tracy Chapman,67.7,29.6361631753032
3qvcCP2J0fWi0m0uQDUf6r,Luan Santana,69.0,30.209481808158763
6UZ0ba50XreR4TM8u322gs,JISOO,66.2,28.974641675854468
2OHKEe204spO7G7NcbeO2o,Ñejo,63.0,27.563395810363836
7nDsS0l5ZAzMedVRKPP8F1,Ella Henderson,61.7,26.990077177508272
7zAAwgV5Wqmvpb4GzvlRkP,Jazzy,65.6,28.710033076074968
6hnWRPzGGKiapVX1UCdEAC,Sam Cooke,62.7,27.431091510474094
2pAWfrd7WFF3XhVt9GooDL,MF DOOM,68.3,29.90077177508269
3YQKmKGau1PzlVlkL1iodx,Twenty One Pilots,78.4,34.35501653803749
6x2LnllRG5uGarZMsD4iO8,Thomas Rhett,68.8,30.1212789415656
27FGXRNruFoOdf1vP8dqcH,Cassie,56.8,24.82910694597574
7A8S43ryYdbWpJKeHRZRcq,JACKBOYS,62.166666666666664,27.19588386622565
6Sv2jkzH9sWQjwghW5ArMG,Lyodra,66.1,28.93054024255788
5Ppie0uPnbnvGBYRwYmlt0,Megan Moroney,71.9,31.48842337375965
37M5pPGs6V1fchFJSgCguX,FINNEAS,65.9,28.842337375964718
1Xylc3o4UrD53lo9CvFvVg,Zara Larsson,76.1,33.34068357221609
4zCH9qm4R2DADamUHMCa6O,Anirudh Ravichander,68.2,29.85667034178611
3QMpCp3GHiHXgnX1LldXWe,DJ FKU,68.9,30.16538037486218
6LuN9FCkKOj5PcnpouEgny,Khalid,70.6,30.915104740904077
6XpaIBNiVzIetEPCWDvAFP,Whitney Houston,74.1,32.45865490628445
2jSGzJw0ebJLu7OLVSOcBP,Plan B,70.9,31.047409040793823
1AbJ2cmwK400LSvdvBL5Jc,Strawberry Guy,65.7,28.754134509371557
0V2oXYR7DtrZAEFeILRW2r,Lvbel C5,72.0,31.53252480705623
0X2BH1fck6amBIoJhDVmmJ,Ellie Goulding,73.7,32.28224917309812
2fMqTqiTxUDlmcOEPaQSsx,Amitabh Bhattacharya,61.4,26.85777287761852
2QWIScpFDNxmS6ZEMIUvgm,Julieta Venegas,72.0,31.53252480705623
4tpUmLEVLCGFr93o8hFFIB,Blondie,63.1,27.60749724366042
5LcNPa8f8bRmZqELgoRFkN,Raim Laode,62.4,27.29878721058434
3CDKmzJu6uwEGnPLLZffpD,Frankie Valli,49.5,21.609702315325244
79sho4jpEGoCCC51KHnNSJ,Naresh Kamath,51.3,22.403528114663725
6XFITTl7cFTdopDY3lUdlY,J Alvarez,63.0,27.563395810363836
3eVa5w3URK5duf6eyVDbu9,ROSÉ,75.1,32.89966923925027
5nGIFgo0shDenQYSE0Sn7c,Evanescence,73.0,31.97353914002205
4W91bbPB2CTSsHwt7eqNl7,Javed Ali,71.1,31.135611907386988
6IRouO5mvvfcyxtPDKMYFN,Foreigner,70.2,30.738699007717752
2xiIXseIJcq3nG7C8fHeBj,Three Days Grace,74.2,32.50275633958103
6Ad91Jof8Niiw0lGLLi3NW,YUNGBLUD,70.2,30.738699007717752
61nn6nOoLWjVC1ER2qFAvN,Cup of Joe,72.9,31.929437706725473
3vAaWhdBR38Q02ohXqaNHT,The All-American Rejects,63.1,27.60749724366042
48bKH1ugFBhERC1rdojP9d,Dewa 19,67.3,29.459757442116867
7keGfmQR4X5w0two1xKZ7d,Kungs,62.4,27.29878721058434
08PvCOlef4xdOr20jFSTPd,Flo Milli,61.5,26.901874310915105
25Pa1Vz1ZuTHmXPiYeMcgx,Vivek,60.4,26.416758544652698
0w7HLMvZOHatWVbAKee1zF,Redbone,44.0,19.184123484013227
73sIBHcqh3Z3NyqHKZ7FOL,Childish Gambino,76.7,33.605292171995586
13y7CgLHjMVRMDqxdx0Xdo,Gucci Mane,64.9,28.401323042998897
6jGMq4yGs7aQzuGsMgVgZR,Lil Tjay,69.8,30.56229327453142
23wEWD21D4TPYiJugoXmYb,Thalia,61.4,26.85777287761852
37230BxxYs9ksS7OkZw3IU,Chencho Corleone,71.9,31.48842337375965
4obzFoKoKRHIphyHzJ35G3,Becky G,68.8,30.1212789415656
6sq1yF0OZEWA4xoXVKW1L9,Alejandro Fernández,71.5,31.31201764057332
2NjfBq1NflQcKSeiDooVjY,Tones And I,63.2,27.651598676957004
2IKfr1JgPRXmXKAWwrABc6,Kushagra,61.9,27.07828004410143
7nwUJBm0HE4ZxD3f5cy5ok,Aretha Franklin,65.2,28.533627342888646
3v8isPrc8btWVMF3bnOIcj,Murtuza Khan,37.333333333333336,16.244027930907755
3FfvYsEGaIb52QPXhg4DcH,Jason Aldean,70.9,31.047409040793823
39T6qqI0jDtSWWioX8eGJz,The Doobie Brothers,64.1,28.048511576626236
0jrirfCZkRU3iA2sH9JEko,Repsaj,67.2,29.41565600882029
1yxSLGMDHlW21z4YXirZDS,Black Eyed Peas,77.9,34.13450937155458
5RTLRtXjbXI2lSXc6jxlAz,Ravyn Lenae,67.4,29.50385887541345
6MDME20pz9RveH9rEXvrOM,Clean Bandit,67.2,29.41565600882029
57nPqD7z62gDdq37US9XJR,Arcane,72.7,31.841234840132305
4IKVDbCSBTxBeAsMKjAuTs,Armaan Malik,66.3,29.018743109151046
4F84IBURUo98rz4r61KF70,The White Stripes,64.4,28.180815876515986
3pQ4aA7dkolyjUAMrVScgh,Manan Bhardwaj,60.7,26.549062844542448
46cVq2dwPgzPE3X1VR9TMj,Fourtwnty,64.1,28.048511576626236
2uyweLa0mvPZH6eRzDddeB,Rocío Dúrcal,65.5,28.66593164277839
4ytkhMSAnrDP8XzRNlw9FS,Vince Guaraldi Trio,68.4,29.94487320837927
64KEffDW9EtZ1y2vBYgq8T,Marshmello,78.5,34.399117971334064
2feDdbD5araYcm6JhFHHw7,Labrinth,72.0,31.53252480705623
6ydoSd3N2mwgwBHtF6K7eX,Calum Scott,68.0,29.768467475192942
1xNmvlEiICkRlRGqlNFZ43,Axwell,61.4,26.85777287761852
5ObQXIcqKtQENK14lQyqiy,Anuradha Sriram,55.3,24.16758544652701
02gSuSAWEdWa5UOvqzjX6v,SIENNA SPIRO,68.1,29.81256890848952
45dkTj5sMRSjrmBSBeiHym,Tate McRae,83.4,36.560088202866595
1dVygo6tRFXC8CSWURQJq2,Sonu Nigam,65.9,28.842337375964718
4bthk9UfsYUYdcFyqxmSUU,Tears For Fears,70.7,30.959206174200663
5ndkK3dpZLKtBklKjxNQwT,B.o.B,65.6,28.710033076074968
2dBj3prW7gP9bCCOIQeDUf,Danger Mouse,57.7,25.226019845644984
1AL2GKpmRrKXkYIcASuRFa,Wesley Safadão,67.4,29.50385887541345
6ze415xN4HqPmAhj1P4pRl,Bhumi,34.6,15.03858875413451
3DHtfeD4PsmR9YGhCP4VF7,Nemzzz,69.3,30.34178610804851
2tIP7SsRs7vjIcLrU85W8J,The Kid LAROI,74.8,32.767364939360526
5Y5TRrQiqgUO4S36tzjIRZ,Timbaland,67.7,29.6361631753032
5vBSrE1xujD2FXYRarbAXc,Olly Alexander (Years & Years),59.5,26.019845644983462
0ti7TORoorlhGPSRUkz129,Ilaiyaraaja,61.7,26.990077177508272
5CCwRZC6euC8Odo6y9X8jr,Rita Ora,63.3,27.695700110253583
1v1khTmozNfxB2ET1Ep288,Last Child,69.3,30.34178610804851
4o0NtnL2m0lzZmEdRas1qv,Ovi,66.4,29.06284454244763
6S0dmVVn4udvppDhZIWxCr,Sean Kingston,66.0,28.8864388092613
3Me35AWHCGqW4sZ7bWWJt1,Xavi,73.3,32.105843439911794
5MspMQqdVbdwP6ax3GXqum,Annie Lennox,64.0,28.004410143329658
49bzE5vRBRIota4qeHtQM8,Skillet,72.6,31.79713340683572
4sTQVOfp9vEMCemLw50sbu,Galantis,61.5,26.901874310915105
5Dz2FizMLqV0Cr3c8uhEcF,MC Cebezinho,65.9,28.842337375964718
6DgP9otnZw5z6daOntINxp,Joel Corry,60.7,26.549062844542448
2IvkS5MXK0vPGnwyJsrEyV,Eric Church,67.9,29.72436604189636
3MHaV05u0io8fQbZ2XPtlC,Prince Royce,74.7,32.723263506063944
3ebS2RuCq8QeLyndUDmgB5,WizTheMc,61.6,26.945975744211687
4PPoI9LuYeFX8V674Z1R6l,Vicente Fernández,70.6,30.915104740904077
5SuRAj1A9FEHj5NxS86YAm,Shafqat Amanat Ali,63.1,27.60749724366042
2UZMlIwnkgAEDBsw1Rejkn,Tom Petty,66.7,29.195148842337378
7tU1VKOuxiNZwBZC6RHidA,Alexis y Fido,65.6,28.710033076074968
7mW7Tv7NvywKKXqafZo0Lc,KPop Demon Hunters Cast,86.9,38.10363836824697
4O15NlyKLIASxsJ0PrXPfz,Lil Uzi Vert,74.4,32.590959206174205
1E6arsXf5Fgsnv9YpSzjpE,Parampara Tandon,71.2,31.179713340683573
1dKdetem2xEmjgvyymzytS,Grupo Firme,76.3,33.42888643880926
78rUTD7y6Cy67W1RVzYs7t,PinkPantheress,74.1,32.45865490628445
2UZIAOlrnyZmyzt1nuXr9y,Nicki Nicole,66.7,29.195148842337378
2gRP1Ezbtj3qrERnd0XasU,Camila,73.0,31.97353914002205
1l8Fu6IkuTP0U5QetQJ5Xt,Fifth Harmony,64.6,28.269018743109147
4gvjmrtzydbMpyJaXUtwvP,Addison Rae,70.2,30.738699007717752
1OPqAyxsQc8mcRmoNBAnVk,Dhvani Bhanushali,59.8,26.152149944873205
22nkIVS7afh6A7hdd9Lze0,Furacão 2000,56.0,24.47629547960309
1anyVhU62p31KFi8MEzkbf,Chance the Rapper,59.6,26.063947078280044
3OLGltG8UPIea8sA4w0yg0,Rahat Fateh Ali Khan,68.5,29.988974641675853
2auikkNYqigWStoHWK1Grq,John Martin,56.1,24.52039691289967
465OXuCU8YZNmVG1leLwQ9,Shashwat Sachdev,52.8,23.065049614112457
4RWJOoYwgF978LOn8Fainp,Yami Safdie,59.6,26.063947078280044
1oH2B8tcHn4Gpl2bmmyd4A,La Santa Grifa,72.6,31.79713340683572
7a0XAaPaK2aDSqa8p3QnC7,Beéle,84.1,36.86879823594266
0QHgL1lAIqAw0HtD7YldmP,DJ Khaled,65.7,28.754134509371557
3DbwFQlvLxRSi2uX8mf81A,Sexyy Red,71.1,31.135611907386988
2kxP07DLgs4xlWz8YHlvfh,NIKI,75.4,33.031973539140026
4kq8z3vydHjPDggxb16ErB,Nakash Aziz,57.2,25.005512679162074
4LHTgACY32k94VDjenF0nP,Mc Negão Original,70.4,30.826901874310913
7CyeXFnOrfC1N6z4naIpgo,The Ronettes,51.1,22.31532524807056
3tJnB0s6c3oXPq1SCCavnd,Marco Antonio Solís,68.2,29.85667034178611
35WVTyRnKAoaGExqgktVyb,Hotel Ugly,67.9,29.72436604189636
4bL2B6hmLlMWnUEZnorEtG,Felix Jaehn,58.9,25.755237045203966
1IFAU4mznUcfPVP9z2c24N,Daecolm,65.1,28.489525909592057
0FwnPHExlRRxEZPLAi5tmG,JC Reyes,71.2,31.179713340683573
0NIIxcxNHmOoyBx03SfTCD,Tinashe,65.5,28.66593164277839
05etL4pzWd6TSv1x5WrlG3,Faheem Abdullah,72.1,31.57662624035281
12Chz98pHFMPJEknJQMWvI,Muse,72.4,31.708930540242562
6dLuQ5qXxIuWc5urxfIiZR,Calle 24,75.4,33.031973539140026
3uwAm6vQy7kWPS2bciKWx9,girl in red,68.6,30.03307607497243
64aJYyrXljOodnUG6jvhRD,DJ Luian,65.6,28.710033076074968
6MF9fzBmfXghAz953czmBC,Taio Cruz,56.7,24.785005512679163
3Oim8XBPbznAa8Jj8QzNc8,Cults,58.9,25.755237045203966
2hejA1Dkf8v8R0koF44FvW,Gera MX,68.3,29.90077177508269
1LMyTeRhjaitILs98h3MaF,Jósean Log,66.3,29.018743109151046
6m6e7D2TnV0aYMllFFwMxu,Guilherme & Benuto,61.0,26.681367144432194
0yNSzH5nZmHzeE2xn6Xshb,Calle 13,62.2,27.210584343991183
1sVmXkzX2ukc6QvasrDBES,Asees Kaur,64.6,28.269018743109147
11p2E654TTU8e0nZWBR4AL,Mark Ambor,63.2,27.651598676957004
2ysnwxxNtSgbb9t1m2Ur4j,George Ezra,66.7,29.195148842337378
56oDRnqbIiwx4mymNEv7dS,Lizzo,63.4,27.73980154355016
3wOsYKZM0zcKNasi3I7fP4,Mahalini,71.0,31.09151047409041
51XrH5fQP2oIQynuKxSWcW,Sky Rompiendo,65.8,28.798235942668136
2WBJQGf1bT1kxuoqziH5g4,Purple Disco Machine,57.6,25.181918412348402
3ipn9JLAPI5GUEo4y4jcoi,Ludacris,63.7,27.872105843439915
6qqNVTkY8uBg9cP3Jd7DAH,Billie Eilish,87.2,38.235942668136715
3aly4xJOy3LVznzvRIvFYC,F1 The Album,70.0,30.650496141124584
4QFG9KrGWEbr6hNA58CAqE,Alemán,70.6,30.915104740904077
2MRBDr0crHWE5JwPceFncq,Juan Gabriel,71.5,31.31201764057332
2p1fiYHYiXz9qi0JJyxBzN,Skepta,69.1,30.253583241455342
2HcwFjNelS49kFbfvMxQYw,Robbie Williams,63.3,27.695700110253583
2HkAI0YrEcgoR8QdaURqhO,Dimitri Vegas,66.1,28.93054024255788
5as8A4G47Ohu9NSWs3Je8U,Asha Bhosle,48.4,21.124586549062844
5wbf52LA6kcaboHSN6NEF1,PEDRO SAMPAIO,65.5,28.66593164277839
5LeiVcEnsZcwc133TUhJNW,Belinda,65.9,28.842337375964718
5ksRONqssB7BR161NTtJAm,Ace of Base,62.8,27.475192943770672
1yR65psqiazQpeM79CcGh8,Marília Mendonça,70.5,30.871003307607495
3Y7RZ31TRPVadSFVy1o8os,H.E.R.,63.6,27.82800441014333
2wzMOQwNT6ZvVB4amvhFAH,The Pogues,51.6,22.53583241455347
718COspgdWOnwOFpJHRZHS,Luke Combs,79.5,34.840132304299885
5BcAKTbp20cv7tC5VqPFoC,Macklemore & Ryan Lewis,58.9,25.755237045203966
2Mu5NfyYm8n5iTomuKAEHl,Ms. Lauryn Hill,69.6,30.474090407938252
329e4yvIujISKGKz1BZZbO,Farruko,73.6,32.23814773980154
1OAjDaKgg00KCUYqDe68un,Gigi D'Agostino,65.5,28.66593164277839
5arKwJZEvT5uKq4o0JfqR4,Isabel LaRosa,68.4,29.94487320837927
4WN5naL3ofxrVBgFpguzKo,Rudimental,55.9,24.432194046306503
7rkW85dBwwrJtlHRDkJDAC,NAV,65.2,28.533627342888646
3XHO7cRUPCLOr6jwp8vsx5,alt-J,59.0,25.79933847850055
3PhoLpVuITZKcymswpck5b,Elton John,79.4,34.79603087100331
181bsRPaVXVlUKXrxwZfHK,Megan Thee Stallion,66.9,29.28335170893054
2BTZIqw0ntH9MvilQ3ewNY,Cyndi Lauper,61.6,26.945975744211687
4ojkMVHjuDZgDXSJy5qs2h,Madhubanti Bagchi,59.9,26.196251378169787
2KsP6tYLJlTBvSUxnwlVWa,Mike Posner,57.8,25.270121278941563
5zixe6AbgXPqt4c1uSl94L,Connor Price,66.2,28.974641675854468
6P5NO5hzJbuOqSdyPB7SJM,Ashe,63.2,27.651598676957004
4tuJ0bMpJh08umKkEXKUI5,Gracie Abrams,79.8,34.97243660418963
46SHBwWsqBkxI7EeeBEQG7,Kodak Black,75.0,32.8555678059537
1ooV8YZC1KbpEcrmI8WH0F,Yebba,65.1,28.489525909592057
2DSE0PhxKUmTPLfZm13sup,Rumi,50.0,21.830209481808154
7eKkW1zo5uzW8kUntiiBvz,Malcolm Todd,74.0,32.414553472987876
1zxDewzd2j1ZdSBGaYcr0y,The Outfield,53.5,23.373759647188535
22wbnEMDvgVIAGdFeek6ET,Benson Boone,81.1,35.5457552370452
0GM7qgcRCORpGnfcN2tCiB,Tainy,75.6,33.12017640573318
2kRfqPViCqYdSGhYSM9R0Q,Madison Beer,72.3,31.664829106945973
56SjZARoEvag3RoKWIb16j,B Praak,64.0,28.004410143329658
1sBkRIssrMs1AbVkOJbc7a,Rick Ross,68.8,30.1212789415656
5VVN3xZw1i2qihfITZlvCZ,G. V. Prakash,65.8,28.798235942668136
0Y3agQaa6g2r0YmHPOO9rh,Davido,68.5,29.988974641675853
21dVknSLCsK37cWozWDZZS,Matt Sassari,60.7,26.549062844542448
6qhOH2mrlqUDod9sWA5kR2,Leo Dan,61.5,26.901874310915105
137W8MRPWKqSmrBGDBFSop,Wiz Khalifa,72.3,31.664829106945973
3Nrfpe0tUJi4K4DXYWgMUX,BTS,76.3,33.42888643880926
4ScCswdRlyA23odg9thgIO,Jess Glynne,66.2,28.974641675854468
12vb80Km0Ew53ABfJOepVz,Ñengo Flow,72.1,31.57662624035281
2kkQthS9OLpK4UqNWYqoVl,Jeet Gannguli,56.4,24.652701212789413
0qu422H5MOoQxGjd4IzHbS,Yves Tumor,54.6,23.858875413450935
0epOFNiUfyON9EYx7Tpr6V,The Strokes,71.3,31.223814773980152
6w3SkAHYPsQ1bxV7VDlG5y,Cazzu,66.8,29.239250275633957
0g0ZYLiNYI4kMg8MX76bkN,mikeeysmind,61.4,26.85777287761852
4gzrZDyL5gYiROkv27pYKx,Varun Jain,51.2,22.359426681367147
37lTKHi901VnwngQ7C8noT,Malachiii,53.3,23.285556780595368
6lcwlkAjBPSKnFBZjjZFJs,Alex G,70.1,30.694597574421167
0iEtIxbK0KxaSlF7G42ZOp,Metro Boomin,81.0,35.501653803748624
52iwsT98xCoGgiGntTiR7K,Quevedo,77.7,34.04630650496141
5eAWCfyUhZtHHtBdNk56l1,System Of A Down,77.8,34.09040793825799
3wcj11K77LjEY1PkEazffa,Burna Boy,70.9,31.047409040793823
61JrslREXq98hurYL2hYoc,Lata Mangeshkar,47.1,20.551267916207276
29S4JzoFUP1MCyMgKd83zM,Saaheal,55.0,24.035281146637267
1iCnM8foFssWlPRLfAbIwo,Gigi Perez,67.8,29.680264608599778
5sUrlPAHlS9NEirDB8SEbF,Alejandro Sanz,70.1,30.694597574421167
2kCcBybjl3SAtIcwdWpUe3,Lil Peep,78.0,34.17861080485116
1GDbiv3spRmZ1XdM1jQbT7,NATTI NATASHA,65.9,28.842337375964718
71oGOxg5ez52Hh1Ye41A98,Mustafa Zahid,64.9,28.401323042998897
6J7biCazzYhU3gM9j1wfid,Jamiroquai,68.1,29.81256890848952
5sXaGoRLSpd7VeyZrLkKwt,Gregory Alan Isakov,69.4,30.38588754134509
1RBzGO6Nm3uyhUSxP7EDWO,KEVIN ROLDAN,58.7,25.667034178610805
4IWBUUAFIplrNtaOHcJPRM,James Arthur,77.5,33.95810363836824
15UsOTVnJzReFVN1VCnxy4,XXXTENTACION,80.4,35.23704520396913
4gdMJYnopf2nEUcanAwstx,Anuv Jain,73.1,32.01764057331863
1fctva4kpRbg2k3v7kwRuS,Rvssian,66.3,29.018743109151046
12Zk1DFhCbHY6v3xep2ZjI,070 Shake,58.8,25.711135611907384
5cB4d4jPYjMT326sjihQ4m,Shaan,60.0,26.240352811466373
3yS84AjNFqhmuJlIXy7sax,Laxmikant–Pyarelal,30.2,13.098125689084894
3TOhzLRYnkkul71yRBxIoM,Akhil Sachdeva,59.0,25.79933847850055
1hFqbxc2MxieBIU4MqIEWm,Vairamuthu,49.8,21.742006615214994
6zFYqv1mOsgBRQbae3JJ9e,Billy Joel,77.5,33.95810363836824
57LYzLEk2LcFghVwuWbcuS,Summer Walker,72.0,31.53252480705623
3LKXWvXFWrkwUzJWxzwVpW,Tony Dize,67.5,29.54796030871003
0f3EsoviYnRKTkmayI3cux,Men At Work,56.6,24.74090407938258
1aMt4A5jrQHxDYyC7rXgV0,Pol Granch,51.4,22.447629547960307
3gMaNLQm7D9MornNILzdSl,Lionel Richie,61.3,26.81367144432194
4CQdcx66F116k2db2Y0rjE,Hades66,70.8,31.00330760749724
2MdFJmUQf3ckA99IhFF9my,Ely Oaks,69.6,30.474090407938252
69UypehHabb68utzfjAVlV,Kany García,67.5,29.54796030871003
7n2wHs1TKAczGzO7Dd2rGr,Shawn Mendes,78.6,34.443219404630646
3GBSge8pq7mpezUQl0GAOA,Kausar Munir,56.0,24.47629547960309
11kt6ggsdxvI8MhyeSMKom,CYRIL,70.6,30.915104740904077
2dIgFjalVxs4ThymZ67YCE,Stray Kids,79.0,34.61962513781698
1RaZAbVB4yopz69N1XlZvj,Rippy Grewal,55.57142857142857,24.287289336903445
0AqlFI0tz2DsEoJlKSIiT9,Emilia,67.3,29.459757442116867
2NdeV5rLm47xAvogXrYhJX,Ciara,64.8,28.357221609702314
5Pb27ujIyYb33zBqVysBkj,RÜFÜS DU SOL,70.6,30.915104740904077
5c8ZR64evQ00Spl73s76fo,Chuyin,70.5,30.871003307607495
06QVnTCdjs4jPKO0487EGV,Fiersa Besari,61.3,26.81367144432194
5c3Qxc5sTis0Oq3XcOdIJD,Rajesh Roshan,31.3,13.583241455347299
21E3waRsmPlU7jZsS13rcj,Ne-Yo,77.1,33.781697905181915
0GOx72r5AAEKRGQFn3xqXK,GIMS,72.6,31.79713340683572
3mIj9lX2MWuHmhNCA7LSCW,The 1975,68.5,29.988974641675853
4MVyzYMgTwdP7Z49wAZHx0,Lynyrd Skynyrd,70.6,30.915104740904077
74ASZWbe4lXaubB36ztrGX,Bob Dylan,69.4,30.38588754134509
3qnGvpP8Yth1AqSBMqON5x,Leon Bridges,72.4,31.708930540242562
6zLBxLdl60ekBLpawtT63I,Cody Johnson,74.3,32.546857772877615
1CoZyIx7UvdxT5c8UkMzHd,Jorja Smith,66.4,29.06284454244763
1HwM5zlC5qNWhJtM00yXzG,DMX,64.1,28.048511576626236
0N0d3kjwdY2h7UVuTdJGfp,Cascada,61.0,26.681367144432194
22bE4uQ6baNwSHPVcDxLCe,The Rolling Stones,75.5,33.0760749724366
1HBjj22wzbscIZ9sEb5dyf,Jonas Blue,68.6,30.03307607497243
3eLZo1bSslvsu0zNhtmMM4,Wicked Movie Cast,57.5,25.13781697905182
2UwDJeoMqYers5Jmm75zm2,Antara Mitra,60.3,26.372657111356116
1snhtMLeb2DYoMOcVbb8iB,Kenshi Yonezu,72.8,31.885336273428884
4YqwRbMLqGHRHLS1w2ZKse,Veigh,72.2,31.620727673649395
2f8xoxornfSw6ePzgyM9NO,MC Jvila,68.9,30.16538037486218
38Bf9u0Tg0JOEcjxzqSuAj,JR Torres,58.7,25.667034178610805
66CXWjxzNUsdJxJ2JdwvnR,Ariana Grande,82.5,36.16317530319735
5ZsFI1h6hIdQRw2ti0hz81,ZAYN,71.9,31.48842337375965
74XFHRwlV6OrjEM0A2NCMF,Paramore,76.5,33.51708930540242
3E6xrwgnVfYCrCs0ePERDz,Wisin,64.1,28.048511576626236
4RVnAU35WRWra6OZ3CbbMA,Kylie Minogue,61.1,26.725468577728776
29aw5YCdIw2FEXYyAJZI8l,Harris Jayaraj,64.2,28.092613009922825
5nCi3BB41mBaMH9gfr6Su0,fun.,53.3,23.285556780595368
1eIYP01ZLPKEExhcV6xFgt,Grelo,66.9,29.28335170893054
6Te49r3A6f5BiIgBRxH7FH,Ninho,69.0,30.209481808158763
07YUOmWljBTXwIseAUd9TW,Sebastian Yatra,70.8,31.00330760749724
2uYWxilOVlUdk4oV9DvwqK,Mitski,76.4,33.47298787210585
2p4FqHnazRucYQHyDCdBrJ,Simple Plan,60.4,26.416758544652698
2wkoKEfS6dXwThbyTnZWFU,Mau y Ricky,64.1,28.048511576626236
1Zg9Zp2NMNIBUiazqAHr1C,Dj Andrabeat,20.9,8.996692392502755
3WGpXCj9YhhfX11TToZcXP,Troye Sivan,70.0,30.650496141124584
2iE18Oxc8YSumAU232n4rW,The Jackson 5,65.8,28.798235942668136
0ErzCpIMyLcjPiwT4elrtZ,NLE Choppa,69.5,30.429988974641674
0nmQIMXWTXfhgOBdNzhGOs,Avenged Sevenfold,72.8,31.885336273428884
79bxUQsBIXO8nVLB9fYKf7,Modern Talking,66.8,29.239250275633957
2uFUBdaVGtyMqckSeCl0Qj,Ludovico Einaudi,68.5,29.988974641675853
3YCKuqpv9nCsIhJ2v8SMix,Elevation Worship,70.4,30.826901874310913
0qpsFfOT3SmdGmnyV6rOhS,Meet Bros.,61.1,26.725468577728776
1QcutbFtA6u8A2ZFTZuLSL,Panda Black,54.0,23.594266813671446
1SupJlEpv7RS2tPNRaHViT,Nicky Jam,76.3,33.42888643880926
716NhGYqD1jl2wI1Qkgq36,Bizarrap,75.7,33.164277839029765
5p9HO3XC5P3BLxJs5Mtrhm,Djo,68.4,29.94487320837927
40ZNYROS4zLfyyBSs2PGe2,Zach Bryan,81.0,35.501653803748624
2CKOmarVWvWqkNWUatHCex,Ana Castela,72.6,31.79713340683572
19eLuQmk9aCobbVDHc6eek,Louis Armstrong,66.3,29.018743109151046
3iDD7bnsjL9J4fO298r0L0,Chicago,66.0,28.8864388092613
6aQfrWHwAcuY8IYItbChZh,Shinda Kahlon,66.9,29.28335170893054
4qU7IJSReZnsLy5907Mtau,Richy Mitch & The Coal Miners,60.7,26.549062844542448
3lRhKw5gfTNnpnPFFE7TfQ,Maan Panu,57.4,25.093715545755234
4AK6F7OLvEQ5QYCBNiQWHq,One Direction,81.5,35.72216097023153
6l3HvQ5sa6mXTsMTB19rO5,J. Cole,76.5,33.51708930540242
3JhNCzhSMTxs9WLGJJxWOY,Macklemore,68.5,29.988974641675853
7Ey4PD4MYsKc5I2dolUwbH,Aerosmith,73.7,32.28224917309812
7n2Ycct7Beij7Dj7meI4X0,TWICE,76.0,33.29658213891952
3i6lAgVHplDXb6zrjIeBeK,Kris R.,72.5,31.75303197353914
0ZED1XzwlLHW4ZaG4lOT6m,Julia Michaels,65.3,28.577728776185225
5e4Dhzv426EvQe3aDb64jL,Shania Twain,65.7,28.754134509371557
0VRj0yCOv2FXJNP47XQnx5,Quavo,65.7,28.754134509371557
7gZfnEnfiaHzxARJ2LeXrf,6ix9ine,69.4,30.38588754134509
0cc6vw3VN8YlIcvr1v7tBL,Mötley Crüe,69.2,30.29768467475193
2SrSdSvpminqmStGELCSNd,Stormzy,63.9,27.960308710033072
3qpyErDI4i90q5EGgSRmNK,Raghav Chaitanya,57.8,25.270121278941563
5gZhfbckaWo89OzDSk3gdT,Jaani,67.7,29.6361631753032
5xh6szshoZ0UfZD1x6QzZG,NDS,66.8,29.239250275633957
3k68C6mNMJL6OaAdWeW2ZF,Diego & Victor Hugo,69.0,30.209481808158763
5SbkVQYYzlw1kte75QIabH,Gnarls Barkley,41.7,18.169790518191842
7iZtZyCzp3LItcw1wtPI3D,Rae Sremmurd,68.1,29.81256890848952
3VNITwohbvU5Wuy5PC6dsI,Kool & The Gang,66.2,28.974641675854468
3hTffafUYLLgO4yuPAxb5U,Lenin Ramírez,63.5,27.783902976846747
0qT79UgT5tY4yudH9VfsdT,Sum 41,64.5,28.224917309812568
0gXDpqwYNDODn7fB0RDN8J,Mohammed Rafi,44.0,19.184123484013227
0PMk31f9Log4ixwUUY40p6,Malibu,57.7,25.226019845644984
08GQAI4eElDnROBrJRGE0X,Fleetwood Mac,81.9,35.89856670341786
4npEfmQ6YuiwW1GpUmaq3F,Ava Max,74.3,32.546857772877615
6WPmTGeeoymoVlXVtsCwz7,Kavita Krishnamurthy,58.9,25.755237045203966
3sgFRtyBnxXD5ESfmbK4dl,LMFAO,57.7,25.226019845644984
6PH3FLQAxtqYy46Zv08bpV,Ivan Cornejo,75.0,32.8555678059537
0RVfcqug2nB820dxIGycIW,Hansika Pareek,59.2,25.887541345093716
0pcoadNMmvrUyab1RxWBoV,MC Hariel,64.4,28.180815876515986
4tX2TplrkIP4v05BNC903e,Tom Petty and the Heartbreakers,64.6,28.269018743109147
5K4W6rqBFWDnAN6FQUkS6x,Kanye West,83.7,36.69239250275634
6LqNN22kT3074XbTVUrhzX,Kesha,77.6,34.002205071664825
3ozYqVCLohfpXIhalkhM8D,Aditya Rikhari,75.6,33.12017640573318
7EQ0qTo7fWT7DPxmxtSYEc,Bastille,63.4,27.73980154355016
7wlFDEWiM5OoIAt8RSli8b,YoungBoy Never Broke Again,77.4,33.91400220507167
6ohaQzKaXrobAL8paLSaxq,Salim–Sulaiman,62.4,27.29878721058434
7lzordPuZEXxwt9aoVZYmG,Billy Idol,65.8,28.798235942668136
5naPJsWUJ6y22yKXA6dX36,Silet Open Up,62.4,27.29878721058434
4hkB2bR5ek6lJChj6aunCn,Anuradha Paudwal,59.0,25.79933847850055
0N2lT1m7rG0klYHZrkyMPw,Rony Ajnali,57.3,25.049614112458652
6CXEwIaXYfVJ84biCxqc9k,Vishal Dadlani,61.6,26.945975744211687
2IUtwMti1OiT3lkW6RubgH,K. S. Chithra,57.6,25.181918412348402
4HQeSXwG2BVH0KvxHE5oCf,Suzanne D'Mello,62.5,27.342888643880926
46gyXjRIvN1NL1eCB8GBxo,All Time Low,64.2,28.092613009922825
5pKCCKE2ajJHZ9KAiaK11H,Rihanna,80.5,35.28114663726571
6qxpnaukVayrQn6ViNvu9I,BigXthaPlug,76.4,33.47298787210585
3yY2gUcIsjMr8hjo51PoJ8,The Smiths,77.2,33.8257993384785
449rEPoJUfZNnXX9UnUUbi,Mc Rodrigo do CN,73.1,32.01764057331863
0f6TyESD8E1mD2oLJ4TGv1,For Revenge,69.7,30.51819184123484
0ocHleb3SllGNQQcDH35Xz,Herencia De Grandes,71.2,31.179713340683573
2gsggkzM5R49q6jpPvazou,Jessie J,60.5,26.460859977949283
0y59o4v8uw5crbN9M3JiL1,Badshah,68.5,29.988974641675853
0ZCO8oVkMj897cKgFH7fRW,Los Ángeles Azules,64.5,28.224917309812568
6xlRSRMLgZbsSNd0BMobwy,DENNIS,65.9,28.842337375964718
0JjPiLQNgAFaEkwoy56B1C,L7NNON,65.7,28.754134509371557
4MoAOfV4ROWofLG3a3hhBN,Jon Pardi,73.1,32.01764057331863
0RESbWvOMyua0yuyVrztJ5,Key Glock,68.5,29.988974641675853
7KVJCU4z5L4EUHILL8aMxR,Léo Santana,61.3,26.81367144432194
58lV9VcRSjABbAbfWS6skp,Bon Jovi,75.1,32.89966923925027
2oSONSC9zQ4UonDKnLqksx,Atif Aslam,76.2,33.384785005512676
0cGUm45nv7Z6M6qdXYQGTX,Kehlani,70.9,31.047409040793823
6DARBhWbfcS9E4yJzcliqQ,Karan Aujla,78.0,34.17861080485116
0T1CMVkqffHlqEk4BcAph1,Tulsi Kumar,66.1,28.93054024255788
7w29UYBi0qsHi5RTcv3lmA,Björk,57.8,25.270121278941563
6PAt558ZEZl0DmdXlnjMgD,Eric Clapton,64.9,28.401323042998897
0xHXoShMJw3xDArjL8IHtt,Nadeem Shravan,50.5,22.050716648291065
5bQ3wFgekuIMIcWJuxkqLK,Chrystal,55.9,24.432194046306503
1OFOShsIbhy1l5x73yuVyB,Shenseea,64.7,28.313120176405736
0KPX4Ucy9dk82uj4GpKesn,Dalex,68.9,30.16538037486218
3CIIaeZuFYrAD6PRVyuO4U,Felipe Amorim,71.1,31.135611907386988
2WcCTeyPFxpiGwlntz0X2V,Dysbit,57.7,25.226019845644984
1NjxFrpEGZTV2Ny0OJxeWu,Sal Priadi,68.4,29.94487320837927
1uNFoZAHBGtllmzznpCI3s,Justin Bieber,85.7,37.574421168687984
687cZJR45JO7jhk1LHIbgq,Tems,75.8,33.20837927232635
47zz7sob9NUcODy0BTDvKx,Sade,76.4,33.47298787210585
1bAftSH8umNcGZ0uyV7LMg,Duki,70.4,30.826901874310913
340PS4ZcZ4UCBgyrXzEjcp,Max McNown,70.8,31.00330760749724
1WXbiUMl1AT9Inb619xPUg,BIN,64.3,28.136714443219404
6hyMWrxGBsOx6sWcVj1DqP,Sebastian Ingrosso,62.1,27.166482910694597
32WkQRZEVKSzVAAYqukAEA,Lady A,64.6,28.269018743109147
3Tfh86fepXglotJQCWkOGe,DJ Asul,69.8,30.56229327453142
1fux65HMCBvfJHqlBc4Nno,Casper Magico,60.6,26.504961411245866
3mQBpAOMWYqAZyxtyeo4Lo,KC & The Sunshine Band,59.6,26.063947078280044
74KM79TiuVKeVCqs8QtB0B,Sabrina Carpenter,87.5,38.368246968026455
4G9NDjRyZFDlJKMRL8hx3S,sombr,80.1,35.10474090407938
33ScadVnbm2X8kkUqOkC6Z,Don Omar,78.9,34.5755237045204
3nFkdlSjzX9mRTtwJOzDYB,JAY-Z,76.0,33.29658213891952
3AQRLZ9PuTAozP28Skbq8V,The Script,62.2,27.210584343991183
21451j1KhjAiaYKflxBjr1,Zion & Lennox,70.5,30.871003307607495
5CiGnKThu5ctn9pBxv7DGa,benny blanco,67.3,29.459757442116867
1pgDilWYDWLoOgGjf1iHNu,Zion,65.0,28.44542447629548
2iojnBLj0qIMiKPvVhLnsH,Trey Songz,62.8,27.475192943770672
3eqjTLE0HfPfh78zjh6TqT,Bruce Springsteen,74.7,32.723263506063944
16oZKvXb6WkQlVAjwo2Wbg,The Lumineers,73.8,32.326350606394705
6s4LSwgbzTAfnN6OUfegJB,Sayfalse,74.1,32.45865490628445
3rIZMv9rysU7JkLzEaC5Jp,Snow Patrol,58.2,25.446527012127895
7sGSFhUe26nmXPxw3KuXrj,Jacson Seran,85.0,37.26571113561191
2owjgBZQ70LoCNHIgW3gSk,Anand-Milind,33.4,14.509371554575523
49aaHxvAJ0tCh0F15OnwIl,Loreen,61.0,26.681367144432194
0fTSzq9jAh4c36UVb4V7CB,Alex Warren,81.2,35.58985667034179
4YRxDV8wJFPHPTeXepOstw,Arijit Singh,76.2,33.384785005512676
5YqI7p8zYsOpKJtjxYdOce,Victor Mendivil,80.9,35.45755237045204
3GBPw9NK25X1Wt2OUvOwY3,Jack Johnson,67.3,29.459757442116867
7pFWMC2E7h8eL3SZyHRsRq,Idgitaf,67.4,29.50385887541345
0QntOArZgiNHoemAzwJPu5,Gur Sidhu,72.6,31.79713340683572
4cgBCGxtlfap2g6jveB7du,Afgan,68.4,29.94487320837927
3t5xRXzsuZmMDkQzgOX35S,Robin Schulz,70.7,30.959206174200663
7uIbLdzzSEqnX0Pkrb56cR,Yo Yo Honey Singh,71.8,31.444321940463063
3jOstUTkEu2JkjvRdBA5Gu,Weezer,71.0,31.09151047409041
6ZLTlhejhndI4Rh53vYhrY,Ozzy Osbourne,71.5,31.31201764057332
2yLzlEFtIS0Q9UkyBZdQA7,Jessie Murph,71.7,31.400220507166484
22UtphG4LcwxlhhV0aP4js,Rauhan Malik,29.7,12.877618522601983
5a2EaR3hamoenG9rDuVn8j,Prince,65.2,28.533627342888646
0EdvGhlC1FkGItLOWQzG4J,Sublime,69.5,30.429988974641674
3oSJ7TBVCWMDMiYjXNiCKE,Kane Brown,65.0,28.44542447629548
7gJN8W0589FisSYJS17K54,Filipe Ret,70.5,30.871003307607495
4pwXiI7Z5ZStkgKowZyoKi,Like Mike,48.4,21.124586549062844
0yRC5n90spXG0d3aiDQ0vB,Gulzar,59.4,25.975744211686877
6q29t5RuXxlBuqIZsOMQss,Priya Saraiya,61.4,26.85777287761852
4mBxoO0pAcMbAwuTcrcLMc,Alisha Chinai,57.3,25.049614112458652
79omf4LgzaVAnXIRWPkJUq,Naykilla,62.1,27.166482910694597
5y2Xq6xcjJb2jVM54GHK3t,John Legend,67.3,29.459757442116867
7MiDcPa6UiV3In7lIM71IN,Gusttavo Lima,72.2,31.620727673649395
2hVWBpjLW4Q7fboYz2pVYK,MOLIY,62.1,27.166482910694597
6v8FB84lnmJs434UJf2Mrm,Neil Young,64.9,28.401323042998897
7mWCSSOYqm4E9mB7V4ot6S,Miguel Bosé,67.5,29.54796030871003
3TNt4aUIxgfy9aoaft5Jj2,Yeah Yeah Yeahs,60.1,26.284454244762955
6Ip8FS7vWT1uKkJSweANQK,Dave,76.3,33.42888643880926
3l0CmX0FuQjFxr8SK7Vqag,Clairo,76.3,33.42888643880926
1yzgJmZf5CxtFfGfRFm4Si,Gajendra Verma,63.3,27.695700110253583
3plJVWt88EqjvtuB4ZDRV3,Ben E. King,47.0,20.50716648291069
1VPmR4DJC1PlOtd0IADAO0,$uicideboy$,75.4,33.031973539140026
4xlqU0G9EloUPHL1qlmWY6,Gopi Sundar,61.5,26.901874310915105
4463nfFMmK1cwAWBQDwT5e,Laura Branigan,53.0,23.153252480705625
1TbRSunWGZ46mqnapcWxrm,Salim Merchant,58.9,25.755237045203966
2YZyLoL8N0Wb9xBt1NhZWg,Kendrick Lamar,84.3,36.957001102535834
6vWDO969PvNqNYHIOW5v0m,Beyoncé,71.3,31.223814773980152
0tmwSHipWxN12fsoLcFU3B,Manuel Turizo,76.7,33.605292171995586
4oUHIQIBe0LHzYfvXNW4QM,Morgan Wallen,82.2,36.03087100330761
7gW0r5CkdEUMm42w9XpyZO,Laufey,76.8,33.64939360529217
5sSzCxHtgL82pYDvx2QyEU,Devi Sri Prasad,65.7,28.754134509371557
1gJdf4Yybu4X5A2xYV3NMV,Eden Muñoz,69.4,30.38588754134509
7KMqksf0UMdyA0UCf4R3ux,James Blunt,65.1,28.489525909592057
6k6dimE4a6OFnD0HWmkIUW,Tochi Raina,51.9,22.668136714443218
35S20clEkkSNUo23ViaslZ,Band Aid,49.833333333333336,21.75670709298052
4HzKw8XcD0piJmDrrPRCYk,Majid Jordan,58.8,25.711135611907384
0J7U24vlOOIeMpuaO6Q85A,LP,55.7,24.343991179713342
6IDsZZ4IHgs9VblBgQQSmt,Andmesh,66.8,29.239250275633957
4etv0ut4ws0GbXBtolzf5e,Mukesh,49.2,21.477398015435504
1zNqQNIdeOUZHb8zbZRFMX,Swae Lee,69.2,30.29768467475193
4E2rKHVDssGJm2SCDOMMJB,Doechii,73.1,32.01764057331863
7H55rcKCfwqkyDFH9wpKM6,Christina Perri,63.6,27.82800441014333
19HM5j0ULGSmEoRcrSe5x3,Milo j,77.6,34.002205071664825
7jefIIksOi1EazgRTfW2Pk,Electric Light Orchestra,68.1,29.81256890848952
1z7b1Pr1rSlvWRzsW3HOrS,Russ,67.6,29.59206174200661
08GfvCW09pv2QP4y9sle2a,Sam Barber,72.2,31.620727673649395
0XKOBt59crntr7HQXXO8Yz,Brooks & Dunn,68.6,30.03307607497243
2RdwBSPQiwcmiDo9kixcl8,Pharrell Williams,75.2,32.943770672546854
6LEG9Ld1aLImEFEVHdWNSB,AP Dhillon,74.4,32.590959206174205
0SwO7SWeDHJijQ3XNS7xEE,MGMT,65.6,28.710033076074968
19MVxKZZdPj2X0F8pi0OCT,Sukhwinder Singh,61.0,26.681367144432194
3CDoRporvSjdzTrm99a3gi,LUDMILLA,65.5,28.66593164277839
0rUu2qzqezBrCddX1RuUyJ,Omar Camacho,71.3,31.223814773980152
41qil2VaGbD194gaEcmmyx,Will Smith,58.3,25.490628445424473
3JsMj0DEzyWc0VDlHuy9Bx,Supertramp,67.1,29.3715545755237
4BxCuXFJrSWGi1KHcVqaU4,Kodaline,60.6,26.504961411245866
26AHtbjWKiwYzsoGoUZq53,Pentatonix,68.8,30.1212789415656
4iA6bUhiZyvRKJf4FNVX39,Vijay Prakash,64.5,28.224917309812568
4tw2Lmn9tTPUv7Gy7mVPI4,Kenny Rogers,67.5,29.54796030871003
2NCGI6dLTxLdI9XHdv7QfM,The Andrews Sisters,57.6,25.181918412348402
5T2I75UlGBcWd5nVyfmL13,Mika Singh,59.6,26.063947078280044
1qUjOF5fzrpoNycD36b2jZ,Nate Ruess,39.3,17.111356119073868
5pZE9tgrhmIGWAsJZ7YxNK,Luny Tunes,61.8,27.03417861080485
2DmYtFBKcxb3ajwWWgA576,Emmanuel,63.9,27.960308710033072
6DPYiyq5kWVQS4RGwxzPC7,Dr. Dre,73.4,32.14994487320838
2qoQgPAilErOKCwE2Y8wOG,GloRilla,71.5,31.31201764057332
3RtNN1VnooWEn3KQk03DUL,Noriel,72.8,31.885336273428884
6HaGTQPmzraVmaVxvz6EUc,Jung Kook,76.8,33.64939360529217
7gR53ad9JjCweCv4f9MWEX,Eddy Lover,54.9,23.99117971334068
5ixB75BQR3ADoWQkcHQJTs,Gene Autry,60.3,26.372657111356116
1fUSLFr4WUBx7joEcGwpvG,Sorriso Maroto,68.1,29.81256890848952
4V8Sr092TqfHkfAA5fXXqG,Luis Fonsi,71.4,31.267916207276734
5bSfBBCxY8QAk4Pifveisz,La Arrolladora Banda El Limón De Rene Camacho,76.4,33.47298787210585
4BoRxUdrcgbbq1rxJvvhg9,Olivia Newton-John,57.2,25.005512679162074
6Wlvsn3IPHiZwAv02lB5eC,Ícaro e Gilmar,69.9,30.606394707828002
6zlR5ttMfMNmwf2lecU9Cc,Sam Fender,70.9,31.047409040793823
3nFB4eMP5gdqee2eQb8nZb,Conjunto Primavera,68.3,29.90077177508269
2DaxqgrOhkeH0fpeiQq2f4,Oasis,68.7,30.07717750826902
6oBm8HB0yfrIc9IHbxs6in,Lykke Li,62.0,27.122381477398015
5aOpLMYo7aOOxoXBFkiJ4u,Diva Aurel,68.0,29.768467475192942
6XjgqvaVLUib6lCerbZrYD,Stryv,76.0,33.29658213891952
2FPwX3Gh0w4Qr1v3zSTtcT,Papon,55.5,24.255788313120178
01nUdqwuIHCHLZNP2TvYVF,Boy Wonder CF,62.0,27.122381477398015
6TKygPpVT29oGUogu4J9Ec,Yan Block,79.7,34.92833517089305
34giN3qeTOdgDSJIdtIMdm,Mc Jhey,70.0,30.650496141124584
0JGZRsRtFTQ0ZVBq9b2ZEj,DJ Javi26,66.8,29.239250275633957
1EmdfupUQDpXOcb4Nj2mBH,Chezile,61.3,26.81367144432194
22WZ7M8sxp5THdruNY3gXt,The Doors,69.1,30.253583241455342
4xPQFgDA5M2xa0ZGo5iIsv,¥$,67.8,29.680264608599778
5aIqB5nVVvmFsvSdExz408,Johann Sebastian Bach,57.2,25.005512679162074
1QfpRUtH14JLoY6F6AYmwt,The Rare Occasions,53.3,23.285556780595368
5TB837uKG65w8Jnz5D0bS5,Vidyasagar,48.4,21.124586549062844
2WzaAvm2bBCf4pEhyuDgCY,Ruth B.,64.7,28.313120176405736
6Ff53KvcvAj5U7Z1vojB5o,*NSYNC,65.1,28.489525909592057
3rWZHrfrsPBxVy692yAIxF,WILLOW,62.9,27.51929437706725
4ClsVDy2g7RKSSlvq8cF6d,León Larregui,58.4,25.534729878721055
0Il5vC8lqunSFNav4mMLxU,Natanzinho Lima,69.7,30.51819184123484
0C0XlULifJtAgn6ZNCW2eu,The Killers,74.0,32.414553472987876
2QsynagSdAqZj3U9HgDzjD,Bob Marley & The Wailers,75.0,32.8555678059537
1cUpGtXcSQsovNYEZOQgOG,Nanpa Básico,67.8,29.680264608599778
7qYeIN2r4H1kBvr0Gm9Iav,Randy Nota Loca,62.8,27.475192943770672
6IKlXZEFOvk9itrP1s0knJ,The Red Clay Strays,71.0,31.09151047409041
6TcnmlCSxihzWOQJ8k0rNS,Third Eye Blind,63.5,27.783902976846747
5IH6FPUwQTxPSXurCrcIov,Alec Benjamin,70.4,30.826901874310913
0MHgLfmQdutffmvWe5XBTN,Burl Ives,61.1,26.725468577728776
7An4yvF7hDYDolN4m5zKBp,Soda Stereo,59.6,26.063947078280044
2WX2uTcsvV5OnS0inACecP,Birdy,64.5,28.224917309812568
6DIS6PRrLS3wbnZsf7vYic,WALK THE MOON,55.4,24.211686879823592
25UNJbwGZSQKvz5cPLWlv3,Los Dos Carnales,66.8,29.239250275633957
1dfeR4HaWDbWqFHLkxsg1d,Queen,71.0,31.09151047409041
7cYEt1pqMgXJdq00hAwVpT,Chase Atlantic,78.5,34.399117971334064
0SfsnGyD8FpIN4U4WCkBZ5,Armin van Buuren,64.8,28.357221609702314
085pc2PYOi8bGKj0PNjekA,will.i.am,64.4,28.180815876515986
2ziB7fzrXBoh1HUPS6sVFn,Audioslave,65.6,28.710033076074968
2ydZrTy8U3kOMOzx20s3dg,DJ Nelson,59.6,26.063947078280044
3DHOtJqv0Bw65ENlK4FiSF,Yovie & Nuno,68.6,30.03307607497243
0JDkhL4rjiPNEp92jAgJnS,Roy Orbison,60.9,26.63726571113561
3SgHzT552wy2W8pNLaLk24,Hillsong Worship,60.0,26.240352811466373
38EmEgXkgK51MT2tPY0EoC,Bobby Helms,40.5,17.640573318632853
6pV5zH2LzjOUHaAvENdMMa,Neton Vega,80.2,35.14884233737596
1eDupbD9kIx8UaZlzcBG5r,samUIL Lee,53.9,23.55016538037486
2s4tjL6W3qrblOe0raIzwJ,Yoko Ono,46.5,20.28665931642778
4VIvfOurcf0vuLRxLkGnIG,Bradley Cooper,56.7,24.785005512679163
6sCbFbEjbYepqswM1vWjjs,Zendaya,62.4,27.29878721058434
4Kv35Xnw1ODjO2nIHLhdBY,Dj Caio Vieira,55.6,24.299889746416756
0Y6dVaC9DZtPNH4591M42W,TV Girl,80.6,35.32524807056229
165ZgPlLkK7bf5bDoFc6Sb,Limp Bizkit,77.7,34.04630650496141
6sFIWsNpZYqfjUpaCgueju,Carly Rae Jepsen,57.5,25.13781697905182
1Y8cdNmUJH7yBTd9yOvr5i,Destiny's Child,67.4,29.50385887541345
3r17AfJCCUqC9Lf0OAc73G,Fergie,63.2,27.651598676957004
6TYimByryGphZCtwYopH0y,Lauana Prado,68.3,29.90077177508269
0XK6kT7xcZAlcYrNjOgzJe,Carla Morrison,69.6,30.474090407938252
20qISvAhX20dpIbOOzGK3q,Nas,66.6,29.15104740904079
4naSOUBsPQeISuibs56w6Y,Vikram Sarkar,71.5,31.31201764057332
0AkpPlFLnr0VQwZQeMGht0,Modjo,54.0,23.594266813671446
2pQAUIesBqfT87PaM1ijtk,Trap Capos,67.2,29.41565600882029
5isfxZ3RSdBlSLn3cSFhnI,Meet Bros Anjjan,55.5,24.255788313120178
0oOet2f43PA68X5RxKobEy,Shreya Ghoshal,73.6,32.23814773980154
6S2OmqARrzebs0tKUEyXyp,Demi Lovato,72.5,31.75303197353914
6deZN1bslXzeGvOLaLMOIF,Nickelback,75.1,32.89966923925027
0PFtn5NtBbbUNbU9EAmIWF,TOTO,67.8,29.680264608599778
3aQeKQSyrW4qWr35idm0cy,T-Pain,72.8,31.885336273428884
07PdYoE4jVRF6Ut40GgVSP,Cartel De Santa,69.0,30.209481808158763
4PY2xnTu90K0hvkgcljRJl,Deepthi Suresh,48.8,21.300992282249172
1cfG7UM0OD4O1II1nd15Qo,Ash King,61.6,26.945975744211687
4nDoRrQiYLoBzwC5BhVJzF,Camila Cabello,76.4,33.47298787210585
5fMUXHkw8R8eOP2RNVYEZX,Diplo,70.1,30.694597574421167
7FNnA9vBm6EKceENgCGRMb,Anitta,71.3,31.223814773980152
2oQX8QiMXOyuqbcZEFsZfm,El Alfa,72.8,31.885336273428884
3qsKSpcV3ncke3hw52JSMB,Young Miko,72.4,31.708930540242562
2ae6PxICSOZHvjqiCcgon8,S. P. Balasubrahmanyam,61.0,26.681367144432194
6PvvGcCY2XtUcSRld1Wilr,Silk Sonic,65.5,28.66593164277839
43sZBwHjahUvgbx1WNIkIz,Creed,71.7,31.400220507166484
5KEG7G8LDYlHgFDqZyEEs2,Chris Rea,58.6,25.622932745314223
1Hsdzj7Dlq2I7tHP7501T4,Niall Horan,64.8,28.357221609702314
2CpLIMBoE2ZzyY3ZBCRZ7j,BUNT.,69.1,30.253583241455342
1cYhx7ZOhYoVmnDPb9KMwo,Mc Davi,65.2,28.533627342888646
1tKrZaph4cLsnEdqC5BNEQ,Clayton & Romário,65.6,28.710033076074968
536BYVgOnRky0xjsPT96zl,Two Door Cinema Club,59.4,25.975744211686877
163tK9Wjr9P9DmM0AVK7lm,Lorde,78.2,34.26681367144432
0pePYDrJGk8gqMRbXrLJC8,Luis R Conriquez,73.4,32.14994487320838
6Xb4ezwoAQC4516kI89nWz,Imogen Heap,70.7,30.959206174200663
5gznATMVO85ZcLTkE9ULU7,Lenny Kravitz,69.0,30.209481808158763
0cQbJU1aAzvbEmTuljWLlF,No Doubt,65.2,28.533627342888646
2gTPBFjo3M9rvMSZWTk9nT,Qadir Khan,35.666666666666664,15.509004042631386
5ZfBThYiIIhL7jHMG8gDB2,Ferrugem,68.4,29.94487320837927
5JG9GISYjRLQUJMH2C6iJ5,Turma do Pagode,65.8,28.798235942668136
7gZu6kPnY9enEi5FvgTO4F,Felipe e Rodrigo,68.3,29.90077177508269
04QHNiih9ZesPvals6II1h,MC Marks,64.2,28.092613009922825
1URnnhqYAYcrqrcwql10ft,21 Savage,77.8,34.09040793825799
4GNC7GD6oZMSxPGyXy4MNB,Lewis Capaldi,78.3,34.3109151047409
2IMZYfNi21MGqxopj9fWx8,Rels B,75.2,32.943770672546854
3qiHUAX7zY4Qnjx8TNUzVx,Yeat,74.4,32.590959206174205
5r2baeTwcCJnuIsDIlxUJo,Rashmi Virag,65.6,28.710033076074968
4xd7mLI7urqrxELaXhAvzw,Shekhar Ravjiani,65.3,28.577728776185225
4GvEc3ANtPPjt1ZJllr5Zl,Bazzi,67.1,29.3715545755237
4Q6nIcaBED8qUel8bBx6Cr,Jax Jones,64.5,28.224917309812568
5wQDQFm7Ku8WWGi5xqJ9lp,Jyotica Tangri,55.8,24.38809261300992
4KWTAlx2RvbpseOGMEmROg,R.E.M.,68.1,29.81256890848952
60d24wfXkVzDSfLS6hyCjZ,Martin Garrix,70.8,31.00330760749724
3yMmYEklQ7gLOZXEFNd3xr,Palak Muchhal,64.9,28.401323042998897
13saZpZnCDWOI9D4IJhp1f,Lily Allen,75.3,32.98787210584344
2cWZOOzeOm4WmBJRnD5R7I,Normani,56.3,24.60859977949283
36iDrP3UnCxsSH9LuSdkDj,Masoom Sharma,74.9,32.811466372657115
1cNDP5yjU5vjeR8qMf4grg,YNW Melly,70.2,30.738699007717752
0dlOr0VIysztGWvU1dpjmP,Natalie Imbruglia,45.9,20.02205071664829
1Mxqyy3pSjf8kZZL4QVxS0,Frank Sinatra,77.4,33.91400220507167
2ZRrPOjBIWoKK5rHedLijj,Abhijeet,65.0,28.44542447629548
6AMd49uBDJfhf30Ak2QR5s,Coi Leray,56.3,24.60859977949283
7vCsTTACb2iT4fvBMnwp5w,Prashant Pandey,39.7,17.2877618522602
0vLuOi2k62sHujIfplInlK,Hungria,63.8,27.916207276736493
3pc0bOVB5whxmD50W79wwO,keshi,71.2,31.179713340683573
7G1GBhoKtEPnP86X2PvEYO,Nina Simone,65.3,28.577728776185225
7LVC96BEVGugTAp38AajV6,Lithe,66.8,29.239250275633957
1GMwSpFzrLd12jUX15bHB6,BLOK3,76.8,33.64939360529217
4fwuXg6XQHfdlOdmw36OHa,Paloma Faith,55.5,24.255788313120178
0PykiHCcDsMPRV7s67qZ1B,Tippu,58.2,25.446527012127895
4N8BwYTEC6XqykGvXXlmfv,George Benson,63.4,27.73980154355016
6twIAGnYuIT1pncMAsXnEm,Commodores,59.3,25.931642778390295
06HL4z0CvFAxyc27GXpf02,Taylor Swift,91.2,40.0
7uDdl5V5AETSFY7K3muu22,Arthur Nery,72.0,31.53252480705623
2hlmm7s2ICUX0LVIhVFlZQ,Gunna,78.2,34.26681367144432
4YgUVg4p7xtMOrOS4GjiJZ,Jatin-Lalit,67.3,29.459757442116867
0Ty63ceoRnnJKVEYP0VQpk,Sting,67.8,29.680264608599778
3RGLhK1IP9jnYFH4BRFJBS,The Clash,63.6,27.82800441014333
4DWuml4Jf6K81b5rAPwMb6,Clementine Douglas,64.7,28.313120176405736
6IE6z7DcZIT4Ml3Fh5Ivch,Selena,70.1,30.694597574421167
0oAZhL6hFrM3YRr6QzjlOf,MJ Records,68.7,30.07717750826902
183DgO92lAqgpVVNKI7ZKF,Raj Ranjodh,67.0,29.32745314222712
1i8SpTcr7yvPOmcqrbnVXY,Ozuna,79.1,34.66372657111356
0LcJLqbBmaGUft1e9Mm8HV,ABBA,79.2,34.70782800441014
3GdSQUH1BRtl9UrrtuwJlP,Irshad Kamil,72.1,31.57662624035281
1ThoqLcyIYvZn7iWbj8fsj,Bill Withers,66.8,29.239250275633957
27T030eWyCQRmDyuvr1kxY,Scorpions,70.1,30.694597574421167
6qrqAYlS6lUj2BVXax7SZW,Mc Jacaré,64.0,28.004410143329658
4axKuDPr6WKcDCyh8vueTY,Luar La L,72.7,31.841234840132305
02wf6SCDwrs2qTX09X0IRE,Yb Wasg'ood,67.4,29.50385887541345
3nnQpaTvKb5jCQabZefACI,Jeff Buckley,71.4,31.267916207276734
5FVBduYaeVBb6JIghza7v6,Santhosh Narayanan,65.0,28.44542447629548
1T7MiVJ2MJlR5GKi11w4VT,Pawan Singh,62.6,27.386990077177508
3dkbV4qihUeMsqN4vBGg93,Al Green,60.9,26.63726571113561
7crPfGd2k81ekOoSqQKWWz,Stevie Nicks,62.0,27.122381477398015
4SsVbpTthjScTS7U2hmr1X,Arcángel,75.5,33.0760749724366
3Z02hBLubJxuFJfhacLSDc,Bryan Adams,69.7,30.51819184123484
0eHQ9o50hj6ZDNBt6Ys1sD,Yandel,69.3,30.34178610804851
7vXDAI8JwjW531ouMGbfcp,TINI,70.4,30.826901874310913
5xYNmNkaWRqu3e5F4UXME8,Alfredo Olivas,74.9,32.811466372657115
0DxeaLnv6SyYk2DOqkLO8c,MAGIC!,50.9,22.227122381477397
3ICflSq6ZgYAIrm2CTkfVP,The Animals,44.9,19.58103638368247
43BxCL6t4c73BQnIJtry5v,James Hype,67.7,29.6361631753032
1LIuN7ov1IBQDdLsU83ojl,Hugo & Guilherme,67.4,29.50385887541345
3QJzdZJYIAcoET1GcfpNGi,Damian Marley,63.2,27.651598676957004
3klZnJvYGIbWritVwQD434,Duncan Laurence,48.6,21.212789415656008
7FBcuc1gsnv6Y1nwFtNRCb,My Chemical Romance,76.7,33.605292171995586
4kI8Ie27vjvonwaB2ePh8T,Portugal. The Man,64.2,28.092613009922825
2UMj7NCbuqy1yUZmiSYGjJ,MC Kevin o Chris,66.5,29.10694597574421
61lyPtntblHJvA7FMMhi7E,Duke Dumont,61.2,26.769570011025362
1HY2Jd0NmPuamShAr6KMms,Lady Gaga,81.5,35.72216097023153
7j6DKwmjbxvpQO8h914uEz,Ryan Castro,73.2,32.06174200661521
0kObWap02DEg9EAJ3PBxzf,Starship,47.4,20.683572216097023
7eLcDZDYHXZCebtQmVFL25,Aitana,71.6,31.3561190738699
5ZS223C6JyBfXasXxrRqOk,Jhené Aiko,71.5,31.31201764057332
1VBflYyxBhnDc9uVib98rw,Icona Pop,53.8,23.506063947078278
4UXqAaa6dQYAk18Lv7PEgX,Fall Out Boy,76.0,33.29658213891952
5GnnSrwNCGyfAU4zuIytiS,Mohit Chauhan,69.9,30.606394707828002
57vWImR43h4CaDao012Ofp,Steve Lacy,74.9,32.811466372657115
3tJoFztHeIJkJWMrx0td2f,Moneybagg Yo,68.3,29.90077177508269
0CbeG1224FS58EUx4tPevZ,Timmy Trumpet,65.1,28.489525909592057
4mxWe1mtYIYfP040G38yvS,Alan Jackson,65.9,28.842337375964718
5DHi2MeoRgAwPE0A0qwRMl,Gurinder Gill,64.4,28.180815876515986
4dpARuHxo51G3z768sgnrY,Adele,77.0,33.73759647188534
4Z8W4fKeB5YxbusRsdQVPb,Radiohead,83.8,36.73649393605292
07YZf4WDAMNwqr4jfgOZ8y,Jason Derulo,67.5,29.54796030871003
6tPHARSq45lQ8BSALCfkFC,Lainey Wilson,70.4,30.826901874310913
20nJFshDG1OYH7Qp9K0TXf,Victor Valverde,63.1,27.60749724366042
6X28gNASnalAWseUA8uI4X,Adrian Khalif,59.1,25.843439911797134
7dGJo4pcD2V6oG8kP0tJRR,Eminem,83.9,36.780595369349506
7ltDVBr6mKbRvohxheJ9h1,ROSALÍA,85.1,37.309812568908484
31W5EY0aAly4Qieq6OFu6I,A Boogie Wit da Hoodie,74.2,32.50275633958103
1GmsPCcpKgF9OhlNXjOsbS,Lizzy McAlpine,71.8,31.444321940463063
4qjiRRFcM4WZ0aJ3IHdWPN,Avvy Sra,61.2,26.769570011025362
4dwdTW1Lfiq0cM8nBAqIIz,Of Monsters and Men,64.1,28.048511576626236
44NX2ffIYHr6D4n7RaZF7A,Van Morrison,66.6,29.15104740904079
0IF46mUS8NXjgHabxk2MCM,Kelis,52.9,23.10915104740904
5Wg6XnPTp0xXxFCjywwR9I,Eddie Santiago,64.9,28.401323042998897
7c0XG5cIJTrrAgEC3ULPiq,Ty Dolla $ign,74.5,32.63506063947078
1SyKki7JI1AZNKwgNMkn25,Sachet-Parampara,66.7,29.195148842337378
1tqysapcCh1lWEAc9dIFpa,Jubin Nautiyal,69.9,30.606394707828002
7jAs1uPnpfNmT6e5qtEPxq,ATL Jacob,41.7,18.169790518191842
6IdtcAwaNVAggwd6sCKgTI,Zoé,72.0,31.53252480705623
0T8Ix53aIN4F7aEKj4EnKy,Jasiel Nuñez,70.6,30.915104740904077
5Xpg6PBSUOoho2lI9qLjiu,S. Janaki,54.4,23.77067254685777
2iEvnFsWxR0Syqu2JNopAd,Smash Mouth,53.7,23.4619625137817
0Cs47vvRsPgEfliBU9KDiB,D.O.D,65.0,28.44542447629548
0hCNtLu0JehylgoiP8L4Gh,Nicki Minaj,70.7,30.959206174200663
5he5w2lnU9x7JFhnwcekXX,Skrillex,68.0,29.768467475192942
3gd8FJtBJtkRxdfbTu19U2,Mumford & Sons,66.6,29.15104740904079
6cEuCEZu7PAE9ZSzLLc2oQ,R3HAB,60.1,26.284454244762955
0F3maSKfGGVtfATaAyeyPG,Chris Grey,69.9,30.606394707828002
3ScY9CQxNLQei8Umvpx5g6,Fat Joe,58.2,25.446527012127895
7JBaynR7JFeniONqbnn1U4,Andrew Choi,67.0,29.32745314222712
5wJ1H6ud777odtZl5gG507,Vishal Mishra,70.6,30.915104740904077
6QrQ7OrISRYIfS5mtacaw2,Jaymes Young,60.3,26.372657111356116
6bDWAcdtVR3WHz2xtiIPUi,Fujii Kaze,65.7,28.754134509371557
1RyvyyTE3xzB2ZywiAwp0i,Future,81.1,35.5457552370452
2sSGPbdZJkaSE2AbcGOACx,The Marías,81.5,35.72216097023153
2h93pZq0e7k5yf4dywlkpM,Frank Ocean,82.0,35.942668136714445
40Yq4vzPs9VNUrIBG5Jr2i,The Smashing Pumpkins,71.4,31.267916207276734
5n9bMYfz9qss2VOW89EVs2,Bomba Estéreo,60.3,26.372657111356116
49EE6lVLgU8sp7dFgPshgM,La Adictiva,59.9,26.196251378169787
1qto4hHid1P71emI6Fd8xi,Aventura,77.5,33.95810363836824
19k8AgwwTSxeaxkOuCQEJs,Jelly Roll,74.3,32.546857772877615
0zOcE3mg9nS6l3yxt1Y0bK,The Fray,67.2,29.41565600882029
26T3LtbuGT1Fu9m0eRq5X3,Cage The Elephant,68.7,30.07717750826902
3EA9hVIzKfFiQI0Kikz2wo,Andrea Bocelli,64.3,28.136714443219404
108moq3rq6bm1M4Ypz0J02,Intocable,70.1,30.694597574421167
4Uc8Dsxct0oMqx0P6i60ea,Conan Gray,76.6,33.561190738699004
5LfGQac0EIXyAN8aUwmNAQ,The Offspring,75.3,32.98787210584344
43DRDu6nLSeIedZ7T1A616,Xand Avião,64.9,28.401323042998897
7vk5e3vY1uw9plTHJAMwjN,Alan Walker,71.4,31.267916207276734
6QoCrBHsojKnOrsGNfRcTN,Talwiinder,76.6,33.561190738699004
2OFij1ppCwYFCOTq7vzafi,bees & honey,59.5,26.019845644983462
20s0P9QLxGqKuCsGwFsp7w,Mario,60.9,26.63726571113561
0NlNru2YcUz6RbnpYGQz26,Clave Especial,71.6,31.3561190738699
6MPuzz9hPrs4TwxeHh4cEj,Amir Ameer,51.0,22.271223814773982
35oGZihZclGoTVuICPXRP9,Jere Klein,73.2,32.06174200661521
2Kx7MNY7cI1ENniW7vT30N,Norah Jones,69.2,30.29768467475193
3AA28KZvwAUcZuOKwyblJQ,Gorillaz,78.3,34.3109151047409
4kYSro6naA4h99UJvo89HB,Cardi B,68.3,29.90077177508269
5j4HeCoUlzhfWtjAfM1acR,Stromae,64.3,28.136714443219404
3MdXrJWsbVzdn6fe5JYkSQ,Latto,65.1,28.489525909592057
0NErdIJtuKBjtxKmlqaWdj,Divya Kumar,62.0,27.122381477398015
0bRPtPZQkWHeG7MGk9eWlh,Romy,51.3,22.403528114663725
1cKyknhftNKXCjMBd2hDrG,DYSTINCT,66.6,29.15104740904079
1wRPtKGflJrBx9BmLsSwlU,Pritam,77.4,33.91400220507167
5EvFsr3kj42KNv97ZEnqij,Shaggy,68.5,29.988974641675853
6Dd3NScHWwnW6obMFbl1BH,Daya,65.8,28.798235942668136
1bpnl8qbR9GxmiNlkEufW6,DJ Japa NK,75.4,33.031973539140026
4e0nWw2r4BoQSKPQ2zpU13,Ray Dalton,56.2,24.564498346196252
3AuMNF8rQAKOzjYppFNAoB,Kelly Rowland,56.2,24.564498346196252
3YbOSxo85kla7RID8ugnW3,Los Temerarios,73.7,32.28224917309812
1Qp56T7n950O3EGMsSl81D,Ghost,65.3,28.577728776185225
3oh5PUaDZkd57Yp1jsA6gp,Ecko Show,53.0,23.153252480705625
5cj0lLjcoR7YOSnhnX0Po5,Doja Cat,80.2,35.14884233737596
5INjqkS1o8h1imAzPqGZBb,Tame Impala,82.0,35.942668136714445
12GqGscKJx3aE4t07u7eVZ,Peso Pluma,80.2,35.14884233737596
7Gi6gjaWy3DxyilpF1a8Is,Junior H,83.2,36.47188533627343
0Q8NcsJwoCbZOHHW63su5S,Mora,77.3,33.86990077177508
3y2cIKLjiOlp1Np37WiUdH,Shaboozey,71.0,31.09151047409041
36cgvBn0aadzOijnjjwqMN,ILLIT,75.3,32.98787210584344
7IlRNXHjoOCgEAWN5qYksg,Aya Nakamura,66.5,29.10694597574421
7DcUua74PM7MmBljTTjIyy,Shiraz Uppal,46.9,20.463065049614112
1fa0cOhromAZdq2xRA4vv8,Simply Red,67.6,29.59206174200661
5B6H1Dq77AV1LZWrbNsuH5,Jarabe De Palo,62.6,27.386990077177508
10VBp06W8NIgMW4JruLCC4,Kidd Voodoo,68.8,30.1212789415656
6fWVd57NKTalqvmjRd2t8Z,24kGoldn,56.3,24.60859977949283
5szJHKg5xeUlQ9pTqzdpic,Taiu,39.1,17.023153252480704
5XJDexmWFLWOkjOEjOVX3e,Eladio Carrion,72.1,31.57662624035281
6T5tfhQCknKG4UnH90qGnz,DNCE,58.1,25.402425578831313
4xXCRXOfQKQ2gjWxNhNzYW,Air Supply,69.0,30.209481808158763
3HJq88k0us5XSJ4tD3J8RG,Jorsshh,67.8,29.680264608599778
2txHhyCwHjUEpJjWrEyqyX,Tom Odell,73.5,32.19404630650496
2jw70GZXlAI8QzWeY2bgRc,Nelly Furtado,64.2,28.092613009922825
4Ga1P7PMIsmqEZqhYZQgDo,Lil Tecca,74.6,32.67916207276736
1ZMJSCQw8DIefcLb1FIpY0,Los Dareyes De La Sierra,75.2,32.943770672546854
2GoeZ0qOTt6kjsWW4eA6LS,Darshan Raval,67.1,29.3715545755237
7uMh23xWiuR7zsNkuNcm2G,MNEK,59.0,25.79933847850055
1QvyquqkuuwUzdszyoKIy4,Haricharan,56.5,24.696802646086
5GYaRwCWwhU6SIQrQ5G3b7,Hypaton,63.0,27.563395810363836
3HrbmsYpKjWH1lzhad7alj,Los Auténticos Decadentes,54.3,23.72657111356119
5Kmr0b3ip8g9P2i0dLTC3Z,Disco Lines,64.1,28.048511576626236
7slfeZO9LsJbWgpkIoXBUJ,Ricky Martin,69.5,30.429988974641674
3nqS8jzqmsPKFJTp0BOIel,Ikky,76.9,33.69349503858876
0FJz7XR37hH69traaHLijA,Shaarib Toshi,58.4,25.534729878721055
19LIHDDSHBD5NyYHI3gpzB,Shilpa Rao,67.6,29.59206174200661
46pWGuE3dSwY3bMMXGBvVS,Rema,70.6,30.915104740904077
05fG473iIaoy82BF1aGhL8,Slipknot,75.4,33.031973539140026
5yOvAmpIR7hVxiS6Ls5DPO,Omah Lay,68.9,30.16538037486218
5qIpstBGrGteJZg1xIvbiz,Panda,72.5,31.75303197353914
4DYFVNKZ1uixa6SQTvzQwJ,Ken-Y,57.4,25.093715545755234
6waa8mKu91GjzD4NlONlNJ,The Hollies,52.9,23.10915104740904
37mqXU98U5GmH5ZDtlHM1c,Matheus Fernandes,58.0,25.35832414553473
7ITMCzIU9uII8gwRg8JAhc,Odetari,71.0,31.09151047409041
0z4gvV4rjIZ9wHck67ucSV,Akon,76.9,33.69349503858876
5f7VJjfbwm532GiveGC0ZK,Lil Baby,77.0,33.73759647188534
1ZwdS5xdxEREPySFridCfh,2Pac,75.1,32.89966923925027
11pXvO7wYuzRWYONDOBd33,Danny Chung,59.25,25.909592061742007
391oLRVmoTkumiN79HkTWu,Darlene Love,53.3,23.285556780595368
1HGMG8RHvcu1mfdM9MeTek,Sadhana Sargam,55.3,24.16758544652701
4eq1q0o9XPyNq9RG3fNDD1,Yorghaki,70.2,30.738699007717752
63yrD80RY3RNEM2YDpUpO8,Melanie Martinez,72.2,31.620727673649395
3cqeO3muWIW5uSmUDNCmyT,Rekha Bhardwaj,62.2,27.210584343991183
4tm8CEdm4pkQsEh4jIr9Yp,Santa Fe Klan,67.8,29.680264608599778
28ntgpEkMU9Zm7F3gLDMhZ,oskar med k,67.6,29.59206174200661
6U1dBXJhC8gXFjamvFTmHg,Zac Efron,64.9,28.401323042998897
45eNHdiiabvmbp4erw26rg,ILLENIUM,66.3,29.018743109151046
2W8yFh0Ga6Yf3jiayVxwkE,Dove Cameron,67.1,29.3715545755237
79NDEw5QWlDC9KaIbogNhS,PlaqueBoyMax,62.7,27.431091510474094
0nh5cRtt03SU6LhzhVC5fv,Sublahshini,59.5,26.019845644983462
07WSqyexqFJM0ZeQVPqJJg,Mateo on the Beatz,67.4,29.50385887541345
1wZtkThiXbVNtj6hee6dz9,Wisin & Yandel,76.5,33.51708930540242
0NKDgy9j66h3DLnN8qu1bB,Eurythmics,58.2,25.446527012127895
0SD4eZCN4Kr0wQk56hCdh2,Bonnie Tyler,57.2,25.005512679162074
1hzfo8twXdOegF3xireCYs,Milky Chance,61.9,27.07828004410143
6jf2eKjiPT6P18RbOSLzf0,Arko,54.1,23.638368246968025
0a1gHP0HAqALbEyxaD5Ngn,Rascal Flatts,64.7,28.313120176405736
4EzkuveR9pLvDVFNx6foYD,James Bay,59.1,25.843439911797134
53A0W3U0s8diEn9RhXQhVz,Keane,59.5,26.019845644983462
7HCqGPJcQTyGJ2yqntbuyr,Amit Trivedi,69.5,30.429988974641674
7d86ERlvO5UG44j7Va0Y0C,Pamungkas,67.3,29.459757442116867
4xFUf1FHVy696Q1JQZMTRj,Carrie Underwood,65.0,28.44542447629548
6mdiAmATAx73kdxrNrnlao,Iron Maiden,54.3,23.72657111356119
3prRKGJz16RRMRSIM97nHw,Supernova Ent,71.0,31.09151047409041
1KP6TWI40m7p3QBTU6u2xo,BØRNS,62.5,27.342888643880926
6BV37tKh6pY97mnNdTCzly,El Malilla,67.8,29.680264608599778
23fqKkggKUBHNkbKtXEls4,Kygo,68.6,30.03307607497243
70kkdajctXSbqSMJbQO424,Kacey Musgraves,68.1,29.81256890848952
55fhWPvDiMpLnE4ZzNXZyW,Noah Cyrus,66.4,29.06284454244763
7hQmAXAzWI6D350VTgkKTG,Arash,63.4,27.73980154355016
5FkUhnHQ0KC63549LHHtst,Skillibeng,60.1,26.284454244762955
6wH6iStAh4KIaWfuhf0NYM,Manu Chao,66.0,28.8864388092613
0YsLR3SQd5QTXAhGIGX7cl,Del The Funky Homosapien,47.5,20.7276736493936
1J2VVASYAamtQ3Bt8wGgA6,Ja Rule,63.6,27.82800441014333
7gP3bB2nilZXLfPHJhMdvc,Foster The People,66.6,29.15104740904079
1EXjXQpDx2pROygh8zvHs4,Melendi,67.1,29.3715545755237
7HO5fOXE4gh3lzZn64tX2E,Mariah the Scientist,69.8,30.56229327453142
6WixbETKEXH0xBf0OB9kRB,Shadab Faridi,54.8,23.9470782800441
31VFEohvhOUKrtAONEBhMG,Kenia Os,62.7,27.431091510474094
1DxLCyH42yaHKGK3cl5bvG,Maria Becerra,67.2,29.41565600882029
1l9d7B8W0IHy3LqWsxP2SH,Phantogram,62.4,27.29878721058434
6s22t5Y3prQHyaHWUN1R1C,AJR,66.3,29.018743109151046
2mVVjNmdjXZZDvhgQWiakk,Khruangbin,67.0,29.32745314222712
7290H8m1Dwt8G7jm1y9CQx,Chris Isaak,59.5,26.019845644983462
6FtZhorjCMfkaVJ7kKdmq7,Payal Dev,64.6,28.269018743109147
7Gy1PxqrgsiqWF6JNYPHeB,.Feast,70.8,31.00330760749724
5MraexJKZDrQYzS98kNwie,Sevdaliza,57.4,25.093715545755234
6WY7D3jk8zTrHtmkqqo5GI,Maren Morris,63.2,27.651598676957004
6yJCxee7QumYr820xdIsjo,Zac Brown Band,69.7,30.51819184123484
0XwVARXT135rw8lyw1EeWP,Christian Nodal,75.0,32.8555678059537
4DdkRBBYG6Yk9Ka8tdJ9BW,Offset,71.1,31.135611907386988
0oSGxfWSnnOXhD2fKuz2Gy,David Bowie,69.8,30.56229327453142
14zUHaJZo1mnYtn6IBRaRP,Justin Quiles,70.4,30.826901874310913
6GMYJwaziB4ekv1Y6wCDWS,Soulja Boy,62.4,27.29878721058434
5lKZWd6HiSCLfnDGrq9RAm,Leona Lewis,63.2,27.651598676957004
3LZZPxNDGDFVSIPqf4JuEf,Ice Spice,69.2,30.29768467475193
0uq5PttqEjj3IH1bzwcrXF,Spice Girls,65.7,28.754134509371557
4J13m9IZh03PEhoxAxRhXO,Gerardo Ortiz,68.8,30.1212789415656
1eClJfHLoDI4rZe5HxzBFv,INXS,55.4,24.211686879823592
3FvwVFWRyvxmLyVBO9nBmM,COLORS,65.4,28.621830209481807
6t1gpxYbY8OlLA7D2RiikQ,Loud Luxury,62.4,27.29878721058434
5WUlDfRSoLAfcVSX1WnrxN,Sia,76.3,33.42888643880926
293zczrfYafIItmnmM3coR,Chuck Berry,63.4,27.73980154355016
7AaGbSgUxJFuZ49VvclNH6,Damiano David,69.1,30.253583241455342
1Cs0zKBU1kc0i8ypK3B9ai,David Guetta,74.4,32.590959206174205
3Sz7ZnJQBIHsXLUSo0OQtM,Mac DeMarco,78.5,34.399117971334064
6ZjFtWeHP9XN7FeKSUe80S,Bing Crosby,76.8,33.64939360529217
6GI52t8N5F02MxU0g5U69P,Santana,66.0,28.8864388092613
5lFhCi03HDneWzvCxGctrT,Jory Boy,62.3,27.25468577728776
38IHJBGBuaYXHEkIQd4DtF,Altamash Faridi,59.4,25.975744211686877
1M02J1PLobtQYok93DEvVa,slxughter,75.3,32.98787210584344
6zO1dZ40fTZ5hY9NnnRJSk,yung kai,61.3,26.81367144432194
1zuJe6b1roixEKMOtyrEak,Tina Turner,63.4,27.73980154355016
1AwO9pWEBSBoWdEZu28XDC,Eartha Kitt,49.9,21.786108048511576
0oK5D6uPhGu4Jk2dbZfodU,Thee Sacred Souls,69.1,30.253583241455342
246dkjvS1zLTtiykXe5h60,Post Malone,80.9,35.45755237045204
7iK8PXO48WeuP03g8YR51W,Myke Towers,76.5,33.51708930540242
43ZHCT0cAZBISjO8DG9PnE,Elvis Presley,74.4,32.590959206174205
2HPaUgqeutzr3jx5a9WyDV,PARTYNEXTDOOR,80.0,35.0606394707828
4sj6D0zlMOl25nprDJBiU9,Andy Williams,62.4,27.29878721058434
35l9BRT7MXmM8bv2WDQiyB,beabadoobee,78.2,34.26681367144432
2cnMpRsOVqtPMfq7YiFE6K,Van Halen,68.3,29.90077177508269
3PpjqSKBer3obW6lDflOBx,Ram Sampath,57.5,25.13781697905182
16kOCiqZ1auY4sokSeZuKf,Los Bukis,69.5,30.429988974641674
6qgnBH6iDM91ipVXv28OMu,KAYTRANADA,67.2,29.41565600882029
7K3zpFXBvPcvzhj7zlGJdO,Crystal Castles,67.8,29.680264608599778
4NUePmzDvCYqilXBFa91Hg,Dilsinho,63.9,27.960308710033072
6KImCVD70vtIoJWnq6nGn3,Harry Styles,79.6,34.88423373759647
1l7ZsJRRS8wlW3WfJfPfNS,Christina Aguilera,70.8,31.00330760749724
5fvTHKKzW44A9867nPDocM,Ajay-Atul,62.5,27.342888643880926
6BRxQ8cD3eqnrVj6WKDok8,Ella Langley,76.0,33.29658213891952
1r1uxoy19fzMxunt3ONAkG,Phoebe Bridgers,72.8,31.885336273428884
5kVgcCdPbeUwxBqWxi2Ktl,Luan Pereira,68.3,29.90077177508269
5yxyJsFanEAuwSM5kOuZKc,London Symphony Orchestra,53.4,23.32965821389195
4EPJlUEBy49EX1wuFOvtjK,Becky Hill,62.7,27.431091510474094
4frXpPxQQZwbCu3eTGnZEw,Thundercat,64.9,28.401323042998897
488v7rQzthLNK22r0UvMie,La Bouche,56.5,24.696802646086
699OTQXzgjhIYAHMy9RyPD,Playboi Carti,81.7,35.8103638368247
4NHQUGzhtTLFvgF5SZesLK,Tove Lo,64.1,28.048511576626236
6TIYQ3jFPwQSRmorSezPxX,mgk,72.5,31.75303197353914
2q9wk5fkeU2C9CgCKdh4AN,Mc IG,70.9,31.047409040793823
3gKTtA1BK4pq1IIHXAyvgO,UNPLG'd,44.2,19.272326350606395
3Q80PCEUBCiRhLSWdQApNt,Jakes Bejoy,59.6,26.063947078280044
5Pwc4xIPtQLFEnJriah9YJ,OneRepublic,75.7,33.164277839029765
5eumcnUkdmGvkvcsx1WFNG,Tito Double P,81.2,35.58985667034179
2FKWNmZWDBZR4dE5KX4plR,Diljit Dosanjh,72.1,31.57662624035281
54R6Y0I7jGUCveDTtI21nb,Boney M.,65.4,28.621830209481807
4AVFqumd2ogHFlRbKIjp1t,Alesso,69.4,30.38588754134509
73jBynjsVtofjRpdpRAJGk,Dimitri Vegas & Like Mike,64.2,28.092613009922825
3DeOmVSmpv7WknXoo1OS8p,Alleh,70.1,30.694597574421167
4mN0qcMxWX8oToqfDPM5yV,José José,70.0,30.650496141124584
7x5Slu7yTE5icZjNsc3OzW,Willie Colón,63.9,27.960308710033072
0XNa1vTidXlvJ2gHSsRi4A,Franz Ferdinand,62.5,27.342888643880926
59wfkuBoNyhDMQGCljbUbA,Diddy,54.5,23.814773980154357
3KedxarmBCyFBevnqQHy3P,Jessie Reyez,63.7,27.872105843439915
1mYsTxnqsietFxj1OgoGbG,A.R. Rahman,70.3,30.78280044101433
0m3D4grap8VFSzbJMqgNVk,Kumaar,69.6,30.474090407938252
15iVAtD3s3FsQR4w1v6M0P,Chief Keef,68.8,30.1212789415656
3OsRAKCvk37zwYcnzRf5XF,Moby,50.2,21.918412348401326
3RwQ26hR2tJtA8F9p2n7jG,The Temptations,61.1,26.725468577728776
5luyt0SUvGkDMY4ILP6Qhl,Descemer Bueno,51.6,22.53583241455347
3zmfs9cQwzJl575W1ZYXeT,Men I Trust,65.9,28.842337375964718
1Z8ODXyhEBi3WynYw0Rya6,De La Soul,61.6,26.945975744211687
0c173mlxpT3dSFRgMO8XPh,Big Sean,67.5,29.54796030871003
2SHhfs4BiDxGQ3oxqf0UHY,Roxette,68.5,29.988974641675853
4yGgbQJMq9orWypwqtdzYT,Oruam,69.4,30.38588754134509
4dLvccxeQIM5u80Ri0u9OV,Frankie Ruiz,65.3,28.577728776185225
3Y3xIwWyq5wnNHPp5gPjOW,Kenny Loggins,57.2,25.005512679162074
2yyaNPcdxZcn4iutCcLMaC,Orso,55.0,24.035281146637267
2h5Ha0ZiMFmOQD3iYcSXsy,KayBlack,69.6,30.474090407938252
6RF8hEdlUKoLPQOHmBbHiM,Yasser Desai,63.0,27.563395810363836
695W5F2Ih8dYahLdjVOIoH,Christopher Cross,57.1,24.96141124586549
73Np75Wv2tju61Eo9Zw4IR,Idina Menzel,67.7,29.6361631753032
6oMuImdp5ZcFhWP0ESe6mG,Migos,71.6,31.3561190738699
7gcCQIlkkfbul5Mt0jBQkg,Dave Stewart,57.8,25.270121278941563
698hF4vcwHwPy8ltmXermq,Far East Movement,48.5,21.168687982359423
6uothxMWeLWIhsGeF7cyo4,Enya,66.0,28.8864388092613
4SpbR6yFEvexJuaBpgAU5p,LE SSERAFIM,76.6,33.561190738699004
0RqtSIYZmd4fiBKVFqyIqD,Thirty Seconds To Mars,64.1,28.048511576626236
7bXgB6jMjp9ATFy66eO08Z,Chris Brown,80.6,35.32524807056229
6olE6TJLqED3rqDCT0FyPh,Nirvana,76.3,33.42888643880926
7jVv8c5Fj3E9VhNjxT4snq,Lil Nas X,69.9,30.606394707828002
1VJ0briNOlXRtJUAzoUJdt,FISHER,69.9,30.606394707828002
72OaDtakiy6yFqkt4TsiFt,Cher,66.8,29.239250275633957
2cy1zPcrFcXAJTP0APWewL,Gente De Zona,65.4,28.621830209481807
6PXS4YHDkKvl1wkIl4V8DL,Fetty Wap,64.0,28.004410143329658
2F3KtUVtrt2GLjcl6pB4cz,Dhanush,68.3,29.90077177508269
4bAgr9zaF0bpzVGHdHuf0f,Virgoun,68.0,29.768467475192942
2wnVvfvSkFJbtOinte4sC3,Jøtta,57.5,25.13781697905182
5M52tdBnJaKSvOpJGz8mfZ,Black Sabbath,63.2,27.651598676957004
7jdFEYD2LTYjfwxOdlVjmc,KALEO,67.7,29.6361631753032
4PLdCloYxu2bMKfuuB9lI5,MC PH,65.3,28.577728776185225
4gwpcMTbLWtBUlOijbVpuu,Capital Cities,51.8,22.624035281146636
5IcR3N7QB1j6KBL8eImZ8m,ScHoolboy Q,65.2,28.533627342888646
5rjz63sgMaAUAyBMyCUK5D,Avery Anna,63.8,27.916207276736493
5szilpXHcwOqnyKLqGco5j,Faye Webster,71.1,31.135611907386988
53XhwfbYqKCa1cC15pYq2q,Imagine Dragons,80.8,35.41345093715546
4LLpKhyESsyAXpc4laK94U,Mac Miller,74.4,32.590959206174205
0f1IECbrVV952unZkzrsg2,Mc Gw,69.2,30.29768467475193
2NoJ7NuNs9nyj8Thoh1kbu,Hariharan,61.0,26.681367144432194
4aXXDj9aZnlshx7mzj3W1N,Lin-Manuel Miranda,71.1,31.135611907386988
3RNrq3jvMZxD9ZyoOZbQOD,Korn,72.7,31.841234840132305
6ASri4ePR7RlsvIQgWPJpS,iann dior,61.8,27.03417861080485
0qTZZWLzuD59Un5r1speHm,Chris Jedi,63.2,27.651598676957004
06Q5VlSAku57lFzyME3HrM,Ke Personajes,69.2,30.29768467475193
6Ifk2cbxyVzT41jLexYCas,Budi Doremi,62.0,27.122381477398015
4Ws2otunReOa6BbwxxpCt6,Benny Benassi,55.4,24.211686879823592
4aKWmkWAKviFlyvHYPTNQY,Adrianne Lenker,70.6,30.915104740904077
67hb7towEyKvt5Z8Bx306c,Empire Of The Sun,72.5,31.75303197353914
5rSXSAkZ67PYJSvpUpkOr7,Backstreet Boys,68.2,29.85667034178611
1rTUwYS38LkQTlT2fhikch,Yung Beef,62.5,27.342888643880926
0nnBZ8FXWjG9wZgM2cpfeb,Leon Thomas,71.4,31.267916207276734
2FgHPfRprDaylrSRVf1UlN,Thaman S,58.6,25.622932745314223
2eEmsgWmUFMbtU7agJpnjY,Miranda!,68.0,29.768467475192942
4kKazhy9tDfOgKSWm5g3F9,Katteyes,69.5,30.429988974641674
4cPHsZM98sKzmV26wlwD2W,Brenda Lee,61.8,27.03417861080485
0ECwFtbIWEVNwjlrfc6xoL,Eagles,74.6,32.67916207276736
6UgERnTHmjk3qXM9x5vzyO,Nadhif Basalamah,65.1,28.489525909592057
1zD9gVg8wPOmVfYxTjMHaT,Bharath,45.7,19.933847850055127
33NVpKoXjItPwUJTMZIOiY,David Kushner,68.1,29.81256890848952
77iZVjeYoYSl5P0K9mIiUE,Haze,51.8,22.624035281146636
4xEDJHMQ8PN1U2pEldwI6O,Easykid,63.0,27.563395810363836
0GpuSge5ffZ053NhXxgQkV,Cardenales De Nuevo León,71.9,31.48842337375965
3oNy8cjBtJzLC07I70sklp,Belanova,60.0,26.240352811466373
60df5JBRRPcnSpsIMxxwQm,Otis Redding,65.2,28.533627342888646
0YinUQ50QDB7ZxSCLyQ40k,Mustard,63.7,27.872105843439915
27vNK840zYq6IfDijHPsv1,Gilberto Santa Rosa,60.5,26.460859977949283
1KCSPY1glIKqW2TotWuXOR,P!nk,74.9,32.811466372657115
5LHRHt1k9lMyONurDHEdrp,Tyga,71.2,31.179713340683573
2jzc5TC5TVFLXQlBNiIUzE,a-ha,66.1,28.93054024255788
4LEiUm1SRbFMgfqnQTwUbQ,Bon Iver,71.8,31.444321940463063
25u4wHJWxCA9vO0CzxAbK7,Lukas Graham,58.0,25.35832414553473
5jJrJU7VVmxQQLcLAmmxXc,Sai Abhyankkar,71.2,31.179713340683573
34jw2BbxjoYalTp8cJFCPv,Heart,66.8,29.239250275633957
3YcBF2ttyueytpXtEzn1Za,Incubus,65.9,28.842337375964718
3UpmjPgIFSGqnxXuiwD014,Javed Akhtar,51.6,22.53583241455347
78iJ2FMbYAFY3djO4PbWZi,La Mano 1.9,66.5,29.10694597574421
6Mv8GjQa7LKUGCAqa9qqdb,Vishal-Shekhar,72.3,31.664829106945973
7gOdHgIoIKoe4i9Tta6qdD,Jonas Brothers,71.2,31.179713340683573
32vWCbZh0xZ4o9gkz4PsEU,Dolly Parton,67.1,29.3715545755237
2DFCHTDIA0t638a4mm37dK,Raj Shekhar,62.4,27.29878721058434
13ZEDW6vyBF12HYcZRr4EV,Tyler Childers,73.1,32.01764057331863
5lwmRuXgjX8xIwlnauTZIP,Romeo Santos,80.2,35.14884233737596
3QSQFmccmX81fWCUSPTS7y,Dean Lewis,71.1,31.135611907386988
3TOqt5oJwL9BE2NG9MEwDa,Disturbed,69.3,30.34178610804851
4IJczjB0fJ04gs4uvP0Fli,Gym Class Heroes,56.6,24.74090407938258
3e7awlrlDSwF3iM0WBjGMp,Little Mix,68.7,30.07717750826902
5V0MlUE1Bft0mbLlND7FJz,Ella Fitzgerald,60.1,26.284454244762955
0zO8yNnw5GQgutcIyXfGBY,ELENA ROSE,69.3,30.34178610804851
5sifufajls8Q6k04Y4F8mH,Sameer Anjaan,41.8,18.21389195148842
4AcHt3JxKy59IX7JNNlZn4,Fitz and The Tantrums,57.3,25.049614112458652
1b8S7EPzdckRyIh0uSbOMI,DJ Oreia,65.1,28.489525909592057
3xvaSlT4xsyk6lY1ESOspO,Disney,71.7,31.400220507166484
6USv9qhCn6zfxlBQIYJ9qs,Dominic Fike,72.9,31.929437706725473
2JSYASbWU5Y0fVpts3Eq7g,R. D. Burman,41.7,18.169790518191842
0vEsuISMWAKNctLlUAhSZC,Counting Crows,62.4,27.29878721058434
6QtgPSJPSzcnn7dPZ4VINp,King Von,72.3,31.664829106945973
6q87vizIEdEN4NvlR6mjfT,Sheila On 7,73.8,32.326350606394705
0Suv0tRrNrUlRzAy8aXjma,Haddaway,59.7,26.108048511576627
6f4XkbvYlXMH0QgVRzW0sM,Waka Flocka Flame,55.3,24.16758544652701
70cRZdQywnSFp9pnc2WTCE,Simon & Garfunkel,67.6,29.59206174200661
17lzZA2AlOHwCwFALHttmp,2 Chainz,59.8,26.152149944873205
1b7AEdUSudOQoZF5ebUxCL,HUMBE,70.4,30.826901874310913
4yxICw7joYAxRI2sTRldLB,Rajat Nagpal,61.1,26.725468577728776
3fMbdgg4jU18AjLCKBhRSm,Michael Jackson,81.3,35.63395810363837
1McMsnEElThX1knmY4oliG,Olivia Rodrigo,83.4,36.560088202866595
67nwj3Y5sZQLl72VNUHEYE,Wale,66.3,29.018743109151046
1eYhYunlNJlDoQhtYBvPsi,Ray Charles,64.9,28.401323042998897
70nxnxEqDQIEWneRjg2Q4O,Adolescent's Orquesta,68.5,29.988974641675853
0LKAV3zJ8a8AIGnyc5OvfB,SDM,69.7,30.51819184123484
5XKFrudbV4IiuE5WuTPRmT,Stephen Sanchez,66.5,29.10694597574421
2cPqdH7XMvwaBJEVjheH8g,Jay Wheeler,67.9,29.72436604189636
51kyrUsAVqUBcoDEMFkX12,Hindia,78.7,34.48732083792723
0gadJ2b9A4SKsB1RFkBb66,Passenger,54.4,23.77067254685777
6B5c4sch27tWHAGdarpPaW,Seether,68.8,30.1212789415656
54seKvtsZauR1iauN0ptpo,De La Rose,75.6,33.12017640573318
4jogXSSvlyMkODGSZ2wc2P,Calibre 50,71.1,31.135611907386988
0b1sIQumIAsNbqAoIClSpy,j-hope,74.1,32.45865490628445
1gl0S9pS0Zw0qfa14rDD3D,Surf Curse,58.0,25.35832414553473
2eam0iDomRHGBypaDQLwWI,Bleachers,63.9,27.960308710033072
7hDt3OE2ubsKzO9rMYPXox,emmanuellcortess_,55.7,24.343991179713342
3rfM2cGqF6DB0kUyytMkXx,Orochi,70.7,30.959206174200663
20rKUmFZsfv9GBXiv6R9d6,CamrinWatsin,53.3,23.285556780595368
0TnOYISbd1XYRBk9myaseg,Pitbull,81.1,35.5457552370452
77SW9BnxLY8rJ0RciFqkHh,The Neighbourhood,81.3,35.63395810363837
0RMJOzHDhAKY1o2j0W0vxY,EJAE,81.5,35.72216097023153
2ye2Wgw4gimLv2eAKyk1NB,Metallica,70.1,30.694597574421167
1TA5sGRlKUJXBN4ZyJuDIX,Blessd,78.7,34.48732083792723
75i9GaW2MJUgt4BkdUnuUY,MC Ryan SP,74.8,32.767364939360526
52XgeWw24o4klNdfwvB0Vx,Kunaal Vermaa,68.7,30.07717750826902
76fuWYgIf3TVIopTs3vaJ6,Amaal Mallik,67.7,29.6361631753032
6icQOAFXDZKsumw3YXyusw,Lil Yachty,68.0,29.768467475192942
5fJsY7afrbsyzJj9wdzJMh,"Tito ""El Bambino""",66.6,29.15104740904079
1bTROl5p3rGTpvKeWnGgrw,Sohail Sen,62.5,27.342888643880926
0i5iO6icb7kxg48thi9gBM,Manuel Medrano,70.7,30.959206174200663
2Yf4MRVpt0rcAd5y5h5ph1,Caralisa Monteiro,52.6,22.976846747519293
5nP8x4uEFjAAmDzwOEc9b8,Matuê,72.9,31.929437706725473
2rN8LHqK4TBI7y3d9POvJb,Dhanda Nyoliwala,71.6,31.3561190738699
6XyY86QOPPrYVGvF9ch6wz,Linkin Park,83.2,36.47188533627343
3Isy6kedDrgPYoTS1dazA9,Sean Paul,70.3,30.78280044101433
0vR2qb8m9WHeZ5ByCbimq2,Reik,73.7,32.28224917309812
1XkoF8ryArs86LZvFOkbyr,Mary J. Blige,66.4,29.06284454244763
6hk7Yq1DU9QcCCrz9uc0Ti,Kimbra,44.1,19.228224917309813
0TvvDswOgvPbgSPK2RDf62,wifiskeleton,65.1,28.489525909592057
2sil8z5kiy4r76CRTXxBCA,The Goo Goo Dolls,68.2,29.85667034178611
5H4yInM5zmHqpKIoMNAx4r,Central Cee,75.7,33.164277839029765
2T1aUibqR2QC2sINIDQOAK,Mambo Kingz,65.6,28.710033076074968
0h1zs4CTlU9D2QtgPxptUD,Ricardo Arjona,69.2,30.29768467475193
5t5FqBwTcgKTaWmfEbwQY9,ENHYPEN,76.0,33.29658213891952
4hKkEHkaqCsyxNxXEsszVH,John Travolta,57.8,25.270121278941563
1MVnyuEGQxpIwxOtlThiaL,CXSPER,51.7,22.579933847850057
7tYKF4w9nC0nq9CsPZTHyP,SZA,82.9,36.339581036383684
7Ln80lUS6He07XvHI8qqHH,Arctic Monkeys,82.3,36.07497243660419
5YGY8feqx7naU7z4HrwZM6,Miley Cyrus,75.8,33.20837927232635
6VuMaDnrHyPL1p4EHjYLi7,Charlie Puth,76.6,33.561190738699004
0L5GV6LN8SWWUWIdBbTLTZ,Shankar-Ehsaan-Loy,66.4,29.06284454244763
1w5Kfo2jwwIPruYS2UWh56,Pearl Jam,74.1,32.45865490628445
61J0BktHv7PuP3tjTPYXSX,Eros Ramazzotti,64.2,28.092613009922825
5VadK1havLhK1OpKYsXv9y,D-Block Europe,65.9,28.842337375964718
1yqxFtPHKcGcv6SXZNdyT9,MK,60.6,26.504961411245866
3IW7ScrzXmPvZhB27hmfgy,Jul,70.7,30.959206174200663
3PgeUFj9oHU4K4RGaITz2f,Paresh Kamath,50.6,22.09481808158765
2hl0xAkS2AIRAu23TVMBG1,Kansas,52.5,22.932745314222714
1WQBwwssN6r8DSjUlkyUGW,MC Cabelinho,66.1,28.93054024255788
7CajNmpbOovFoOoasH2HaY,Calvin Harris,79.8,34.97243660418963
5NGO30tJxFlKixkPSgXcFE,The Police,73.6,32.23814773980154
5FQ8tBUtIamA2hRtatrYUF,Marc Seguí,55.3,24.16758544652701
6roFdX1y5BYSbp60OTJWMd,Tim McGraw,64.3,28.136714443219404
0EmeFodog0BfCgMzAIvKQp,Shakira,80.8,35.41345093715546
4VMYDCV2IEDYJArk749S6m,Daddy Yankee,80.4,35.23704520396913
1GxkXlMwML1oSg5eLPiAz3,Michael Bublé,74.6,32.67916207276736
0C8ZW7ezQVs4URX5aX7Kqx,Selena Gomez,73.2,32.06174200661521
5H1nN1SzW0qNeUEZvuXjAj,Danny Ocean,76.4,33.47298787210585
19ra5tSw0tWufvUp8GotLo,George Michael,67.3,29.459757442116867
2YRyPiW98bpkARAS4B3OQP,Dei V,71.8,31.444321940463063
5v8jlSmAQfrkTjAlpUfWtu,Perry Como,56.9,24.873208379272324
4U7lXyKdSf1JbM1aXvsodC,La Oreja de Van Gogh,62.9,27.51929437706725
4PzYKhC14sTJNEr0dzoo0d,Luísa Sonza,67.1,29.3715545755237
60uh2KYYSCqAgJNxcU4DA0,Hombres G,65.9,28.842337375964718
2q5vFLZus8uaVSzmIwH4Tz,Jmilton,73.0,31.97353914002205
4JNo6Q5KdcRf1vtSX9mB0S,João Gomes,68.8,30.1212789415656
0HU0U9kdXEHZVxUNbuQe8S,Donny Hathaway,57.3,25.049614112458652
7FIoB5PHdrMZVC3q2HE5MS,George Harrison,0.5,0.0
4gzpq5DPGxSnKTe4SA8HAU,Coldplay,87.2,38.235942668136715
3WrFJ7ztbogyGnTHbHJFl2,The Beatles,77.0,33.73759647188534
1kd6WqngBvP0Vthu1sGI0j,Nakama,71.2,31.179713340683573
5nvWOyAkfNgVLKESq4fOj2,Montell Fish,70.9,31.047409040793823
6aZyMrc4doVtZyKNilOmwu,Colbie Caillat,58.0,25.35832414553473
5FxD8fkQZ6KcsSYupDVoSO,Omar Apollo,64.5,28.224917309812568
2nm38smINjms1LtczR0Cei,Goodboys,61.3,26.81367144432194
3qm84nBOXUEQ2vnTfUTTFC,Guns N' Roses,79.9,35.01653803748622
0NGAZxHanS9e0iNHpR8f2W,Alok,70.7,30.959206174200663
1bfl0AU8SqmLkElptOprhC,Julión Álvarez y su Norteño Banda,76.3,33.42888643880926
47mIJdHORyRerp4os813jD,League of Legends,69.5,30.429988974641674
5rQoBDKFnd1n6BkdbgVaRL,Guru Randhawa,69.7,30.51819184123484
3tHD07u1ON4uHxmnT9rwqZ,Neeraj Shridhar,65.0,28.44542447629548
41ESHLayJ5sDKjAOv6cMhe,Ana Gabriel,71.1,31.135611907386988
1eEfMU2AhEo7XnKgL7c304,Carpenters,67.1,29.3715545755237
5bWUlnPx9OYKsLiUJrhCA1,Jon Z,67.2,29.41565600882029
7guDJrEfX3qb6FEbdPA5qi,Stevie Wonder,73.5,32.19404630650496
3l9G1G9MxH6DaRhwLklaf5,Oscar Maydon,78.3,34.3109151047409
4QQgXkCYTt3BlENzhyNETg,"Earth, Wind & Fire",68.7,30.07717750826902
0lAWpj5szCSwM4rUMHYmrr,Måneskin,73.5,32.19404630650496
0hEurMDQu99nJRq8pTxO14,John Mayer,72.3,31.664829106945973
1TtXnWcUs0FCkaZDPGYHdf,Darell,71.3,31.223814773980152
3tPQOjkxO3mrYrrgkTeXgH,Nikhita Gandhi,58.3,25.490628445424473
0RUEHcBiENFEqxgicqS2ig,The Stranglers,58.9,25.755237045203966
7MhMgCo0Bl0Kukl93PZbYS,Blur,63.6,27.82800441014333
4qFxP3qN9GsnZDOkAE6x2m,December Avenue,71.5,31.31201764057332
12l1SqSNsg2mI2IcXpPWjR,M. M. Keeravaani,58.7,25.667034178610805
2FXC3k01G6Gw61bmprjgqS,Hozier,74.3,32.546857772877615
4fEkbug6kZzzJ8eYX6Kbbp,KK,73.3,32.105843439911794
00sCATpEvwH48ays7PlQFU,Jonita Gandhi,64.1,28.048511576626236
2w9zwq3AktTeYYMuhMjju8,INNA,68.2,29.85667034178611
07QEuhtrNmmZ0zEcqE9SF6,Owl City,58.5,25.57883131201764
5I8OAPN5jY1wvHwpnsRRsA,Kybba,61.3,26.81367144432194
6ltzsmQQbmdoHHbLZ4ZN25,Lord Huron,68.2,29.85667034178611
77tT1kLj6mCWtFNqiOmP9H,Daryl Hall & John Oates,73.6,32.23814773980154
02kJSzxNuaWGqwubyUba0Z,G-Eazy,69.8,30.56229327453142
6vTqEFbTtTRJsuIpzZgjxi,Grupo Menos É Mais,75.5,33.0760749724366
6Ghvu1VvMGScGpOUJBAHNH,Deftones,77.1,33.781697905181915
07XSN3sPlIlB2L2XNcTwJw,KISS,66.4,29.06284454244763
41X1TR6hrK8Q2ZCpp2EqCz,bbno$,71.8,31.444321940463063
3Mcii5XWf6E0lrY3Uky4cA,Ice Cube,67.9,29.72436604189636
6ndLrsgT3MV5CNxIrW71fw,DFZM,61.3,26.81367144432194
1mV9h1AwhRXSjBFcYpajgY,Mc Lele JP,70.0,30.650496141124584
5KNNVgR6LBIABRIomyCwKJ,Dermot Kennedy,66.2,28.974641675854468
06lnOkY99sXVW44Y0M4BDP,Vitão,58.0,25.35832414553473
75VKfyoBlkmrJFDqo1o2VY,Fireboy DML,64.5,28.224917309812568
2kGBy2WHvF0VdZyqiVCkDT,Father John Misty,57.8,25.270121278941563
46xBNx0j6cwY6sD9LgMTm1,Rosa Linn,50.7,22.138919514884236
1vyhD5VmyZ7KMfW5gqLgo5,J Balvin,80.5,35.28114663726571
6vXTefBL93Dj5IqAWq6OTv,French Montana,66.9,29.28335170893054
3eDT9fwXKuHWFvgZaaYC5v,Sunidhi Chauhan,66.4,29.06284454244763
5PlfkPxwCpRRWQJBxCa0By,HUGEL,73.0,31.97353914002205
6U3ybJ9UHNKEdsH7ktGBZ7,JID,68.0,29.768467475192942
3p7PcrEHaaKLJnPUGOtRlT,Henrique & Juliano,77.6,34.002205071664825
3g9MKjIP9xrMTY5Pbwr6Nk,Kreamly,57.2,25.005512679162074
0iOVhN3tnSvgDbcg25JoJb,Etta James,67.0,29.32745314222712
5Igpc9iLZ3YGtKeYfSrrOE,Chris Lake,65.3,28.577728776185225
5me0Irg2ANcsgc93uaYrpb,The Notorious B.I.G.,71.1,31.135611907386988
7kk9ucvRJim0NMM89Lml2Y,MXZI,76.9,33.69349503858876
0YC192cP3KPCRWx8zr8MfZ,Hans Zimmer,65.2,28.533627342888646
4TK1gDgb7QKoPFlzRrBRgR,Los Enanitos Verdes,70.1,30.694597574421167
0LSPREIgGMZXCuKVel7LVD,Karthik,58.6,25.622932745314223
6CwfuxIqcltXDGjfZsMd9A,MARINA,68.4,29.94487320837927
6hB4Px9Gm2FjAB30PXsv8K,cape,68.7,30.07717750826902
6LEeAFiJF8OuPx747e1wxR,Blood Orange,64.5,28.224917309812568
59oA5WbbQvomJz2BuRG071,Jungle,66.5,29.10694597574421
4uoz4FUMvpeyGClFTTDBsD,Ricardo Montaner,64.5,28.224917309812568
6jJ0s89eD6GaHleKKya26X,Katy Perry,75.5,33.0760749724366
00FQb4jTyendYWaN8pK0wa,Lana Del Rey,80.0,35.0606394707828
69GGBxA162lTqCwzJG5jLp,The Chainsmokers,77.9,34.13450937155458
1Yj5Xey7kTwvZla8sqdsdE,Cris MJ,77.2,33.8257993384785
3y24n3XhZ96wgwRXjvS17T,Coolio,53.8,23.506063947078278
4RddZ3iHvSpGV4dvATac9X,Papa Roach,68.1,29.81256890848952
4kcQWQDK0u9AftVSpdrAgk,Luck Ra,68.0,29.768467475192942
62vwt2P3iBw4NwHdDZb27q,JXNDRO,68.3,29.90077177508269
1mux8L6xg2Cmrc7k0wQczl,Bacilos,64.3,28.136714443219404
5cIc3SBFuBLVxJz58W2tU9,Oh Wonder,61.6,26.945975744211687
23zg3TcAtWQy7J6upgbUnj,USHER,77.7,34.04630650496141
1QAJqy2dA3ihHBFIHRphZj,Cigarettes After Sex,83.4,36.560088202866595
711MCceyCBcFnzjGY4Q7Un,AC/DC,79.7,34.92833517089305
67FB4n52MgexGQIG8s0yUH,Lola Young,72.4,31.708930540242562
3qdu3XhzSzkRhbwdFKnSuw,Sajid-Wajid,41.7,18.169790518191842
67MNhiAICFY6Pwc2YxCO0K,Elley Duhé,68.0,29.768467475192942
1hcdI2N1023RvSwLzTtdsp,Natalia Lafourcade,65.8,28.798235942668136
4sY0lTSkfDMMt27cVvFT6o,Rico Ace,69.0,30.209481808158763
3X458ddYA2YcVWuVIGGOYe,Toni Braxton,62.3,27.25468577728776
738wLrAtLtCtFOLvQBXOXp,Major Lazer,64.1,28.048511576626236
28gNT5KBp7IjEOQoevXf9N,Camilo,73.8,32.326350606394705
6Sbl0NT50roqWvy746MfVf,Gabito Ballesteros,75.4,33.031973539140026
5YFS41yoX0YuFY39fq21oN,Bob Sinclar,63.7,27.872105843439915
4pADjHPWyrlAF0FA7joK2H,Jay Sean,55.3,24.16758544652701
1dy5WNgIKQU6ezkpZs4y8z,ROLE MODEL,72.2,31.620727673649395
0A0FS04o6zMoto8OKPsDwY,YG,62.9,27.51929437706725
6kbR2eL4hecj3rFwGOsYsI,BL3SS,61.0,26.681367144432194
3cniTumSiUysiPWXapGx1i,Cutting Crew,47.9,20.904079382579933
13ubrt8QOOCPljQ2FL1Kca,A$AP Rocky,79.0,34.61962513781698
1pBLC0qVRTB5zVMuteQ9jJ,Lily-Rose Depp,57.77777777777778,25.260320960431212
164Uj4eKjl6zTBKfJLFKKK,JVKE,72.9,31.929437706725473
1WaFQSHVGZQJTbf0BdxdNo,Tommy Richman,65.9,28.842337375964718
1Ts9of7VPZElwPQnqnDSfW,Lyanno,62.9,27.51929437706725
6zvul52xwTWzilBZl6BUbT,Pixies,64.9,28.401323042998897
4yiQZ8tQPux8cPriYMWUFP,Gwen Stefani,68.6,30.03307607497243
6nVcHLIgY5pE2YCl8ubca1,JHAYCO,75.4,33.031973539140026
4YLtscXsxbVgi031ovDDdh,Chris Stapleton,78.8,34.53142227122381
2EMAnMvWE2eb56ToJVfCWs,Bryson Tiller,76.4,33.47298787210585
71hjb5G92mGoKRSAW3Cj00,Anu Malik,60.9,26.63726571113561
5ENS85nZShljwNgg4wFD7D,Gabry Ponte,69.6,30.474090407938252
4IVAbR2w4JJNJDDRFP3E83,6LACK,65.8,28.798235942668136
6aoGgTKGqtsjj48ymcNs4Z,MC Tuto,71.3,31.223814773980152
2DspEsT7UXGKd2VaaedgG4,Alex Rose,66.1,28.93054024255788
64tJ2EAv1R6UaZqc4iOCyj,YOASOBI,68.6,30.03307607497243
0v1axjG0KwIz3aciZffFMu,Toton Caribo,59.3,25.931642778390295
04gDigrS5kc9YWfZHwBETP,Maroon 5,81.2,35.58985667034179
0Wwji82sLA0Hcvtuak3omb,AUDREY NUNA,77.2,33.8257993384785
1moxjboGR7GNWYIMWsRjgG,Florence + The Machine,69.4,30.38588754134509
3MZsBdqDrRTJihTHQrO6Dq,Joji,79.3,34.75192943770672
7o95ZoZt5ZYn31e9z1Hc0a,Natasha Bedingfield,60.5,26.460859977949283
2TjgzYcbTdsZjbT9OItIeB,"Héctor ""El Father""",67.2,29.41565600882029
4az97MtWmBQ5Db3GfDh9j9,Morad,71.6,31.3561190738699
0ZUvK7zGdXLd78mQr3t1Tw,Ricky Montgomery,62.7,27.431091510474094
5J7rXWjtn5HzUkJ4Jet8Fr,Alvaro Diaz,69.4,30.38588754134509
2urZrEdsq72kx0UzfYN8Yv,Spandau Ballet,53.2,23.24145534729879
1scVfBymTr3CeZ4imMj1QJ,Forrest Frank,70.5,30.871003307607495
2wPsNCwhEGb0KvChZ5DD52,K. J. Yesudas,54.8,23.9470782800441
2oX42qP5ineK3hrhBECLmj,Andy Grammer,63.3,27.695700110253583
40LHVA5BTQp9RxHOQ9JPYj,Lauren Daigle,65.6,28.710033076074968
2yNNYQBChuox9A5Ka93BIn,HUNTR/X,80.1,35.10474090407938
4V8LLVI7PbaPR0K2TGSxFF,"Tyler, The Creator",81.8,35.85446527012128
3q7HBObVc0L8jNeTe5Gofh,50 Cent,74.9,32.811466372657115
7K78lVZ8XzkjfRSI7570FF,José Feliciano,53.1,23.197353914002203
2AsusXITU8P25dlRNhcAbG,Gotye,46.9,20.463065049614112
7FsRH5bw8iWpSbMX1G7xf1,Joan Sebastian,74.3,32.546857772877615
5M9Bb4adKAgrOFOhc05Y50,Pablo Alborán,70.7,30.959206174200663
2iDVt6mFbtbDEZG5ax0dTi,Tulus,72.8,31.885336273428884
1Xfmvd48oOhEWkscWyEbh9,Lloyd,64.1,28.048511576626236
48RCl7AbbfhC60EN8a80Op,Jigar Saraiya,59.9,26.196251378169787
6Xgp2XMz1fhVYe7i6yNAax,Trippie Redd,76.2,33.384785005512676
34v5MVKeQnIo0CWYMbbrPf,John Newman,55.9,24.432194046306503
0E02VcvA5p1ndkLdqWD5JB,Ankit Tiwari,64.0,28.004410143329658
1rdQOMFFtoskDXXUVjiGo9,Shweta Mohan,61.7,26.990077177508272
4sEWznAKWWNcicTuLxzb6d,Nidji,61.2,26.769570011025362
4NJhFmfw43RLBLjQvxDuRS,Wolfgang Amadeus Mozart,60.0,26.240352811466373
2ICR2m4hOBPhaYiZB3rnLW,Sonder,70.3,30.78280044101433
6eUKZXaKkcviH0Ku9w2n3V,Ed Sheeran,80.9,35.45755237045204
2LRoIwlKmHjgvigdNGBHNo,Feid,79.8,34.97243660418963
7hJcb9fa4alzcOq3EaNPoG,Snoop Dogg,70.0,30.650496141124584
5JZ7CnR6gTvEMKX4g70Amv,Lauv,71.4,31.267916207276734
00me4Ke1LsvMxt5kydlMyU,Cosculluela,69.9,30.606394707828002
1uRVM0wBdtyEuU582EeKJM,NOTION,63.9,27.960308710033072
53KwLdlmrlCelAZMaLVZqU,James Blake,67.7,29.6361631753032
048LktY5zMnakWq7PTtFrz,CKay,65.5,28.66593164277839
0BvkDsjIUla7X0k6CSWh1I,Luke Bryan,69.9,30.606394707828002
05oH07COxkXKIMt6mIPRee,Brandy,63.2,27.651598676957004
1c22GXH30ijlOfXhfLz9Df,Elvis Crespo,57.3,25.049614112458652
51Blml2LZPmy7TTiAg47vQ,U2,69.0,30.209481808158763
6U0dJxYVB41L8WDZ02Nwuk,Dj Samir,75.1,32.89966923925027
027TpXKGwdXP7iwbjUSpV8,The Walters,53.0,23.153252480705625
1Bp5RHQ2K9k986YoxNvACB,Perera DJ,66.3,29.018743109151046
2Q3xviVw2VXFRXtsF2gpR1,ΣP,56.1,24.52039691289967
7tjVFCxJdwT4NdrTmjyjQ6,Muni Long,63.2,27.651598676957004
2LIk90788K0zvyj2JJVwkJ,Jack Harlow,71.1,31.135611907386988
77kULmXAQ6vWer7IIHdGzI,Jordan Davis,69.9,30.606394707828002
26WKgv73kRHD0gEDKD1i8j,Keinemusik,66.7,29.195148842337378
6vP4azTCk053nGL0xAYnVH,Tenxi,72.8,31.885336273428884
64tNsm6TnZe2zpcMVMOoHL,Alice In Chains,73.4,32.14994487320838
4myTppRgh0rojLxx8RycOp,Ryan Lewis,55.1,24.079382579933846
4PULA4EFzYTrxYvOVlwpiQ,Sidhu Moose Wala,70.9,31.047409040793823
3m5qlPf2OkihLz3dRYnkPA,Ovy On The Drums,81.1,35.5457552370452
1h6Cn3P4NGzXbaXidqURXs,Swedish House Mafia,73.3,32.105843439911794
4x1nvY2FN8jxqAFA0DA02H,John Lennon,68.4,29.94487320837927
5ffbqOCrcxCejQ7oqfWXm9,DJ DAVI DOGDOG,61.6,26.945975744211687
1mcTU81TzQhprhouKaTkpq,Rauw Alejandro,81.5,35.72216097023153
1zNqDE7qDGCsyzJwohVaoX,Anne-Marie,71.4,31.267916207276734
2RYonYiVhhzBz82UFXOvEN,KEVIN WOO,55.0,24.035281146637267
2RTUTCvo6onsAnheUk3aL9,3 Doors Down,68.4,29.94487320837927
0GF4shudTAFv8ak9eWdd4Y,Kishore Kumar,51.3,22.403528114663725
0xRXCcSX89eobfrshSVdyu,MEDUZA,67.1,29.3715545755237
7ohlPA8dRBtCf92zaZCaaB,Crowded House,58.5,25.57883131201764
7Lmrb6KcIzfkmgbtokjsAL,Mc Don Juan,65.2,28.533627342888646
4OBJLual30L7gRl5UkeRcT,T.I.,65.6,28.710033076074968
1X6ORK7IekgmyjV6IFPszP,Gustavo Mioto,65.3,28.577728776185225
6H1RjVyNruCmrBEWRbD0VZ,Def Leppard,65.9,28.842337375964718
55Aa2cqylxrFIXC767Z865,Lil Wayne,75.9,33.252480705622936
4MCBfE4596Uoi2O4DtmEMz,Juice WRLD,78.9,34.5755237045204
1LZEQNv7sE11VDY3SdxQeN,Bee Gees,73.7,32.28224917309812
6HvZYsbFfjnjFrWF950C9d,NewJeans,77.7,34.04630650496141
2AZOALDIBORfbzKTuliwdJ,Cristian Castro,71.7,31.400220507166484
4TH4BHy0LdBi3dpBW4P2UX,R. City,41.2,17.94928335170893
5xd2Tg7Zo8755eCy8Gxkp8,Ha*Ash,70.5,30.871003307607495
0vjeBgTzYTwmYoVySJzXGD,Virlan Garcia,68.9,30.16538037486218
6U1dV7aL68N7Gb0Naq34V5,REI AMI,78.6,34.443219404630646
3yDIp0kaq9EFKe07X1X2rz,Nile Rodgers,65.8,28.798235942668136
0Je74SitssvJg1w4Ra2EK7,4 Non Blondes,47.0,20.50716648291069
0Yb0T3wUUNiIvHjqnfkbuH,Mahalakshmi Iyer,62.7,27.431091510474094
5dHt1vcEm9qb8fCyLcB3HL,A$AP Ferg,64.4,28.180815876515986
2UNjfzEkfsdWVDwnuD6vdH,bbyclose,59.1,25.843439911797134
1zEo6Fk1iaaOYFlFPBHCFn,Humberto & Ronaldo,67.6,29.59206174200661
540vIaP2JwjQb9dm3aArA4,DJ Snake,75.3,32.98787210584344
6XkjpgcEsYab502Vr1bBeW,Grupo Frontera,79.2,34.70782800441014
7qG3b048QCHVRO5Pv1T5lw,Enrique Iglesias,70.9,31.047409040793823
7f5Zgnp2spUuuzKplmRkt7,Lost Frequencies,72.1,31.57662624035281
3vQ0GE3mI0dAaxIMYe5g7z,Paulo Londra,71.7,31.400220507166484
3tVQdUvClmAT7URs9V3rsp,Wizkid,73.4,32.14994487320838
2d0hyoQ5ynDBnkvAbJKORj,Rage Against The Machine,68.0,29.768467475192942
27azwwkxutWL1BWMkgNIh0,Vulgo FK,65.5,28.66593164277839
1U1el3k54VvEUzo3ybLPlM,Kali Uchis,77.1,33.781697905181915
2qk9voo8llSGYcZ6xrBzKx,Kings of Leon,73.2,32.06174200661521
0eDvMgVFoNV3TpwtrVCoTj,Pop Smoke,73.0,31.97353914002205
487N2T9nIPEHrlTZLL3SQs,Zé Neto & Cristiano,74.4,32.590959206174205
7oPftvlwr6VrsViSDV7fJY,Green Day,79.2,34.70782800441014
3koiLjNrgRTNbOwViDipeA,Marvin Gaye,70.3,30.78280044101433
4oVMLzAqW6qhRpZWt8fNw4,Kailash Kher,62.5,27.342888643880926
2eK9gcJQ6uqVvJL63dnOM3,Simone Mendes,74.3,32.546857772877615
3ycxRkcZ67ALN3GQJ57Vig,Masego,68.2,29.85667034178611
3tMTXQyRrPmMyHv5SoC0TV,Juicy Luicy,72.0,31.53252480705623
7bPs6jf983f0bjRAt1yxDM,Patrick Watson,64.5,28.224917309812568
6xrc4RXcso9uKlYWlIANPU,Vitinho Imperador,61.5,26.901874310915105
6cnl6Jz97730GUS8zEAK77,Los Plebes del Rancho de Ariel Camacho,66.5,29.10694597574421
2UazAtjfzqBF0Nho2awK4z,Stone Temple Pilots,67.0,29.32745314222712
0u6GtibW46tFX7koQ6uNJZ,Topic,69.0,30.209481808158763
37w38cCSGgKLdayTRjna4W,Mazzy Star,67.2,29.41565600882029
63MQldklfxkjYDoUE4Tppz,M83,58.8,25.711135611907384
014WIDx7H4BRCHB1faiisK,Los Tucanes De Tijuana,69.9,30.606394707828002
1Ml4OuStDoympbREURAM15,The Fontane Sisters,22.9,9.878721058434397
6YVMFz59CuY7ngCxTxjpxE,aespa,73.5,32.19404630650496
4Ly0KABsxlx4fNj63zJTrF,Seafret,56.3,24.60859977949283
2wOqMjp9TyABvtHdOSOTUS,Ludwig van Beethoven,57.2,25.005512679162074
0elWFr7TW8piilVRYJUe4P,Natanael Cano,76.5,33.51708930540242
5Rl15oVamLq7FbSb0NNBNy,5 Seconds of Summer,70.9,31.047409040793823
2C6i0I5RiGzDKN9IAF8reh,Banda MS de Sergio Lizárraga,75.7,33.164277839029765
2y8Jo9CKhJvtfeKOsYzRdT,Rod Stewart,68.7,30.07717750826902
0EOOwVUWdPElrXOJyKOiBw,MC Nito,67.3,29.459757442116867
28DdkLhrzQNizZ0ExQpyku,Rizky Febian,69.4,30.38588754134509
3BmGtnKgCSGYIUhmivXKWX,Kelly Clarkson,69.7,30.51819184123484
7jy3rLJdDQY21OgRLCZ9sD,Foo Fighters,74.4,32.590959206174205
6dJeKm76NjfXBNTpHmOhfO,Selena Gomez & The Scene,60.7,26.549062844542448
2e4nwiX8ZCU09LGLOpeqTH,Laura Pausini,66.8,29.239250275633957
1vfezMIyCr4XUdYRaKIKi3,Keyshia Cole,60.3,26.372657111356116
70jpkgy5oGT4YjaGFpCpk7,MC LUUKY,66.1,28.93054024255788
4q3ewBCX7sLwd24euuV69X,Bad Bunny,88.0,38.58875413450937
5KKpBU5eC2tJDzf0wmlRp2,RAYE,79.2,34.70782800441014
1GImnM7WYVp95431ypofy9,Caifanes,71.7,31.400220507166484
6M2wZ9GZgrQXHCFfjv46we,Dua Lipa,79.7,34.92833517089305
1mBydYMVBECdDmMfE2sEUO,Sachin-Jigar,73.3,32.105843439911794
50co4Is1HCEo8bhOyUWKpn,Young Thug,73.8,32.326350606394705
6qjhYs5KNSoSU6fNJqDGIo,Sanjoy,52.8,23.065049614112457
4Rh80sXmcG4xDP1r6dTNiQ,Estevan Plazola,48.5,21.168687982359423
