rank,artist_name,track_name,daily_streams,streams_plus,seven_day,seven_day_plus,total_streams,artist_url,track_url
1,Brenda Lee,Rockin' Around The Christmas Tree,"1,768,698","+13,758","11,103,316","+839,528","486,534,374",https://kworb.net/spotify/artist/4cPHsZM98sKzmV26wlwD2W_albums.html,https://kworb.net/spotify/track/2EjXfH91m7f8HiJN1yQg97.html
2,Mariah Carey,All I Want for Christmas Is You,"1,488,451",-203,"9,477,135","+605,840","497,934,272",https://kworb.net/spotify/artist/4iHNK0tOyZPYnBU7nGAgpQ_albums.html,https://kworb.net/spotify/track/0bYg9bo50gSsH3LtXe2SQn.html
3,Bobby Helms,Jingle Bell Rock,"1,477,451",+164,"9,237,961","+673,012","415,497,056",https://kworb.net/spotify/artist/38EmEgXkgK51MT2tPY0EoC_albums.html,https://kworb.net/spotify/track/7vQbuQcyTflfCIOu3Uzzya.html
4,Wham!,Last Christmas,"1,394,689","+7,831","8,486,053","+611,395","361,565,714",https://kworb.net/spotify/artist/5lpH0xAS4fVfLkACg9DAuM_albums.html,https://kworb.net/spotify/track/2FRnf9qhLbvw8fu4IBXx78.html
5,Dean Martin,Let It Snow! Let It Snow! Let It Snow!,"1,177,962","+23,791","7,211,856","+567,223","229,872,342",https://kworb.net/spotify/artist/49e4v89VmlDcFCMyDv9wQ9_albums.html,https://kworb.net/spotify/track/2uFaJJtFpPDc5Pa95XzTvg.html
6,Nat King Cole,The Christmas Song (Merry Christmas To You),"1,162,678","-7,858","7,387,083","+538,372","239,519,048",https://kworb.net/spotify/artist/7v4imS0moSyGdXyLgVTIV7_albums.html,https://kworb.net/spotify/track/4PS1e8f2LvuTFgUs1Cn3ON.html
7,Andy Williams,It's the Most Wonderful Time of the Year,"1,137,800","-1,198","7,877,734","+484,557","344,924,678",https://kworb.net/spotify/artist/4sj6D0zlMOl25nprDJBiU9_albums.html,https://kworb.net/spotify/track/1IcR6RlgvDczfvoWJSSY2A.html
8,Ariana Grande,Santa Tell Me,"1,111,379","+5,253","6,944,910","+451,466","300,746,585",https://kworb.net/spotify/artist/66CXWjxzNUsdJxJ2JdwvnR_albums.html,https://kworb.net/spotify/track/0lizgQ7Qw35od7CYaoMBZb.html
9,Taylor Swift,The Fate of Ophelia,"1,098,349","-21,813","7,826,521","-257,408","154,106,862",https://kworb.net/spotify/artist/06HL4z0CvFAxyc27GXpf02_albums.html,https://kworb.net/spotify/track/53iuhJlwXhSER5J2IYYv1W.html
10,Olivia Dean,Man I Need,"1,073,842","-40,542","7,684,116","-261,958","105,125,925",https://kworb.net/spotify/artist/00x1fYSGhdqScXBRpSj3DW_albums.html,https://kworb.net/spotify/track/1qbmS6ep2hbBRaEZFpn7BX.html
11,HUNTR/X,"Golden (w/ Ejae, AUDREY NUNA, REI AMI, KPop Demon Hunters Cast)","1,072,518","+1,848","7,553,726","-51,866","264,958,902",https://kworb.net/spotify/artist/2yNNYQBChuox9A5Ka93BIn_albums.html,https://kworb.net/spotify/track/1CPZ5BxNNd0n0nF4Orb9JS.html
12,Kelly Clarkson,Underneath the Tree,"1,050,268","-9,356","6,551,306","+417,665","216,314,489",https://kworb.net/spotify/artist/3BmGtnKgCSGYIUhmivXKWX_albums.html,https://kworb.net/spotify/track/3nAp4IvdMPPWEH9uuXFFV5.html
13,Michael BublÃ©,It's Beginning to Look a Lot Like Christmas,"1,024,731","+7,781","6,331,739","+463,479","289,314,867",https://kworb.net/spotify/artist/1GxkXlMwML1oSg5eLPiAz3_albums.html,https://kworb.net/spotify/track/0lLdorYw7lVrJydTINhWdI.html
14,The Ronettes,Sleigh Ride,"1,012,693","-1,014","6,574,081","+446,174","196,801,212",https://kworb.net/spotify/artist/7CyeXFnOrfC1N6z4naIpgo_albums.html,https://kworb.net/spotify/track/7fUYUcWy853HS8YJn0b3Sr.html
15,Darlene Love,Christmas (Baby Please Come Home),"933,021","-3,961","6,142,761","+416,052","147,829,715",https://kworb.net/spotify/artist/391oLRVmoTkumiN79HkTWu_albums.html,https://kworb.net/spotify/track/47ohYW8e7dxCYn9qbUMBCI.html
16,Michael BublÃ©,Holly Jolly Christmas,"892,788","-21,849","6,149,777","+339,484","203,582,225",https://kworb.net/spotify/artist/1GxkXlMwML1oSg5eLPiAz3_albums.html,https://kworb.net/spotify/track/6tjituizSxwSmBB5vtgHZE.html
17,Bing Crosby,"White Christmas - 1947 Version (w/ Ken Darby Singers, John Scott Trotter & His Orchestra)","837,514","+13,071","5,307,801","+414,874","39,117,286",https://kworb.net/spotify/artist/6ZjFtWeHP9XN7FeKSUe80S_albums.html,https://kworb.net/spotify/track/3XsaSIPWvM61RIFfeb0BBR.html
18,Olivia Dean,So Easy (To Fall In Love),"835,246","-46,100","5,906,529","-169,183","49,500,003",https://kworb.net/spotify/artist/00x1fYSGhdqScXBRpSj3DW_albums.html,https://kworb.net/spotify/track/6sGIMrtIzQjdzNndVxe397.html
19,JosÃ© Feliciano,Feliz Navidad,"803,854","+1,466","5,245,818","+381,755","214,598,545",https://kworb.net/spotify/artist/7K78lVZ8XzkjfRSI7570FF_albums.html,https://kworb.net/spotify/track/3qCeq0rWK67SoBDgFd2sId.html
20,sombr,back to friends,"797,250","-19,017","5,126,178","-55,668","254,863,394",https://kworb.net/spotify/artist/4G9NDjRyZFDlJKMRL8hx3S_albums.html,https://kworb.net/spotify/track/0FTmksd2dxiE5e3rWyJXs6.html
21,Alex Warren,Ordinary,"783,441","-50,264","5,610,356","-201,724","297,660,354",https://kworb.net/spotify/artist/0fTSzq9jAh4c36UVb4V7CB_albums.html,https://kworb.net/spotify/track/2RkZ5LkEzeHGRsmDqKwmaJ.html
22,Justin Bieber,Mistletoe,"778,155","+7,421","4,747,539","+363,765","188,978,456",https://kworb.net/spotify/artist/1uNFoZAHBGtllmzznpCI3s_albums.html,https://kworb.net/spotify/track/7xapw9Oy21WpfEcib2ErSA.html
23,Sia,Snowman,"767,842","+13,186","4,711,526","+328,457","105,203,334",https://kworb.net/spotify/artist/5WUlDfRSoLAfcVSX1WnrxN_albums.html,https://kworb.net/spotify/track/7uoFMmxln0GPXQ0AcCBXRq.html
24,Burl Ives,A Holly Jolly Christmas - Single Version,"760,433","-19,042","4,757,384","+423,306","233,807,929",https://kworb.net/spotify/artist/0MHgLfmQdutffmvWe5XBTN_albums.html,https://kworb.net/spotify/track/77khP2fIVhSW23NwxrRluh.html
25,Chuck Berry,Run Rudolph Run - Single Version,"752,331","+12,300","4,696,173","+382,526","162,465,638",https://kworb.net/spotify/artist/293zczrfYafIItmnmM3coR_albums.html,https://kworb.net/spotify/track/2pnPe4pJtq7689i5ydzvJJ.html
26,Ella Langley,Choosin' Texas,"742,588","-4,118","5,080,077","-85,497","27,259,452",https://kworb.net/spotify/artist/6BRxQ8cD3eqnrVj6WKDok8_albums.html,https://kworb.net/spotify/track/65DbTqJKhbwqYbZ1Okr0rc.html
27,Djo,End of Beginning,"717,453","+91,334","3,404,887","+333,358","325,826,119",https://kworb.net/spotify/artist/5p9HO3XC5P3BLxJs5Mtrhm_albums.html,https://kworb.net/spotify/track/3qhlB30KknSejmIvZZLjOD.html
28,Taylor Swift,Opalite,"717,186","+5,340","4,984,904","-153,262","117,263,932",https://kworb.net/spotify/artist/06HL4z0CvFAxyc27GXpf02_albums.html,https://kworb.net/spotify/track/3yWuTOYDztXjZxdE2cIRUa.html
29,Perry Como,"It's Beginning to Look a Lot Like Christmas (w/ The Fontane Sisters, Mitchell Ayres & His Orchestra)","716,225","-5,390","4,691,365","+349,376","185,092,111",https://kworb.net/spotify/artist/5v8jlSmAQfrkTjAlpUfWtu_albums.html,https://kworb.net/spotify/track/2pXpURmn6zC5ZYDMms6fwa.html
30,Eagles,Please Come Home for Christmas - Eagles 2013 Remaster,"713,531","-3,614","4,464,873","+358,494","75,987,216",https://kworb.net/spotify/artist/0ECwFtbIWEVNwjlrfc6xoL_albums.html,https://kworb.net/spotify/track/3QIoEi8Enr9uHffwInGIsC.html
31,The Neighbourhood,Sweater Weather,"705,689","+14,050","4,402,089","+5,268","985,690,898",https://kworb.net/spotify/artist/77SW9BnxLY8rJ0RciFqkHh_albums.html,https://kworb.net/spotify/track/2QjOHCTQ1Jl3zawyYOpxh6.html
32,Radiohead,Creep,"677,097","-35,748","4,509,182","-65,682","246,514,692",https://kworb.net/spotify/artist/4Z8W4fKeB5YxbusRsdQVPb_albums.html,https://kworb.net/spotify/track/70LcF31zb1H0PyJoS1Sx1r.html
33,Paul McCartney,Wonderful Christmastime - Edited Version / Remastered 2011,"669,926",-178,"4,172,433","+332,715","104,227,550",https://kworb.net/spotify/artist/4STHEaNw4mPZ2tzheohgXB_albums.html,https://kworb.net/spotify/track/1SV1fxF65n9NhRHp3KlBuu.html
34,Elvis Presley,Blue Christmas,"652,631","-3,186","4,192,782","+335,923","169,082,536",https://kworb.net/spotify/artist/43ZHCT0cAZBISjO8DG9PnE_albums.html,https://kworb.net/spotify/track/3QiAAp20rPC3dcAtKtMaqQ.html
35,Arctic Monkeys,505,"649,285","+87,213","3,506,091","+77,739","695,107,867",https://kworb.net/spotify/artist/7Ln80lUS6He07XvHI8qqHH_albums.html,https://kworb.net/spotify/track/58ge6dfP91o9oXMzq3XkIS.html
36,Bing Crosby,Mele Kalikimaka (Merry Christmas) (w/ The Andrews Sisters),"645,258","+2,164","4,106,510","+645,258","28,221,772",https://kworb.net/spotify/artist/6ZjFtWeHP9XN7FeKSUe80S_albums.html,https://kworb.net/spotify/track/04vLj9QUXoKdRlsp3gkURo.html
37,Vince Guaraldi Trio,Christmas Time Is Here - Vocal - Album Version,"641,656","+12,406","4,049,604","+313,677","71,179,105",https://kworb.net/spotify/artist/4ytkhMSAnrDP8XzRNlw9FS_albums.html,https://kworb.net/spotify/track/3bMfUUpzUzqWp9II00yRhE.html
38,Morgan Wallen,I Got Better,"633,677","-45,333","4,611,991","-132,996","149,394,457",https://kworb.net/spotify/artist/4oUHIQIBe0LHzYfvXNW4QM_albums.html,https://kworb.net/spotify/track/4gfrYDtaRmp6HPvN80V2ob.html
39,Tate McRae,TIT FOR TAT,"631,818","+52,189","3,885,033","-59,980","59,249,649",https://kworb.net/spotify/artist/45dkTj5sMRSjrmBSBeiHym_albums.html,https://kworb.net/spotify/track/04a44cx2PJthIbN2aLMXhl.html
40,RAYE,WHERE IS MY HUSBAND!,"617,938","-26,908","4,393,086","-99,087","39,547,997",https://kworb.net/spotify/artist/5KKpBU5eC2tJDzf0wmlRp2_albums.html,https://kworb.net/spotify/track/55lijDD6OAjLFFUHU9tcDm.html
41,Frank Sinatra,Jingle Bells - Remastered 1999,"614,975","-4,120","3,967,665","+614,975","97,216,814",https://kworb.net/spotify/artist/1Mxqyy3pSjf8kZZL4QVxS0_albums.html,https://kworb.net/spotify/track/4HEOgBHRCExyYVeTyrXsnL.html
42,Eartha Kitt,Santa Baby (w/ Henri RenÃ© and His Orchestra),"612,370","+12,264","3,851,616","+612,370","133,028,320",https://kworb.net/spotify/artist/1AwO9pWEBSBoWdEZu28XDC_albums.html,https://kworb.net/spotify/track/1foCxQtxBweJtZmdxhEHVO.html
43,Frank Sinatra,Have Yourself A Merry Little Christmas - Remastered,"608,565","+6,811","3,817,460","+608,565","62,954,588",https://kworb.net/spotify/artist/1Mxqyy3pSjf8kZZL4QVxS0_albums.html,https://kworb.net/spotify/track/2FPfeYlrbSBR8PwCU0zaqq.html
44,The MarÃ­as,Sienna,"594,790","+37,576","3,295,330","+68,309","80,118,549",https://kworb.net/spotify/artist/2sSGPbdZJkaSE2AbcGOACx_albums.html,https://kworb.net/spotify/track/0InIeZW4P6VO7dUGRM4AKH.html
45,Burl Ives,Rudolph The Red-Nosed Reindeer,"591,919","+4,441","3,735,528","+591,919","95,209,327",https://kworb.net/spotify/artist/0MHgLfmQdutffmvWe5XBTN_albums.html,https://kworb.net/spotify/track/47otoIkhx3fkdivEXL5OB6.html
46,The Goo Goo Dolls,Iris,"588,073","-26,601","3,862,901","-39,035","305,665,681",https://kworb.net/spotify/artist/2sil8z5kiy4r76CRTXxBCA_albums.html,https://kworb.net/spotify/track/6Qyc6fS4DsZjB2mRW9DsQs.html
47,The Beach Boys,"Little Saint Nick - 1991 Remix (w/ Mark Linett, Sweet, Larry Walsh)","584,269",-113,"3,694,096","+584,269","121,055,564",https://kworb.net/spotify/artist/3oDbviiivRWhXwIE8hxkVV_albums.html,https://kworb.net/spotify/track/5xlS0QkVrSH7ssEbBgBzbM.html
48,Billie Eilish,BIRDS OF A FEATHER,"582,816","-10,745","3,858,208","-18,816","698,676,732",https://kworb.net/spotify/artist/6qqNVTkY8uBg9cP3Jd7DAH_albums.html,https://kworb.net/spotify/track/6dOtVTDdiauQNBQEDOtlAB.html
49,Fleetwood Mac,Dreams - 2004 Remaster,"581,302","-35,344","4,002,318","+11,897","722,009,179",https://kworb.net/spotify/artist/08GQAI4eElDnROBrJRGE0X_albums.html,https://kworb.net/spotify/track/0ofHAoxe9vBkTCp2UQIavz.html
50,The Killers,Mr. Brightside,"549,797","-32,541","3,768,456","-55,207","662,029,042",https://kworb.net/spotify/artist/0C0XlULifJtAgn6ZNCW2eu_albums.html,https://kworb.net/spotify/track/003vvx7Niy0yvhvHt4a68B.html
51,Ella Langley,weren't for the wind,"547,645","-8,123","3,368,743","+22,297","93,928,004",https://kworb.net/spotify/artist/6BRxQ8cD3eqnrVj6WKDok8_albums.html,https://kworb.net/spotify/track/2A22iI0x4EYAVXNpKPhNEM.html
52,Mykola Dmytrovych Leontovych,Carol of the Bells (w/ John Williams),"546,048","-4,659","3,451,393","+546,048","120,411,842",https://kworb.net/spotify/artist/6lBN3Tzt61u8i9AJoAhKzF_albums.html,https://kworb.net/spotify/track/4tHqQMWSqmL6YjXwsqthDI.html
53,John Lennon,Happy Xmas (War Is Over) - Remastered 2010 (w/ Yoko Ono),"539,098","+15,777","2,774,150","+539,098","87,633,671",https://kworb.net/spotify/artist/4x1nvY2FN8jxqAFA0DA02H_albums.html,https://kworb.net/spotify/track/27RYrbL6S02LNVhDWVl38b.html
54,Gene Autry,Here Comes Santa Claus (Right Down Santa Claus Lane),"536,381","+3,200","3,416,983","+536,381","94,599,248",https://kworb.net/spotify/artist/5ixB75BQR3ADoWQkcHQJTs_albums.html,https://kworb.net/spotify/track/25leEEaz1gIpp7o21Fqyjo.html
55,Coldplay,Sparks,"535,383","-6,977","3,324,459","-77,842","208,211,693",https://kworb.net/spotify/artist/4gzpq5DPGxSnKTe4SA8HAU_albums.html,https://kworb.net/spotify/track/7D0RhFcb3CrfPuTJ0obrod.html
56,Laufey,Winter Wonderland,"531,021",+62,"3,508,998","+531,021","3,508,998",https://kworb.net/spotify/artist/7gW0r5CkdEUMm42w9XpyZO_albums.html,https://kworb.net/spotify/track/6eODMWDVi22dpEZJoqg5h7.html
57,Nat King Cole,Deck The Hall,"516,982","+20,043","3,195,539","+516,982","86,335,885",https://kworb.net/spotify/artist/7v4imS0moSyGdXyLgVTIV7_albums.html,https://kworb.net/spotify/track/0rHToGels2lt8Y0mCYoF90.html
58,Tame Impala,Dracula,"512,576","+12,018","3,461,107","-85,957","44,936,228",https://kworb.net/spotify/artist/5INjqkS1o8h1imAzPqGZBb_albums.html,https://kworb.net/spotify/track/1NXbNEAcPvY5G1xvfN57aA.html
59,The MarÃ­as,No One Noticed,"508,755","-1,225","3,149,554","+26,977","330,102,322",https://kworb.net/spotify/artist/2sSGPbdZJkaSE2AbcGOACx_albums.html,https://kworb.net/spotify/track/3siwsiaEoU4Kuuc9WKMUy5.html
60,Don Toliver,No Pole,"505,082","-4,882","3,142,451",+238,"220,430,843",https://kworb.net/spotify/artist/4Gso3d4CscCijv0lmajZWs_albums.html,https://kworb.net/spotify/track/0eaVIYo2zeOaGJeqZ5TwYz.html
61,Donny Hathaway,This Christmas,"491,676","+12,169","2,652,409","+491,676","74,380,506",https://kworb.net/spotify/artist/0HU0U9kdXEHZVxUNbuQe8S_albums.html,https://kworb.net/spotify/track/7MSYSOobsombc1mbDWFxtD.html
62,Kelly Clarkson,"Santa, Canât You Hear Me (w/ Ariana Grande)","491,225","-2,022","2,644,453","+491,225","43,852,859",https://kworb.net/spotify/artist/3BmGtnKgCSGYIUhmivXKWX_albums.html,https://kworb.net/spotify/track/2O3MQ6H3gjrIWDcpeTrikT.html
63,Frank Sinatra,Let It Snow! Let It Snow! Let It Snow! (w/ B. Swanson Quartet),"490,319","-7,753","2,856,671","+490,319","182,687,215",https://kworb.net/spotify/artist/1Mxqyy3pSjf8kZZL4QVxS0_albums.html,https://kworb.net/spotify/track/4kKdvXD0ez7jp1296JmAts.html
64,Saja Boys,"Your Idol (w/ Andrew Choi, Neckwav, Danny Chung, KEVIN WOO, samUIL Lee, KPop Demon Hunters Cast)","489,572","-22,196","3,756,119","-113,092","183,305,748",https://kworb.net/spotify/artist/0BJ2EjOqcfgFvlZXNKrNbE_albums.html,https://kworb.net/spotify/track/1I37Zz2g3hk9eWxaNkj031.html
65,Olivia Dean,A Couple Minutes,"479,217","-5,256","2,963,139","-12,049","12,780,153",https://kworb.net/spotify/artist/00x1fYSGhdqScXBRpSj3DW_albums.html,https://kworb.net/spotify/track/312z6PZ8wwREck8613PkJk.html
66,Saja Boys,"Soda Pop (w/ Andrew Choi, Neckwav, Danny Chung, KEVIN WOO, samUIL Lee, KPop Demon Hunters Cast)","468,405","+5,003","3,581,690","-93,300","157,282,114",https://kworb.net/spotify/artist/0BJ2EjOqcfgFvlZXNKrNbE_albums.html,https://kworb.net/spotify/track/02sy7FAs8dkDNYsHp4Ul3f.html
67,The Weeknd,Timeless (w/ Playboi Carti),"466,157","+6,849","3,412,856","-124,092","375,810,603",https://kworb.net/spotify/artist/1Xyo4u8uXC1ZmMpatF05PJ_albums.html,https://kworb.net/spotify/track/0FIDCNYYjNvPVimz5icugS.html
68,Bing Crosby,Do You Hear What I Hear?,"463,661","-10,844","2,591,523","+463,661","58,643,775",https://kworb.net/spotify/artist/6ZjFtWeHP9XN7FeKSUe80S_albums.html,https://kworb.net/spotify/track/4EZUcj7c8n9pWIwHqN0DoH.html
69,Tate McRae,NOBODY'S GIRL,"463,527",-836,"3,451,273","-294,769","7,867,111",https://kworb.net/spotify/artist/45dkTj5sMRSjrmBSBeiHym_albums.html,https://kworb.net/spotify/track/3B2ZpJeewPvhAkjXtTkdtJ.html
70,Sabrina Carpenter,A Nonsense Christmas,"461,085","+2,087","2,574,620","+461,085","33,683,908",https://kworb.net/spotify/artist/74KM79TiuVKeVCqs8QtB0B_albums.html,https://kworb.net/spotify/track/7yogx3TwxGwSxO2QITsT2q.html
71,Gwen Stefani,You Make It Feel Like Christmas (w/ Blake Shelton),"460,879","+7,516","2,535,555","+460,879","63,783,005",https://kworb.net/spotify/artist/4yiQZ8tQPux8cPriYMWUFP_albums.html,https://kworb.net/spotify/track/2OQ6a4CfUeYskpTTgyawyJ.html
72,Zach Bryan,I Remember Everything (w/ Kacey Musgraves),"447,271","-16,149","2,951,256","-2,467","718,981,959",https://kworb.net/spotify/artist/40ZNYROS4zLfyyBSs2PGe2_albums.html,https://kworb.net/spotify/track/4KULAymBBJcPRpk1yO4dOG.html
73,Lady Gaga,Die With A Smile (w/ Bruno Mars),"446,317","+6,077","3,093,738","-87,510","543,893,405",https://kworb.net/spotify/artist/1HY2Jd0NmPuamShAr6KMms_albums.html,https://kworb.net/spotify/track/2plbrEY59IikOBgBGLjaoe.html
74,sombr,12 to 12,"440,121","+18,070","2,697,419","+4,700","75,740,233",https://kworb.net/spotify/artist/4G9NDjRyZFDlJKMRL8hx3S_albums.html,https://kworb.net/spotify/track/05od2qm2MTSKCHxy1GBp5W.html
75,HUNTR/X,"How Itâs Done (w/ Ejae, AUDREY NUNA, REI AMI, KPop Demon Hunters Cast)","439,651","-4,678","3,193,611","-79,421","150,995,558",https://kworb.net/spotify/artist/2yNNYQBChuox9A5Ka93BIn_albums.html,https://kworb.net/spotify/track/3RXUgPNIbUgFxsDWuBQEt6.html
76,Tame Impala,The Less I Know The Better,"439,477","-8,832","2,758,426","+17,964","290,879,847",https://kworb.net/spotify/artist/5INjqkS1o8h1imAzPqGZBb_albums.html,https://kworb.net/spotify/track/6K4t31amVTZDgR3sKmwUJJ.html
77,Kate Bush,Running Up That Hill (A Deal With God),"436,689","-19,142","2,389,156","+436,689","167,118,263",https://kworb.net/spotify/artist/1aSxMhuvixZ8h9dK9jIDwL_albums.html,https://kworb.net/spotify/track/75FEaRjZTKLhTrFGsfMUXR.html
78,Olivia Dean,Let Alone The One You Love,"435,820","-2,559","2,778,139","-45,295","16,814,719",https://kworb.net/spotify/artist/00x1fYSGhdqScXBRpSj3DW_albums.html,https://kworb.net/spotify/track/3Vd4fHzwS6pBS3muymjiDi.html
79,Zach Bryan,Something in the Orange,"435,364","-7,243","2,865,408","+23,396","846,266,623",https://kworb.net/spotify/artist/40ZNYROS4zLfyyBSs2PGe2_albums.html,https://kworb.net/spotify/track/3WMj8moIAXJhHsyLaqIIHI.html
80,sombr,undressed,"435,356","+4,135","2,656,384","+31,177","188,990,504",https://kworb.net/spotify/artist/4G9NDjRyZFDlJKMRL8hx3S_albums.html,https://kworb.net/spotify/track/4AajxCEwGEsmHmT4H1TwjY.html
81,Tate McRae,ANYTHING BUT LOVE,"433,448","-22,690","3,188,300","-260,236","7,053,434",https://kworb.net/spotify/artist/45dkTj5sMRSjrmBSBeiHym_albums.html,https://kworb.net/spotify/track/66tlRqExpkn4kRyuxelzs5.html
82,HUNTR/X,"What It Sounds Like (w/ Ejae, AUDREY NUNA, REI AMI, KPop Demon Hunters Cast)","430,708","-5,728","3,234,914","-78,506","134,900,526",https://kworb.net/spotify/artist/2yNNYQBChuox9A5Ka93BIn_albums.html,https://kworb.net/spotify/track/5sBDrrtLGbV64QJnEqfjer.html
83,Olivia Dean,Nice To Each Other,"430,449","-4,187","3,256,811","-152,978","38,066,948",https://kworb.net/spotify/artist/00x1fYSGhdqScXBRpSj3DW_albums.html,https://kworb.net/spotify/track/7gKxCvTDWwV9wBhdeBbr3l.html
84,Kendrick Lamar,luther,"430,072",+120,"2,928,631","-26,824","449,774,648",https://kworb.net/spotify/artist/2YZyLoL8N0Wb9xBt1NhZWg_albums.html,https://kworb.net/spotify/track/2CGNAOSuO1MEFCbBRgUzjd.html
85,Billie Eilish,WILDFLOWER,"428,306","+13,971","3,014,686","-134,972","375,703,102",https://kworb.net/spotify/artist/6qqNVTkY8uBg9cP3Jd7DAH_albums.html,https://kworb.net/spotify/track/3QaPy1KgI7nu9FJEQUgn6h.html
86,The Jackson 5,I Saw Mommy Kissing Santa Claus,"426,250","+12,740","2,282,617","+426,250","71,541,680",https://kworb.net/spotify/artist/2iE18Oxc8YSumAU232n4rW_albums.html,https://kworb.net/spotify/track/3lkYS3iMpWMVpaJ0yJAFrJ.html
87,Tate McRae,Sports car,"425,015","-9,427","2,935,944","-106,345","211,657,382",https://kworb.net/spotify/artist/45dkTj5sMRSjrmBSBeiHym_albums.html,https://kworb.net/spotify/track/5UJbgR4XF4y1DvbkxEqe8S.html
88,Morgan Wallen,I'm The Problem,"424,003","+11,142","3,162,114","-80,363","211,297,713",https://kworb.net/spotify/artist/4oUHIQIBe0LHzYfvXNW4QM_albums.html,https://kworb.net/spotify/track/7AeM1BGYM7emrqmQn1PuWv.html
89,Drake,Headlines,"423,981","+1,141","2,782,780","-34,467","102,106,748",https://kworb.net/spotify/artist/3TVXtAsR1Inumwj472S9r4_albums.html,https://kworb.net/spotify/track/6LxSe8YmdPxy095Ux6znaQ.html
90,EsDeeKid,4 Raws,"422,436","-5,435","2,799,431","-27,599","5,390,988",https://kworb.net/spotify/artist/0EyhkwP3UnwGFBy6xwKjSy_albums.html,https://kworb.net/spotify/track/554qQSs9lpRVq6TlaaiIKT.html
91,Teddy Swims,Lose Control,"422,191","-10,897","2,943,967","-104,597","555,662,356",https://kworb.net/spotify/artist/33qOK5uJ8AR2xuQQAhHump_albums.html,https://kworb.net/spotify/track/17phhZDn6oGtzMe56NuWvj.html
92,Riley Green,Worst Way,"421,357","-2,135","2,997,452","-131,131","161,760,592",https://kworb.net/spotify/artist/2QMsj4XJ7ne2hojxt6v5eb_albums.html,https://kworb.net/spotify/track/1osfLqL6L2iQsirRf83ded.html
93,Morgan Wallen,What I Want (w/ Tate McRae),"419,608","-16,460","3,011,665","-91,248","168,996,513",https://kworb.net/spotify/artist/4oUHIQIBe0LHzYfvXNW4QM_albums.html,https://kworb.net/spotify/track/04emojnbYkrRmv5qtJcgVP.html
94,EsDeeKid,Phantom (w/ Rico Ace),"418,617","-14,148","2,718,762","+14,509","5,489,387",https://kworb.net/spotify/artist/0EyhkwP3UnwGFBy6xwKjSy_albums.html,https://kworb.net/spotify/track/57Z6TJCTMACXxdrcwZ3Zvf.html
95,Sabrina Carpenter,Manchild,"416,701","+5,206","3,081,757","-129,486","153,289,169",https://kworb.net/spotify/artist/74KM79TiuVKeVCqs8QtB0B_albums.html,https://kworb.net/spotify/track/42UBPzRMh5yyz0EDPr6fr1.html
96,Ravyn Lenae,Love Me Not,"416,183","-23,984","2,845,293","-81,636","192,251,250",https://kworb.net/spotify/artist/5RTLRtXjbXI2lSXc6jxlAz_albums.html,https://kworb.net/spotify/track/4WFgvKVfEhb3IUAFGrutTR.html
97,Disco Lines,No Broke Boys (w/ Tinashe),"413,509",-363,"2,854,146","-94,358","96,709,369",https://kworb.net/spotify/artist/5Kmr0b3ip8g9P2i0dLTC3Z_albums.html,https://kworb.net/spotify/track/3cZajhyr8LmtPfHZ9296tj.html
98,The Police,Every Breath You Take,"412,058",+947,"2,623,874","+39,683","33,086,373",https://kworb.net/spotify/artist/5NGO30tJxFlKixkPSgXcFE_albums.html,https://kworb.net/spotify/track/1JSTJqkT5qHq8MDJnJbRE1.html
99,KATSEYE,Gabriela,"410,678","+9,448","2,964,127","-95,886","80,257,874",https://kworb.net/spotify/artist/3c0gDdb9lhnHGFtP4prQpn_albums.html,https://kworb.net/spotify/track/1xOqGUkyxGQRdCvGpvWKmL.html
100,Pentatonix,Hallelujah,"409,277",-955,"2,236,446","+409,277","60,933,134",https://kworb.net/spotify/artist/26AHtbjWKiwYzsoGoUZq53_albums.html,https://kworb.net/spotify/track/550rQQCGkrTzvp4SfpOPzx.html
101,Taylor Swift,Father Figure,"406,628","-3,533","2,845,564","-100,255","86,663,021",https://kworb.net/spotify/artist/06HL4z0CvFAxyc27GXpf02_albums.html,https://kworb.net/spotify/track/03bTIHJElXZ0O0jqOQvAbY.html
102,Jonas Brothers,Like It's Christmas,"405,810","+6,867","1,948,213","+405,810","50,894,852",https://kworb.net/spotify/artist/7gOdHgIoIKoe4i9Tta6qdD_albums.html,https://kworb.net/spotify/track/1OjmlSFuzYflWjSMTCyTJv.html
103,Gigi Perez,Sailor Song,"405,804","-4,512","2,652,801","-33,659","405,067,078",https://kworb.net/spotify/artist/1iCnM8foFssWlPRLfAbIwo_albums.html,https://kworb.net/spotify/track/2262bWmqomIaJXwCRHr13j.html
104,Benson Boone,Beautiful Things,"401,979","+3,089","2,727,193","-46,899","610,860,510",https://kworb.net/spotify/artist/22wbnEMDvgVIAGdFeek6ET_albums.html,https://kworb.net/spotify/track/3xkHsmpQCBMytMJNiDf3Ii.html
105,Taylor Swift,Elizabeth Taylor,"399,599",-871,"2,880,216","-115,198","90,848,998",https://kworb.net/spotify/artist/06HL4z0CvFAxyc27GXpf02_albums.html,https://kworb.net/spotify/track/1jgTiNob5cVyXeJ3WgX5bL.html
106,Childish Gambino,Les,"399,036","+2,652","2,487,121","+3,571","78,300,260",https://kworb.net/spotify/artist/73sIBHcqh3Z3NyqHKZ7FOL_albums.html,https://kworb.net/spotify/track/7ghKr0pCYyPPyp7t1FH8k4.html
107,Radiohead,Let Down,"398,403","-3,321","2,594,050","-58,644","88,823,438",https://kworb.net/spotify/artist/4Z8W4fKeB5YxbusRsdQVPb_albums.html,https://kworb.net/spotify/track/2fuYa3Lx06QQJAm0MjztKr.html
108,Chris Stapleton,You Should Probably Leave,"393,844","+9,566","2,479,514","+35,891","344,520,301",https://kworb.net/spotify/artist/4YLtscXsxbVgi031ovDDdh_albums.html,https://kworb.net/spotify/track/2UikqkwBv7aIvlixeVXHWt.html
109,Taylor Swift,Christmas Tree Farm,"390,243","+2,469","1,883,786","+390,243","57,984,407",https://kworb.net/spotify/artist/06HL4z0CvFAxyc27GXpf02_albums.html,https://kworb.net/spotify/track/2mvabkN1i2gLnGAPUVdwek.html
110,She & Him,I Thought I Saw Your Face Today,"390,206","-22,263","1,425,007","+390,206","1,425,007",https://kworb.net/spotify/artist/3CIRif6ZAedT7kZSPvj2A4_albums.html,https://kworb.net/spotify/track/0myRViRgmQ3J8izICXEAVO.html
111,Chappell Roan,Pink Pony Club,"388,889","-2,652","2,786,757","-60,276","429,202,083",https://kworb.net/spotify/artist/7GlBOeep6PqTfFi59PTUUN_albums.html,https://kworb.net/spotify/track/6393yGahSJ9slVdOwSxOVR.html
112,Cigarettes After Sex,Apocalypse,"388,801","+8,440","2,262,913","+51,861","338,412,385",https://kworb.net/spotify/artist/1QAJqy2dA3ihHBFIHRphZj_albums.html,https://kworb.net/spotify/track/0yc6Gst2xkRu0eMLeRMGCX.html
113,Band Aid,Do They Know It's Christmas? - 1984 Version,"387,009","+4,856","1,820,444","+387,009","126,177,389",https://kworb.net/spotify/artist/35S20clEkkSNUo23ViaslZ_albums.html,https://kworb.net/spotify/track/0247StOpd3AkeBQzANX4Zf.html
114,Gayla Peevey,I Want a Hippopotamus for Christmas (Hippo the Hero),"384,701","+8,429","1,924,762","+384,701","32,652,237",https://kworb.net/spotify/artist/1suIIDedjFJRuu8k7b55hZ_albums.html,https://kworb.net/spotify/track/5P8Xvy5tzhmfyfA6GplQ8h.html
115,Mariah Carey,Christmas (Baby Please Come Home),"384,222","+16,678","1,814,358","+384,222","92,660,617",https://kworb.net/spotify/artist/4iHNK0tOyZPYnBU7nGAgpQ_albums.html,https://kworb.net/spotify/track/3PIDciSFdrQxSQSihim3hN.html
116,Whiskey Myers,Broken Window Serenade,"384,190","-19,383","2,494,863","+13,609","47,307,838",https://kworb.net/spotify/artist/26opZSJcXshCmCwxgZQmBc_albums.html,https://kworb.net/spotify/track/1VOSSXuWRcBj2rpfxNdX9v.html
117,YoungBoy Never Broke Again,Nevada,"382,193",-327,"2,568,649","-18,131","32,978,889",https://kworb.net/spotify/artist/7wlFDEWiM5OoIAt8RSli8b_albums.html,https://kworb.net/spotify/track/2cEnKRR4dYBB2VA1mjlb1z.html
118,Justin Bieber,DAISIES,"379,794",-906,"2,532,484","-60,379","115,884,102",https://kworb.net/spotify/artist/1uNFoZAHBGtllmzznpCI3s_albums.html,https://kworb.net/spotify/track/5BZsQlgw21vDOAjoqkNgKb.html
119,RUMI,"Free (w/ Jinu, Ejae, Andrew Choi, KPop Demon Hunters Cast)","379,045","-2,424","2,649,139","-22,411","120,057,550",https://kworb.net/spotify/artist/5sUZGmvurxH1pOXNabE3yJ_albums.html,https://kworb.net/spotify/track/5DxDLsW6PsLz5gkwC7Mk5S.html
120,Bruce Springsteen,"Santa Claus Is Comin' to Town - Live at C.W. Post College, Greenvale, NY - December 1975","378,337","-2,355","1,936,463","+378,337","82,575,819",https://kworb.net/spotify/artist/3eqjTLE0HfPfh78zjh6TqT_albums.html,https://kworb.net/spotify/track/6s2wpWPFPAgKg2LXxi1Oee.html
121,Sabrina Carpenter,When Did You Get Hot?,"376,244","-4,161","2,619,595","-87,683","69,696,598",https://kworb.net/spotify/artist/74KM79TiuVKeVCqs8QtB0B_albums.html,https://kworb.net/spotify/track/0je57Uq5eTk1wrPzn9sWbl.html
122,Gorillaz,Feel Good Inc,"374,770","-5,603","2,505,976",+844,"137,372,865",https://kworb.net/spotify/artist/3AA28KZvwAUcZuOKwyblJQ_albums.html,https://kworb.net/spotify/track/0d28khcov6AiegSCpG5TuT.html
123,Sabrina Carpenter,Tears,"373,899","+1,812","2,519,175","-45,217","76,258,307",https://kworb.net/spotify/artist/74KM79TiuVKeVCqs8QtB0B_albums.html,https://kworb.net/spotify/track/42VUCXerQ5qTr4Qp6PhKo4.html
124,J. Cole,No Role Modelz,"373,346","+3,172","2,348,481","+13,875","1,230,029,628",https://kworb.net/spotify/artist/6l3HvQ5sa6mXTsMTB19rO5_albums.html,https://kworb.net/spotify/track/68Dni7IE4VyPkTOH9mRWHr.html
125,Kehlani,Folded,"371,628","+1,028","2,497,658","-34,655","48,011,281",https://kworb.net/spotify/artist/0cGUm45nv7Z6M6qdXYQGTX_albums.html,https://kworb.net/spotify/track/0bxPRWprUVpQK0UFcddkrA.html
126,Laufey,From The Start,"370,219","-6,404","2,540,792","-37,563","236,826,091",https://kworb.net/spotify/artist/7gW0r5CkdEUMm42w9XpyZO_albums.html,https://kworb.net/spotify/track/43iIQbw5hx986dUEZbr3eN.html
127,Chappell Roan,"Good Luck, Babe!","370,052","+2,149","2,416,509","-6,064","627,920,972",https://kworb.net/spotify/artist/7GlBOeep6PqTfFi59PTUUN_albums.html,https://kworb.net/spotify/track/0WbMK4wrZ1wFSty9F7FCgu.html
128,Andy Williams,Happy Holiday / The Holiday Season,"369,918","+3,708","1,832,745","+369,918","63,569,478",https://kworb.net/spotify/artist/4sj6D0zlMOl25nprDJBiU9_albums.html,https://kworb.net/spotify/track/1Wf14bTyb6UeKojy8ykPYm.html
129,Daniel Caesar,Superpowers,"368,073","+11,988","1,595,229","+30,509","34,446,561",https://kworb.net/spotify/artist/20wkVLutqVOYrc0kxFs7rA_albums.html,https://kworb.net/spotify/track/736PP5LTtREkDgktNmX3Gu.html
130,Nat King Cole,Joy To The World,"366,464","+6,989","1,753,448","+366,464","94,849,107",https://kworb.net/spotify/artist/7v4imS0moSyGdXyLgVTIV7_albums.html,https://kworb.net/spotify/track/1VuAamHM7P3VQQEXYGG3Uu.html
131,Treaty Oak Revival,Missed Call,"366,227","-29,846","1,448,091","+366,227","84,801,131",https://kworb.net/spotify/artist/3444S3C4U9Ts86BnCtSPRV_albums.html,https://kworb.net/spotify/track/6ybZUqlfk938oS6WeBmDab.html
132,Fleetwood Mac,The Chain - 2004 Remaster,"366,104","+7,148","2,406,779","+20,402","67,068,940",https://kworb.net/spotify/artist/08GQAI4eElDnROBrJRGE0X_albums.html,https://kworb.net/spotify/track/5e9TFTbltYBg2xThimr0rU.html
133,Post Malone,I Had Some Help (Feat. Morgan Wallen) (w/ Morgan Wallen),"363,270","-11,974","2,645,755","-38,270","629,094,947",https://kworb.net/spotify/artist/246dkjvS1zLTtiykXe5h60_albums.html,https://kworb.net/spotify/track/5IZXB5IKAD2qlvTPJYDCFB.html
134,Tate McRae,TRYING ON SHOES,"362,970","-30,215","2,729,760","-216,088","6,068,830",https://kworb.net/spotify/artist/45dkTj5sMRSjrmBSBeiHym_albums.html,https://kworb.net/spotify/track/7AxXJXqJOMRqkgZxvG3r6E.html
135,Daniel Caesar,Who Knows,"360,646","-17,801","1,950,630","+12,356","11,566,923",https://kworb.net/spotify/artist/20wkVLutqVOYrc0kxFs7rA_albums.html,https://kworb.net/spotify/track/6DH13QYXK7lKkYHSU88N48.html
136,Perry Como,(There's No Place Like) Home for the Holidays - 1959 Version,"360,095","+14,991","2,058,914","+360,095","50,831,188",https://kworb.net/spotify/artist/5v8jlSmAQfrkTjAlpUfWtu_albums.html,https://kworb.net/spotify/track/0hvN2v6fAcB6xWyW7UaooA.html
137,Elton John,Step Into Christmas,"359,766",+906,"1,689,337","+359,766","45,725,613",https://kworb.net/spotify/artist/3PhoLpVuITZKcymswpck5b_albums.html,https://kworb.net/spotify/track/6sBWmE23q6xQHlnEZ8jYPT.html
138,Yeat,COMÃ N GO,"357,777","+4,105","2,233,486",+440,"14,764,354",https://kworb.net/spotify/artist/3qiHUAX7zY4Qnjx8TNUzVx_albums.html,https://kworb.net/spotify/track/2mNGL7mZILSqZHxGboJaO9.html
139,Olivia Dean,Baby Steps,"356,765",-20,"2,102,450","-72,209","18,648,955",https://kworb.net/spotify/artist/00x1fYSGhdqScXBRpSj3DW_albums.html,https://kworb.net/spotify/track/5SruEBX3KpgpDvEcIuN53P.html
140,HUNTR/X,"Takedown (w/ Ejae, AUDREY NUNA, REI AMI, KPop Demon Hunters Cast)","356,542","-2,042","2,623,470","-41,442","120,597,510",https://kworb.net/spotify/artist/2yNNYQBChuox9A5Ka93BIn_albums.html,https://kworb.net/spotify/track/0MHStU0muAIEMbwdnebYu2.html
141,Kendrick Lamar,All The Stars (w/ SZA),"354,365","+2,421","2,373,530","-20,834","599,911,907",https://kworb.net/spotify/artist/2YZyLoL8N0Wb9xBt1NhZWg_albums.html,https://kworb.net/spotify/track/3GCdLUSnKSMJhs4Tj6CV3s.html
142,Kanye West,Flashing Lights (w/ Dwele),"352,778","+9,546","2,253,899","+12,086","326,220,901",https://kworb.net/spotify/artist/5K4W6rqBFWDnAN6FQUkS6x_albums.html,https://kworb.net/spotify/track/5TRPicyLGbAF2LGBFbHGvO.html
143,BigXthaPlug,Hell At Night (w/ Ella Langley),"352,263","-13,232","2,594,869","-98,862","42,766,824",https://kworb.net/spotify/artist/6qxpnaukVayrQn6ViNvu9I_albums.html,https://kworb.net/spotify/track/6r1lboTadi5swMquaAWDzh.html
144,"Tyler, The Creator",See You Again (w/ Kali Uchis),"351,009","-8,282","2,424,647","-22,009","859,196,103",https://kworb.net/spotify/artist/4V8LLVI7PbaPR0K2TGSxFF_albums.html,https://kworb.net/spotify/track/7KA4W4McWYRpgf0fWsJZWB.html
145,Jimin,Who,"349,883","+13,818","2,321,926","+9,876","434,292,464",https://kworb.net/spotify/artist/1oSPZhvZMIrWW5I41kPkkY_albums.html,https://kworb.net/spotify/track/7tI8dRuH2Yc6RuoTjxo4dU.html
146,Waka Flocka Flame,"No Hands (w/ Roscoe Dash, Wale)","346,351","+17,180","2,261,994","+15,852","95,322,077",https://kworb.net/spotify/artist/6f4XkbvYlXMH0QgVRzW0sM_albums.html,https://kworb.net/spotify/track/03tqyYWC9Um2ZqU0ZN849H.html
147,Cody Johnson,Travelin' Soldier,"345,165","-18,674","2,534,016","-115,019","15,124,265",https://kworb.net/spotify/artist/6zLBxLdl60ekBLpawtT63I_albums.html,https://kworb.net/spotify/track/4ThbwJaIWVxXZ1qJaHQBCz.html
148,Chris Stapleton,Tennessee Whiskey,"345,004","+6,464","2,454,765","-7,874","529,980,804",https://kworb.net/spotify/artist/4YLtscXsxbVgi031ovDDdh_albums.html,https://kworb.net/spotify/track/3fqwjXwUGN6vbzIwvyFMhx.html
149,Ed Sheeran,Merry Christmas (w/ Elton John),"344,191","+2,769","1,607,118","+344,191","22,873,066",https://kworb.net/spotify/artist/6eUKZXaKkcviH0Ku9w2n3V_albums.html,https://kworb.net/spotify/track/0aoUM0zcu0kCX7Cv7O939I.html
150,Pentatonix,"Mary, Did You Know?","343,196","+3,053","1,590,001","+343,196","42,836,642",https://kworb.net/spotify/artist/26AHtbjWKiwYzsoGoUZq53_albums.html,https://kworb.net/spotify/track/4z8sz6E4YyFuEkv5o7IJni.html
151,Cynthia Erivo,No Good Deed,"341,756","-45,980","2,793,016","-271,835","5,882,499",https://kworb.net/spotify/artist/46UMQ0cW8ToR8egkBRwAxZ_albums.html,https://kworb.net/spotify/track/5o0hD6Bs6RdyZxfYBoEEc8.html
152,Morgan Wallen,Just In Case,"341,255","-8,223","2,447,061","-83,958","189,416,770",https://kworb.net/spotify/artist/4oUHIQIBe0LHzYfvXNW4QM_albums.html,https://kworb.net/spotify/track/5z0LSDpPpGwc2ZyJHpsE3J.html
153,Riley Green,Don't Mind If I Do (w/ Ella Langley),"340,340","-11,121","2,385,541","-86,549","35,466,733",https://kworb.net/spotify/artist/2QMsj4XJ7ne2hojxt6v5eb_albums.html,https://kworb.net/spotify/track/1FHIZknONrV2c20w0x5AVG.html
154,TV Girl,Lovers Rock,"339,782","-2,001","1,302,510","+7,668","465,303,663",https://kworb.net/spotify/artist/0Y6dVaC9DZtPNH4591M42W_albums.html,https://kworb.net/spotify/track/6dBUzqjtbnIa1TwYbyw5CM.html
155,Olivia Dean,I've Seen It,"337,564","-1,861","1,410,847","-23,055","3,488,529",https://kworb.net/spotify/artist/00x1fYSGhdqScXBRpSj3DW_albums.html,https://kworb.net/spotify/track/6tHVEMyRfxGgQuXRzl2yOF.html
156,Mark Ambor,Run Rudolph Run - Spotify Singles Holiday,"336,971","-1,945","1,721,134","+336,971","19,987,696",https://kworb.net/spotify/artist/11p2E654TTU8e0nZWBR4AL_albums.html,https://kworb.net/spotify/track/6pheMGrfMwwnypqafU7d4k.html
157,Ariana Grande,we can't be friends (wait for your love),"336,491","+6,534","1,857,790","-25,035","326,312,760",https://kworb.net/spotify/artist/66CXWjxzNUsdJxJ2JdwvnR_albums.html,https://kworb.net/spotify/track/51ZQ1vr10ffzbwIjDCwqm4.html
158,Fuerza Regida,Marlboro Rojo,"335,394","-6,581","1,877,652","+19,977","78,276,373",https://kworb.net/spotify/artist/0ys2OFYzWYB5hRDLCsBqxt_albums.html,https://kworb.net/spotify/track/3hpm0fTeSqlhJbnqAgaLZs.html
159,Britney Spears,My Only Wish (This Year),"335,379","+1,305","1,640,188","+335,379","40,062,926",https://kworb.net/spotify/artist/26dSoYclwsYLMAKD3tpOr4_albums.html,https://kworb.net/spotify/track/0YWUHZPJVg4iujddsJDwhM.html
160,Mazzy Star,Fade Into You,"332,105","+3,908","1,245,066","+16,664","58,028,467",https://kworb.net/spotify/artist/37w38cCSGgKLdayTRjna4W_albums.html,https://kworb.net/spotify/track/1LzNfuep1bnAUR9skqdHCK.html
161,Bad Bunny,DtMF,"331,993","-5,911","2,409,566","-47,509","237,415,520",https://kworb.net/spotify/artist/4q3ewBCX7sLwd24euuV69X_albums.html,https://kworb.net/spotify/track/3sK8wGT43QFpWrvNQsrQya.html
162,Fleetwood Mac,Landslide,"331,186","-1,486","2,227,309","-4,300","46,854,545",https://kworb.net/spotify/artist/08GQAI4eElDnROBrJRGE0X_albums.html,https://kworb.net/spotify/track/5ihS6UUlyQAfmp48eSkxuQ.html
163,Foo Fighters,Everlong,"331,018","+1,296","1,842,327","-5,542","305,271,643",https://kworb.net/spotify/artist/7jy3rLJdDQY21OgRLCZ9sD_albums.html,https://kworb.net/spotify/track/5UWwZ5lm5PKu6eKsHAGxOk.html
164,The Weeknd,"One Of The Girls (w/ JENNIE, Lily-Rose Depp)","330,220","+3,362","1,250,436","+330,220","285,578,956",https://kworb.net/spotify/artist/1Xyo4u8uXC1ZmMpatF05PJ_albums.html,https://kworb.net/spotify/track/7CyPwkp0oE8Ro9Dd5CUDjW.html
165,Bing Crosby,Winter Wonderland,"328,436","-2,989","1,661,956","+328,436","48,065,101",https://kworb.net/spotify/artist/6ZjFtWeHP9XN7FeKSUe80S_albums.html,https://kworb.net/spotify/track/5VEuraNSVxMTzDTtrmL3lQ.html
166,King Von,Took Her To The O,"328,352",,"1,253,332","+328,352","52,464,013",https://kworb.net/spotify/artist/6QtgPSJPSzcnn7dPZ4VINp_albums.html,https://kworb.net/spotify/track/7fEoXCZTZFosUFvFQg1BmW.html
167,Vince Guaraldi Trio,O Tannenbaum,"328,138","+7,727","1,586,976","+328,138","55,537,785",https://kworb.net/spotify/artist/4ytkhMSAnrDP8XzRNlw9FS_albums.html,https://kworb.net/spotify/track/34rzJNfTd5e9s3TICFMPD0.html
168,Hudson Westbrook,House Again,"327,922","-33,021","2,483,425","-78,048","97,246,025",https://kworb.net/spotify/artist/0C4gtx1iHMfuaQ73GKWvtZ_albums.html,https://kworb.net/spotify/track/1zM8S2pnIclcdTmrfFnWtX.html
169,Coldplay,Yellow,"327,141","+2,467","2,127,417","-2,784","172,833,349",https://kworb.net/spotify/artist/4gzpq5DPGxSnKTe4SA8HAU_albums.html,https://kworb.net/spotify/track/3AJwUDP919kvQ9QcozQPxg.html
170,Nirvana,Come As You Are - Remastered,"326,958","-7,140","1,552,769","+8,938","64,111,458",https://kworb.net/spotify/artist/6olE6TJLqED3rqDCT0FyPh_albums.html,https://kworb.net/spotify/track/5AEOqLsRJFAoSS4ay4Jzao.html
171,Tory Lanez,The Color Violet,"326,923","+4,420","929,892","+326,923","403,234,924",https://kworb.net/spotify/artist/2jku7tDXc6XoB6MO2hFuqg_albums.html,https://kworb.net/spotify/track/3azJifCSqg9fRij2yKIbWz.html
172,"Tyler, The Creator",Sugar On My Tongue,"326,762","-6,366","2,325,988","-41,373","90,100,917",https://kworb.net/spotify/artist/4V8LLVI7PbaPR0K2TGSxFF_albums.html,https://kworb.net/spotify/track/6xV7Be6XEvkSnighmh2Tzj.html
173,Noah Kahan,Stick Season,"326,391","-2,634","2,522,982","-97,517","716,716,779",https://kworb.net/spotify/artist/2RQXRUsr4IW1f3mKyKsy4B_albums.html,https://kworb.net/spotify/track/0mflMxspEfB0VbI1kyLiAv.html
174,Joji,SLOW DANCING IN THE DARK,"325,482","-1,983","917,243","-23,679","466,031,172",https://kworb.net/spotify/artist/3MZsBdqDrRTJihTHQrO6Dq_albums.html,https://kworb.net/spotify/track/0rKtyWc8bvkriBthvHKY8d.html
175,Miguel,Sure Thing,"325,431","+4,710","1,240,568","+325,431","414,761,087",https://kworb.net/spotify/artist/360IAlyVv4PCEVjgyMZrxK_albums.html,https://kworb.net/spotify/track/0JXXNGljqupsJaZsgSbMZV.html
176,Drake,"One Dance (w/ Wizkid, Kyla)","325,409","+1,034","2,215,434","-28,272","555,523,586",https://kworb.net/spotify/artist/3TVXtAsR1Inumwj472S9r4_albums.html,https://kworb.net/spotify/track/1zi7xx7UVEFkmKfv06H8x0.html
177,Benson Boone,Mystical Magical,"323,820","+7,499","1,832,428","-2,908","125,168,051",https://kworb.net/spotify/artist/22wbnEMDvgVIAGdFeek6ET_albums.html,https://kworb.net/spotify/track/2ipIPsgrgd0j2beDf4Ki70.html
178,Tears For Fears,Everybody Wants To Rule The World,"321,765","+5,452","1,826,022","+321,765","305,292,172",https://kworb.net/spotify/artist/4bthk9UfsYUYdcFyqxmSUU_albums.html,https://kworb.net/spotify/track/4RvWPyQ5RL0ao9LPZeSouE.html
179,Drake,Not You Too (w/ Chris Brown),"321,242",,"321,242","+321,242","11,972,463",https://kworb.net/spotify/artist/3TVXtAsR1Inumwj472S9r4_albums.html,https://kworb.net/spotify/track/3Q4gttWQ6hxqWOa3tHoTNi.html
180,Taylor Swift,The Life of a Showgirl (w/ Sabrina Carpenter),"320,985",+224,"2,312,647","-102,860","70,165,084",https://kworb.net/spotify/artist/06HL4z0CvFAxyc27GXpf02_albums.html,https://kworb.net/spotify/track/5eXgqtg3T8Av0m1FUaGHex.html
181,Rihanna,Breakin' Dishes,"320,642","-2,815","2,160,067","-3,529","74,879,329",https://kworb.net/spotify/artist/5pKCCKE2ajJHZ9KAiaK11H_albums.html,https://kworb.net/spotify/track/5EcG8eMMlwkHRVa4aTR1qd.html
182,Shaboozey,A Bar Song (Tipsy),"320,149","-15,214","2,505,145","-72,568","624,540,804",https://kworb.net/spotify/artist/3y2cIKLjiOlp1Np37WiUdH_albums.html,https://kworb.net/spotify/track/5fZJQrFKWQLb7FpJXZ1g7K.html
183,Drake,Passionfruit,"320,107","-3,453","1,552,047","-5,737","403,014,045",https://kworb.net/spotify/artist/3TVXtAsR1Inumwj472S9r4_albums.html,https://kworb.net/spotify/track/5mCPDVBb16L4XQwDdbRUpz.html
184,Dean Martin,"Baby, It's Cold Outside","319,253","+1,259","1,561,164","+319,253","85,564,597",https://kworb.net/spotify/artist/49e4v89VmlDcFCMyDv9wQ9_albums.html,https://kworb.net/spotify/track/4MrfQL4TYQXJBlZYpAHTuE.html
185,The Red Clay Strays,Wondering Why,"319,062","-13,953","2,262,242","-46,554","244,711,277",https://kworb.net/spotify/artist/6IKlXZEFOvk9itrP1s0knJ_albums.html,https://kworb.net/spotify/track/1HbzxLqpNVPdiBXvpC7Ovb.html
186,Kanye West,Heartless,"318,653",,"928,680","+3,522","459,270,596",https://kworb.net/spotify/artist/5K4W6rqBFWDnAN6FQUkS6x_albums.html,https://kworb.net/spotify/track/4EWCNWgDS8707fNSZ1oaA5.html
187,wifiskeleton,Nope your too late i already died (w/ i wanna be a jack-o-lantern),"317,663","+1,708","1,550,196","+3,319","94,130,646",https://kworb.net/spotify/artist/0TvvDswOgvPbgSPK2RDf62_albums.html,https://kworb.net/spotify/track/0hta2Lb2zKJ7kEnAEZEE3G.html
188,Laufey,Santa Baby,"317,183",-706,"1,537,489","+317,183","13,887,955",https://kworb.net/spotify/artist/7gW0r5CkdEUMm42w9XpyZO_albums.html,https://kworb.net/spotify/track/45fY77CtQcaLXPSzuDgIV0.html
189,*NSYNC,"Merry Christmas, Happy Holidays","316,468","+4,805","916,449","+316,468","74,307,584",https://kworb.net/spotify/artist/6Ff53KvcvAj5U7Z1vojB5o_albums.html,https://kworb.net/spotify/track/15coTBAzEN1bOeipoNDZAR.html
190,Hazbin Hotel,"Love In A Bottle (w/ Keith David, Lilli Cooper, Kimiko Glenn, Krystina Alabado, Sam Haft, Andrew Underberg)","316,003","-20,868","2,323,485","-100,452","7,993,485",https://kworb.net/spotify/artist/3trytB1YUZ6SSOKlMcnK1l_albums.html,https://kworb.net/spotify/track/7u3BVQ9DG1KA9c3Q8W3BLr.html
191,Kendrick Lamar,tv off (w/ Lefty Gunplay),"315,487","-1,836","1,857,369","-16,650","346,768,075",https://kworb.net/spotify/artist/2YZyLoL8N0Wb9xBt1NhZWg_albums.html,https://kworb.net/spotify/track/0aB0v4027ukVziUGwVGYpG.html
192,Hozier,Too Sweet,"315,003","-3,302","1,823,105","-32,239","528,128,772",https://kworb.net/spotify/artist/2FXC3k01G6Gw61bmprjgqS_albums.html,https://kworb.net/spotify/track/19XpFsce28aByvCC4g89tJ.html
193,Lil Wayne,"Love Me (w/ Drake, Future)","314,930","-1,096","1,533,191","-6,817","207,217,711",https://kworb.net/spotify/artist/55Aa2cqylxrFIXC767Z865_albums.html,https://kworb.net/spotify/track/2XHzzp1j4IfTNp1FTn7YFg.html
194,Arctic Monkeys,I Wanna Be Yours,"313,794","+2,232","897,377","-18,447","343,633,161",https://kworb.net/spotify/artist/7Ln80lUS6He07XvHI8qqHH_albums.html,https://kworb.net/spotify/track/5XeFesFbtLpXzIVDNQP22n.html
195,Nelly Furtado,Promiscuous (w/ Timbaland),"313,679","-1,372","1,909,101","-28,300","83,028,394",https://kworb.net/spotify/artist/2jw70GZXlAI8QzWeY2bgRc_albums.html,https://kworb.net/spotify/track/2gam98EZKrF9XuOkU13ApN.html
196,Kendrick Lamar,Not Like Us,"313,605",,"1,841,712","-24,786","675,620,415",https://kworb.net/spotify/artist/2YZyLoL8N0Wb9xBt1NhZWg_albums.html,https://kworb.net/spotify/track/6AI3ezQ4o3HUoP6Dhudph3.html
197,Sabrina Carpenter,Nobodyâs Son,"312,433","-1,844","1,330,939","-69,879","60,639,950",https://kworb.net/spotify/artist/74KM79TiuVKeVCqs8QtB0B_albums.html,https://kworb.net/spotify/track/4SRShYMtFIGgnOU7iBicMH.html
198,Tyla,CHANEL,"311,815",,"311,815","+311,815","311,815",https://kworb.net/spotify/artist/3SozjO3Lat463tQICI9LcE_albums.html,https://kworb.net/spotify/track/4VxTzYm00mg82MuoT35Ja7.html
199,Malcolm Todd,Sweet Boy,"311,773",,"311,773","+311,773","1,235,832",https://kworb.net/spotify/artist/7eKkW1zo5uzW8kUntiiBvz_albums.html,https://kworb.net/spotify/track/59c2xv2kMzYM6HR9oY6BIa.html
200,Taylor Swift,Wi$h Li$t,"311,021","-3,682","1,659,339","-94,836","70,705,666",https://kworb.net/spotify/artist/06HL4z0CvFAxyc27GXpf02_albums.html,https://kworb.net/spotify/track/2TEQvxxQabwLQMqWMg1qGu.html
