track_id,track_name,popularity,album_id
53iuhJlwXhSER5J2IYYv1W,The Fate of Ophelia,100,4a6NzYL1YHRUgx9e3YZI6I
1CPZ5BxNNd0n0nF4Orb9JS,Golden,99,14JkAa6IiFaOh5s0nMyMU9
1qbmS6ep2hbBRaEZFpn7BX,Man I Need,96,0Bv6OJO0L5gcf20DMww54a
6sGIMrtIzQjdzNndVxe397,So Easy (To Fall In Love),93,0l8zYqoUeBYg47Gmevq9HZ
3yWuTOYDztXjZxdE2cIRUa,Opalite,96,4a6NzYL1YHRUgx9e3YZI6I
2RkZ5LkEzeHGRsmDqKwmaJ,Ordinary,91,1eCGY9WJpYgtaFh1Lk2KNo
0FTmksd2dxiE5e3rWyJXs6,back to friends,92,0QLILSOq1IqAqx62drmv4E
2QjOHCTQ1Jl3zawyYOpxh6,Sweater Weather,92,4xkM0BwLM9H2IUcbYzpcBI
6Qyc6fS4DsZjB2mRW9DsQs,Iris,93,4UMjBXcRqIgMZ1XumU2x5T
2EjXfH91m7f8HiJN1yQg97,Rockin' Around The Christmas Tree,85,34wa3zf2prXFMk47t9zHFG
70LcF31zb1H0PyJoS1Sx1r,Creep,91,3gBVdu4a1MMJVMy6vwPEb8
0InIeZW4P6VO7dUGRM4AKH,Sienna,88,03guxdOi12XJbnvxvxbpwG
0bYg9bo50gSsH3LtXe2SQn,All I Want for Christmas Is You,88,61ulfFSmmxMhc2wCdmdMkN
1NXbNEAcPvY5G1xvfN57aA,Dracula,85,5WulAOx9ilWy1h8UGZ1gkI
2FRnf9qhLbvw8fu4IBXx78,Last Christmas,87,6egzU9NKfora01qaNbvwfZ
6dOtVTDdiauQNBQEDOtlAB,BIRDS OF A FEATHER,95,7aJuG4TFXa2hmE4z1yxc3n
0ofHAoxe9vBkTCp2UQIavz,Dreams - 2004 Remaster,89,0BwWUstDMUbgq2NYONRqlu
4gfrYDtaRmp6HPvN80V2ob,I Got Better,85,5IZ8sY5FjtL9hloXpv0XbD
3HfKlhohNNTLIv2t9uvmzz,FEAR,78,6KLrnVqUhPpX4IzgHgsJTg
003vvx7Niy0yvhvHt4a68B,Mr. Brightside,89,4piJq7R3gjUOxnYs6lDCTg
4ThbwJaIWVxXZ1qJaHQBCz,Travelin' Soldier,80,7Liu0RVrXQNZfnOAOlqQYv
7D0RhFcb3CrfPuTJ0obrod,Sparks,91,6ZG5lRT77aJ3btmArcykra
1I37Zz2g3hk9eWxaNkj031,Your Idol,92,14JkAa6IiFaOh5s0nMyMU9
7vQbuQcyTflfCIOu3Uzzya,Jingle Bell Rock,83,3wivyOdotHWZ9dcuXMjPKT
55lijDD6OAjLFFUHU9tcDm,WHERE IS MY HUSBAND!,93,01sqwTOTrN9gaYQc1rr6Zw
3siwsiaEoU4Kuuc9WKMUy5,No One Noticed,90,03guxdOi12XJbnvxvxbpwG
58ge6dfP91o9oXMzq3XkIS,505,82,6rsQnwaoJHxXJRCDBPkBRw
02sy7FAs8dkDNYsHp4Ul3f,Soda Pop,93,14JkAa6IiFaOh5s0nMyMU9
2plbrEY59IikOBgBGLjaoe,Die With A Smile,91,10FLjwfpbxLmW8c25Xyc2N
1jgTiNob5cVyXeJ3WgX5bL,Elizabeth Taylor,93,4a6NzYL1YHRUgx9e3YZI6I
03bTIHJElXZ0O0jqOQvAbY,Father Figure,92,4a6NzYL1YHRUgx9e3YZI6I
0eaVIYo2zeOaGJeqZ5TwYz,No Pole,88,2Q2TRdT994vTzGE3Grmmht
7gKxCvTDWwV9wBhdeBbr3l,Nice To Each Other,88,74sFrKGdI7ZBBVKrT9jtdV
04a44cx2PJthIbN2aLMXhl,TIT FOR TAT,90,1ks1k7zln4TyBjn1CF3vCz
17phhZDn6oGtzMe56NuWvj,Lose Control,89,7nacKlk586eLRBSIsrk9DB
3RXUgPNIbUgFxsDWuBQEt6,How It’s Done,92,14JkAa6IiFaOh5s0nMyMU9
5sBDrrtLGbV64QJnEqfjer,What It Sounds Like,92,14JkAa6IiFaOh5s0nMyMU9
0FIDCNYYjNvPVimz5icugS,Timeless (feat Playboi Carti),91,3OxfaVgvTxUTy7276t7SPU
0lizgQ7Qw35od7CYaoMBZb,Santa Tell Me,85,27MNgBEnLCKoafz1g2Zu97
04emojnbYkrRmv5qtJcgVP,What I Want (feat. Tate McRae),86,5IZ8sY5FjtL9hloXpv0XbD
6LxSe8YmdPxy095Ux6znaQ,Headlines,86,6X1x82kppWZmDzlXXK3y3q
4AajxCEwGEsmHmT4H1TwjY,undressed,84,19m6pwPmwNFSPV7wtHtg7D
4WFgvKVfEhb3IUAFGrutTR,Love Me Not,89,1uE3dRPe3SrGdNhd1nWlSa
42UBPzRMh5yyz0EDPr6fr1,Manchild,86,3wRHV5fOeUcM5hvYzWZsic
3cZajhyr8LmtPfHZ9296tj,No Broke Boys,93,520FALYwo6yPbp5kBchA8N
4KULAymBBJcPRpk1yO4dOG,I Remember Everything (feat. Kacey Musgraves),86,6PbnGueEO6LGodPfvNldYf
65DbTqJKhbwqYbZ1Okr0rc,Choosin' Texas,82,4ggV0IaczfDFjVSwBM8yvi
05od2qm2MTSKCHxy1GBp5W,12 to 12,89,7mvXPtV4jvA1hp5Wx2FAJA
48axmFD7PUPnTOdSFMYrvj,WHO I WAS,65,65NFxecxqhjUb18ggBJ473
312z6PZ8wwREck8613PkJk,A Couple Minutes,85,0l8zYqoUeBYg47Gmevq9HZ
6393yGahSJ9slVdOwSxOVR,Pink Pony Club,83,0XKconI47eiBP6qPYHsx9f
3WMj8moIAXJhHsyLaqIIHI,Something in the Orange,86,1CmTOKCeyz1aHH04OwvTPv
7AeM1BGYM7emrqmQn1PuWv,I'm The Problem,83,5IZ8sY5FjtL9hloXpv0XbD
1xOqGUkyxGQRdCvGpvWKmL,Gabriela,93,6rpin9IVOuBEWBYnrA9hft
3QaPy1KgI7nu9FJEQUgn6h,WILDFLOWER,92,7aJuG4TFXa2hmE4z1yxc3n
2aVIbkAfhvyTyvIqUAdFBE,Love In A Bottle,80,2UG1520bqCVBeDOkIJH02n
17PifHAE7ZPNqMtJqtearq,Losin' Streak,80,2UG1520bqCVBeDOkIJH02n
2CGNAOSuO1MEFCbBRgUzjd,luther (with sza),84,1Ss0ArMRr91m83mOgRBjSZ
3Vd4fHzwS6pBS3muymjiDi,Let Alone The One You Love,86,0l8zYqoUeBYg47Gmevq9HZ
4PS1e8f2LvuTFgUs1Cn3ON,The Christmas Song (Merry Christmas To You),79,6vBGI5522jvPi0ZZuGQNp4
2fuYa3Lx06QQJAm0MjztKr,Let Down,89,6dVIqQ8qmQ5GBnJ9shOYGE
5eXgqtg3T8Av0m1FUaGHex,The Life of a Showgirl (feat. Sabrina Carpenter),91,4a6NzYL1YHRUgx9e3YZI6I
1IcR6RlgvDczfvoWJSSY2A,It's the Most Wonderful Time of the Year,72,30eO7X0doSEWKhDLAFLMuW
5BZsQlgw21vDOAjoqkNgKb,DAISIES,91,5vD5M5VW62LL78Ko8x0CVZ
5DxDLsW6PsLz5gkwC7Mk5S,Free,90,14JkAa6IiFaOh5s0nMyMU9
0je57Uq5eTk1wrPzn9sWbl,When Did You Get Hot?,91,1aqg30bNvLSWgShZgX4oop
2262bWmqomIaJXwCRHr13j,Sailor Song,87,68CN2LzY8MoxO2udy2C22e
42VUCXerQ5qTr4Qp6PhKo4,Tears,92,1aqg30bNvLSWgShZgX4oop
1osfLqL6L2iQsirRf83ded,Worst Way,82,1iv2nD5tn753NFkDY79Tb7
3xkHsmpQCBMytMJNiDf3Ii,Beautiful Things,89,168CdR21lfn0TTyw1Pkdcm
2TEQvxxQabwLQMqWMg1qGu,Wi$h Li$t,91,4a6NzYL1YHRUgx9e3YZI6I
0lLdorYw7lVrJydTINhWdI,It's Beginning to Look a Lot like Christmas,77,3CKVXhODttZebJAzjUs2un
3nAp4IvdMPPWEH9uuXFFV5,Underneath the Tree,80,0t70lpfTyHEv0uuq21fhdZ
6K4t31amVTZDgR3sKmwUJJ,The Less I Know The Better,88,79dL7FLiJFOO0EoehUHQBv
0bxPRWprUVpQK0UFcddkrA,Folded,89,5enIvPn8EEPWMGxzBzxvcm
5UJbgR4XF4y1DvbkxEqe8S,Sports car,86,07V9HO6Djetw5j5lXPylLd
0MHStU0muAIEMbwdnebYu2,Takedown,90,14JkAa6IiFaOh5s0nMyMU9
2UikqkwBv7aIvlixeVXHWt,You Should Probably Leave,84,0sOeI7pbAmIc8aDFyvkBUW
0d28khcov6AiegSCpG5TuT,Feel Good Inc.,90,0bUTHlWbkSQysoM3VsWldT
2uFaJJtFpPDc5Pa95XzTvg,Let It Snow! Let It Snow! Let It Snow!,82,5I48ENiZiaZZSOpec6PdS5
5SruEBX3KpgpDvEcIuN53P,Baby Steps,87,0l8zYqoUeBYg47Gmevq9HZ
7ghKr0pCYyPPyp7t1FH8k4,Les,85,01MRGgNbfWrE291tQjw9ta
0WbMK4wrZ1wFSty9F7FCgu,"Good Luck, Babe!",89,1WAjjRMfZjEXtB0lQrAw6Q
5e9TFTbltYBg2xThimr0rU,The Chain - 2004 Remaster,87,0BwWUstDMUbgq2NYONRqlu
2x3mwb96B6TquRqMtbxUE1,Actually Romantic,91,4a6NzYL1YHRUgx9e3YZI6I
2cEnKRR4dYBB2VA1mjlb1z,Nevada,80,4ssppGN0Qy4OeJTUDr1Etd
5z0LSDpPpGwc2ZyJHpsE3J,Just In Case,80,5IZ8sY5FjtL9hloXpv0XbD
7KA4W4McWYRpgf0fWsJZWB,See You Again (feat. Kali Uchis),89,2nkto6YNI4rUYTLqEwWJ3o
0yc6Gst2xkRu0eMLeRMGCX,Apocalypse,15,2mxFsS5yylSTHNivV53HoA
5ylJtmaWPJ33cW3En7WOu0,Wood,91,4a6NzYL1YHRUgx9e3YZI6I
68Dni7IE4VyPkTOH9mRWHr,No Role Modelz,85,0UMMIkurRUmkruZ3KGBLtG
2A22iI0x4EYAVXNpKPhNEM,weren't for the wind,81,4HXwURpJfDooeuEt2bZspn
6xV7Be6XEvkSnighmh2Tzj,Sugar On My Tongue,90,1jzv3jwZbt8lYfEtMjiD1R
43iIQbw5hx986dUEZbr3eN,From The Start,87,1rpCHilZQkw84A3Y9czvMO
3AJwUDP919kvQ9QcozQPxg,Yellow,91,6ZG5lRT77aJ3btmArcykra
3GCdLUSnKSMJhs4Tj6CV3s,"All The Stars (with SZA) - From ""Black Panther: The Album""",89,3pLdWdkj83EYfDN6H2N8MR
5IZXB5IKAD2qlvTPJYDCFB,I Had Some Help (Feat. Morgan Wallen),82,4BbsHmXEghoPPevQjPnHXx
2gam98EZKrF9XuOkU13ApN,Promiscuous,87,2yboV2QBcVGEhcRlYuPpDT
3sK8wGT43QFpWrvNQsrQya,DtMF,91,5K79FLRUCSysQnVESLcTdb
5TRPicyLGbAF2LGBFbHGvO,Flashing Lights,86,4SZko61aMnmgvNhfhgTuD3
1JSTJqkT5qHq8MDJnJbRE1,Every Breath You Take,91,5W9OT0a5iZlBr83a9WMKFY
1LzNfuep1bnAUR9skqdHCK,Fade Into You,87,5K18gTgac0q6Jma5HkV1vA
5ihS6UUlyQAfmp48eSkxuQ,Landslide,84,5VIQ3VaAoRKOEpJ0fewdvo
1zM8S2pnIclcdTmrfFnWtX,House Again,79,2Ob2sg38jCEu6s25riXlPe
1VOSSXuWRcBj2rpfxNdX9v,Broken Window Serenade,81,304hLSMc8ZSHvMsh9YS4Jk
2yWlGEgEfPot0lv3OAjuG3,Just Keep Watching (From F1® The Movie),90,5aWEjuULckx3nnpAM9w6gY
0rKtyWc8bvkriBthvHKY8d,SLOW DANCING IN THE DARK,5,34GQP3dILpyCN018y2k61L
6ybZUqlfk938oS6WeBmDab,Missed Call,81,21fAzUzwhkiSEHCzhtSC2x
51ZQ1vr10ffzbwIjDCwqm4,we can't be friends (wait for your love),88,5EYKrEDnKhhcNxGedaRQeK
03tqyYWC9Um2ZqU0ZN849H,No Hands (feat. Roscoe Dash & Wale),82,6MQtWELG7aRX7CkAzQ6nLM
0JXXNGljqupsJaZsgSbMZV,Sure Thing,86,493HYe7N5pleudEZRyhE7R
736PP5LTtREkDgktNmX3Gu,Superpowers,85,7ivbFszr1TbVadj89BIy1y
6dBUzqjtbnIa1TwYbyw5CM,Lovers Rock,87,4Hai0uVzRbyTSaTPzxTY4e
5mCPDVBb16L4XQwDdbRUpz,Passionfruit,86,1lXY618HWkwYKJWBRYR4MK
4SRShYMtFIGgnOU7iBicMH,Nobody’s Son,88,1aqg30bNvLSWgShZgX4oop
5UWwZ5lm5PKu6eKsHAGxOk,Everlong,84,30ly6F6Xl0TKmyBCU50Khv
2mNGL7mZILSqZHxGboJaO9,COMË N GO,85,61PCQeDaTD2gwfpHFikpbh
47ohYW8e7dxCYn9qbUMBCI,Christmas (Baby Please Come Home),76,3miX7IkmfMBJhQejq5rsA6
4EWCNWgDS8707fNSZ1oaA5,Heartless,85,3WFTGIO6E3Xh4paEOBY9OU
0mflMxspEfB0VbI1kyLiAv,Stick Season,85,50ZenUP4O2Q5eCy2NRNvuz
1HbzxLqpNVPdiBXvpC7Ovb,Wondering Why,82,1TGX3TzhBOkAOWyoS3TWVF
1appZ3c336FkPvCuywfmrs,CANCELLED!,90,4a6NzYL1YHRUgx9e3YZI6I
5fZJQrFKWQLb7FpJXZ1g7K,A Bar Song (Tipsy),80,0DLvFVIfwt3OHdK9kGeEM3
7CyPwkp0oE8Ro9Dd5CUDjW,"One Of The Girls (with JENNIE, Lily Rose Depp)",92,7tzVd1fwkxsorytCBjEJkU
5AEOqLsRJFAoSS4ay4Jzao,Come As You Are - Remastered,56,0ezJun7CKk7Hh70MPL0dcJ
3hpm0fTeSqlhJbnqAgaLZs,Marlboro Rojo,88,1JpJzuM4uncCfCimVozkmy
3fqwjXwUGN6vbzIwvyFMhx,Tennessee Whiskey,84,7lxHnls3yQNl8B9bILmHj7
1XBYiRV30ykHw5f4wm6qEn,NIGHTS LIKE THIS,87,63IolVUykZCHMlu2zu9jHS
3azJifCSqg9fRij2yKIbWz,The Color Violet,85,5Gm2XKBgnlzd6qTi7LE1z2
6yJCKvJQjY84hOid1klHOd,HOME,75,6KLrnVqUhPpX4IzgHgsJTg
62V2ZHslgQV98gH4AuVXnr,Ruin The Friendship,90,4a6NzYL1YHRUgx9e3YZI6I
5EcG8eMMlwkHRVa4aTR1qd,Breakin' Dishes,77,4OXnPSBtZo8PBFiTOfuumP
5M2ztfcb9GBGmZdUFkSzfQ,SORRY,61,1RnVAiamXujeEQcruNCCWn
2XHzzp1j4IfTNp1FTn7YFg,Love Me,86,6Pqlfg42Sc3ElNuyt5NUiK
0KKkJNfGyhkQ5aFogxQAPU,That's What I Like,88,4PgleR09JVnm3zY1fW3XBA
1zi7xx7UVEFkmKfv06H8x0,One Dance,89,40GMAhriYJRO1rsY4YdrZb
6AI3ezQ4o3HUoP6Dhudph3,Not Like Us,87,5JjnoGJyOxfSZUZtk2rRwZ
7ne4VBA60CxGM75vw0EYad,That’s So True,90,0hBRqPYPXhr1RkTDG3n4Mk
2uvE4L5ZsYKpv8hbK4TIOt,MUTT,82,0SzoksypeognxYJJOJEYip
4osgfFTICMkcGbbigdsa53,Novacane,82,3RYdEXhGHojkTILUdtnRVJ
6r1lboTadi5swMquaAWDzh,Hell At Night (feat. Ella Langley),75,7yJCzSTBRhJIisv20lXlQ5
78O33U6jbQtNiNfbkZudpd,She Will,79,2YL3ddwHuiBGumvzcGHyjT
0aB0v4027ukVziUGwVGYpG,tv off (feat. lefty gunplay),85,0hvT3yIEysuuvkK73vgdcW
541sN2qNfIlllGn9nGOQoC,Revolving door,85,3w32SV56JvtJXsrYtThwzP
0COqiPhxzoWICwFCS4eZcp,Bring Me To Life,88,02w1xMzzdF2OJxTeh1basm
4qmFC3Jz5aQ0erlk2OSi2X,Honey,89,4a6NzYL1YHRUgx9e3YZI6I
3hRV0jL3vUpRrcy398teAU,The Night We Met,90,4sD1qg4jwTZR4mvR4Iflk5
6tjituizSxwSmBB5vtgHZE,Holly Jolly Christmas,76,3CKVXhODttZebJAzjUs2un
3xKsf9qdS1CyvXSMEid6g8,Pink + White,86,3mH6qwIy9crq0I9YQbOuDf
7fUYUcWy853HS8YJn0b3Sr,Sleigh Ride,69,3aYOF3HVkIr1IzhePfQS7s
0gucTLf7trAf37Ua1uAyAu,Smells Like Teen Spirit - Remastered,57,0ezJun7CKk7Hh70MPL0dcJ
1FHIZknONrV2c20w0x5AVG,Don't Mind If I Do,78,5gAHdPbFLoKvpNsD7JK67D
6tHVEMyRfxGgQuXRzl2yOF,I've Seen It,84,0l8zYqoUeBYg47Gmevq9HZ
6DH13QYXK7lKkYHSU88N48,Who Knows,80,2LKW0m9cC63QzEI9tJH3ql
3ZaEs1O8BG581qYPHpQ8d6,I Smoked Away My Brain (I'm God x Demons Mashup) (feat. Imogen Heap & Clams Casino),85,3eb4GbFzAMjgoRAuuSkoLo
36vmaZyO0iAE6FZ7287fg2,Dive,86,5YlBA1tCY0M8DDs75RB2LY
7J1uxwnxfQLu4APicE5Rnj,Billie Jean,87,2ANVost0y2y52ema1E9xAZ
62HoDY1Km6lm47haFpUn9c,Eldest Daughter,90,4a6NzYL1YHRUgx9e3YZI6I
3qhlB30KknSejmIvZZLjOD,End of Beginning,90,4JDXBZdRPId4devseaAOKH
5XeFesFbtLpXzIVDNQP22n,I Wanna Be Yours,91,78bpIziExqiI9qztvNFlQu
2Nig1jX8uBu3LdSSUrm7Fp,GIVE ME A REASON,75,6KLrnVqUhPpX4IzgHgsJTg
4oVO4fGNRRvEn0CRuFO4qv,La Perla,89,3SUEJULSGgBDG1j4GQhfYY
7fBv7CLKzipRk6EC6TWHOB,The Hills,87,0P3oVJBFOv3TDXlYRhGL7s
7yq4Qj7cqayVTp3FF9CWbm,Riptide,81,6rIbiUMmZJfqJRnXhVxFvg
2ipIPsgrgd0j2beDf4Ki70,Mystical Magical,84,3C0QJ1R0T3xX0BUbOZcdCw
3Q4gttWQ6hxqWOa3tHoTNi,Not You Too (feat. Chris Brown),84,6OQ9gBfg5EXeNAEwGSs6jK
4n4tC4qO2LeWQRM9Gbbtop,Shot Callin,76,2jkrBfnQoV4eDTaoXWnVhg
7uoFMmxln0GPXQ0AcCBXRq,Snowman,84,2vcGYJcPfXUmCdcXXqqukg
2aksifNn5ph8igDOkPBA02,Love On The Brain,0,3Q149ZH46Z0f3oDR7vlDYV
2qSkIjg1o9h3YT9RAgYN75,Espresso,84,5quMTd5zeI9yW5UDua8wS4
4e76Ss3ji7HQZ4qwcPNkNA,MIENTRAS DUERMES,86,7Lv6VzSqIz1sAssK2JUskG
1G391cbiT3v3Cywg8T7DM1,Scar Tissue,85,2Y9IRtehByVkegoD7TcLfi
5g7sDjBhZ4I3gcFIpkrLuI,Locked out of Heaven,55,4xWulj18AGahlyuZPulaGe
5SkRLpaGtvYPhw02vZhQQ9,All Falls Down,83,4Uv86qWpGTxf7fU7lG5X6F
60a0Rd6pjrkxjPbaKzXjfq,In the End,89,6hPkbAV3ZXpGZBGUvL6jVM
3hxIUxnT27p5WcmjGUXNwx,Shut up My Moms Calling,86,4qVzNqB4cskFInYfrC7P0S
4ZJ4vzLQekI0WntDbanNC7,Pink Skies,83,7LRZfujsTLyy814AnMSdtT
7DfFc7a6Rwfi3YQMRbDMau,Thinkin Bout You,84,392p3shh2jkxUxY2VHvlH8
6Jv7kjGkhY2fT4yuBF3aTz,"Lover, You Should've Come Over",84,7yQtjAjhtNi76KRu05XWFS
4iZ4pt7kvcaH6Yo8UoZ4s2,Snooze,86,07w0rG5TETcyihsEIZR3qG
19XpFsce28aByvCC4g89tJ,Too Sweet,82,48qd9sU3xqYJbKaxHCciJL
0uxSUdBrJy9Un0EYoBowng,20 Min,84,0zicd2mBV8HTzSubByj4vP
0hta2Lb2zKJ7kEnAEZEE3G,Nope your too late i already died,87,16g3MJk9OmtNXwRrrPMPUK
2lTm559tuIvatlT1u0JYG2,BAILE INoLVIDABLE,90,5K79FLRUCSysQnVESLcTdb
6klLvorLoo1sxvZcjJIY8I,Make No Sense,80,1nzUj7VkiaytMmf2KrhK2L
5RKQ5NdjSh2QzD4MaunT91,Don't Stop Believin' (2022 Remaster),84,4guAwaniEAEQSW0NCpo4gm
3pXF1nA74528Edde4of9CC,Don't,83,6eZdwrhB97A3EYx9QppGfl
2HbKqm4o0w5wEeEFXm2sD4,Money Trees,79,6PBZN8cbwkqm1ERj2BGXJ1
0gEyKnHvgkrkBM6fbeHdwK,Linger,86,0AP5O47kJWlaKVnnybKvQI
3dYD57lRAUcMHufyqn9GcI,Take Me To Church,83,0Uv83rRhY5QvHKkQoULRKk
0c0YHn3DIQLl1opsQDd9kO,Wish (feat. Trippie Redd) - Trippie Mix,83,13rZDYWdAeJumf6UYYBdcL
5hM5arv9KDbCHS0k9uqwjr,Borderline,85,31qVWUdRrlb8thMvts0yYL
1Jo0Zg7XlrA6z0mFTZVdkn,Don't Stop The Music,76,4OXnPSBtZo8PBFiTOfuumP
5TFD2bmFKGhoCRbX61nXY5,NUEVAYoL,89,5K79FLRUCSysQnVESLcTdb
2LBqCSwhJGcFQeTHMVGwy3,Die For You,86,4AdZV63ycxFLF6Hcol0QnB
57Z6TJCTMACXxdrcwZ3Zvf,Phantom,85,1TP95xOGiWqdVOu4hGbuug
4RvWPyQ5RL0ao9LPZeSouE,Everybody Wants To Rule The World,88,3myPwaMYjdwhtq0nFgeG6W
7fveJ3pk1eSfxBdVkzdXZ0,Cowgirls (feat. ERNEST),32,6i7mF7whyRJuLJ4ogbH2wh
2u9S9JJ6hTZS3Vf22HOZKg,NOKIA,85,6Rl6YoCarF2GHPSQmmFjuR
0M955bMOoilikPXwKLYpoi,I Hate Everything About You,82,13topfW33NjnACjnRiZBX7
