artist_id,name,genres,followers,popularity
7qYeIN2r4H1kBvr0Gm9Iav,Randy Nota Loca,['reggaeton'],822935,71
4PY2xnTu90K0hvkgcljRJl,Deepthi Suresh,"['tamil pop', 'tamil dance', 'kollywood']",160513,70
1eClJfHLoDI4rZe5HxzBFv,INXS,[],3100806,70
5GGJosGMs08YEmKTZJe1fL,Suki Waterhouse,[],1435360,69
4HQeSXwG2BVH0KvxHE5oCf,Suzanne D'Mello,"['bollywood', 'hindi pop']",1386842,64
7G1GBhoKtEPnP86X2PvEYO,Nina Simone,"['vocal jazz', 'jazz blues', 'soul', 'soul jazz', 'jazz', 'blues']",3253796,70
6Wlvsn3IPHiZwAv02lB5eC,Ícaro e Gilmar,"['sertanejo', 'sertanejo universitário', 'agronejo', 'sertanejo tradicional']",850221,78
3Y7RZ31TRPVadSFVy1o8os,H.E.R.,['r&b'],8744141,75
0RESbWvOMyua0yuyVrztJ5,Key Glock,[],2423599,74
0oAZhL6hFrM3YRr6QzjlOf,MJ Records,"['sertanejo', 'sertanejo universitário']",52551,80
4iJLPqClelZOBCBifm8Fzv,Pierce The Veil,"['emo', 'screamo', 'post-hardcore']",3990292,78
2ycnb8Er79LoH2AsR5ldjh,Pet Shop Boys,"['synthpop', 'new wave']",2220424,70
7gJN8W0589FisSYJS17K54,Filipe Ret,"['brazilian hip hop', 'brazilian trap', 'trap funk', 'trap']",9381615,78
6IKlXZEFOvk9itrP1s0knJ,The Red Clay Strays,['country'],1196138,74
0ZUvK7zGdXLd78mQr3t1Tw,Ricky Montgomery,[],2420744,69
1X6ORK7IekgmyjV6IFPszP,Gustavo Mioto,"['sertanejo', 'sertanejo universitário', 'arrocha', 'agronejo']",7237551,72
0h1zs4CTlU9D2QtgPxptUD,Ricardo Arjona,['latin pop'],14648871,77
4gwpcMTbLWtBUlOijbVpuu,Capital Cities,[],1005808,67
4xPQFgDA5M2xa0ZGo5iIsv,¥$,[],1049741,71
7nDsS0l5ZAzMedVRKPP8F1,Ella Henderson,[],1644302,68
32WkQRZEVKSzVAAYqukAEA,Lady A,"['country', 'pop country']",3727409,69
0Y3agQaa6g2r0YmHPOO9rh,Davido,"['afrobeats', 'afrobeat', 'afropop', 'afropiano', 'azonto', 'amapiano', 'hiplife', 'afroswing', 'afro r&b']",9351911,75
2d0hyoQ5ynDBnkvAbJKORj,Rage Against The Machine,"['rap metal', 'rap rock', 'alternative metal', 'nu metal']",6966417,71
0QJIPDAEDILuo8AIq3pMuU,M.I.A.,[],1484351,67
0RVfcqug2nB820dxIGycIW,Hansika Pareek,"['indian indie', 'hindi indie']",96661,66
70nxnxEqDQIEWneRjg2Q4O,Adolescent's Orquesta,"['salsa', 'merengue']",1637832,71
60df5JBRRPcnSpsIMxxwQm,Otis Redding,"['motown', 'soul', 'classic soul', 'soul blues']",2554519,70
3YcBF2ttyueytpXtEzn1Za,Incubus,"['nu metal', 'funk rock', 'alternative metal', 'alternative rock']",3666845,70
5t5FqBwTcgKTaWmfEbwQY9,ENHYPEN,['k-pop'],13324517,81
581C5Qwl87TskfBEzuoisu,Cafuné,[],607263,69
6PH3FLQAxtqYy46Zv08bpV,Ivan Cornejo,"['sad sierreño', 'corridos tumbados', 'música mexicana', 'corrido', 'sierreño']",5643829,78
5aIqB5nVVvmFsvSdExz408,Johann Sebastian Bach,"['classical', 'classical piano']",4830525,78
7vCsTTACb2iT4fvBMnwp5w,Prashant Pandey,['hindi pop'],186225,65
20nJFshDG1OYH7Qp9K0TXf,Victor Valverde,"['corrido', 'electro corridos', 'corridos tumbados', 'corridos bélicos', 'dembow belico']",370820,70
3IW7ScrzXmPvZhB27hmfgy,Jul,"['french rap', 'pop urbaine']",12874284,82
1cYhx7ZOhYoVmnDPb9KMwo,Mc Davi,"['brazilian funk', 'funk consciente', 'trap funk']",4063596,71
17lzZA2AlOHwCwFALHttmp,2 Chainz,"['rap', 'southern hip hop']",8336681,76
4hKkEHkaqCsyxNxXEsszVH,John Travolta,['musicals'],224908,66
7A8S43ryYdbWpJKeHRZRcq,JACKBOYS,[],1341454,63
6DIS6PRrLS3wbnZsf7vYic,WALK THE MOON,[],2247153,66
5Xpg6PBSUOoho2lI9qLjiu,S. Janaki,"['kannada pop', 'tamil pop', 'telugu pop', 'sandalwood']",5429917,74
1GImnM7WYVp95431ypofy9,Caifanes,"['rock en español', 'mexican rock', 'latin rock', 'latin alternative']",5078899,73
4EzkuveR9pLvDVFNx6foYD,James Bay,[],4110027,68
4dLvccxeQIM5u80Ri0u9OV,Frankie Ruiz,"['salsa', 'merengue']",2335552,70
2CpLIMBoE2ZzyY3ZBCRZ7j,BUNT.,['stutter house'],309964,71
0Il5vC8lqunSFNav4mMLxU,Natanzinho Lima,"['arrocha', 'seresta', 'forró', 'brega', 'piseiro', 'sertanejo']",2060464,79
5MouCg6ta7zAxsfMEbc1uh,OMI,[],692944,65
0jrirfCZkRU3iA2sH9JEko,Repsaj,"['phonk', 'brazilian phonk']",304412,71
79sho4jpEGoCCC51KHnNSJ,Naresh Kamath,"['sufi', 'bollywood', 'qawwali', 'bhajan', 'hindi pop']",540604,64
5KEG7G8LDYlHgFDqZyEEs2,Chris Rea,['christmas'],1152073,67
1WX2v0BiEW19Vw7xmznLdZ,Vierra,['indonesian pop'],2498352,70
0nh5cRtt03SU6LhzhVC5fv,Sublahshini,"['tamil indie', 'tamil dance', 'tamil pop', 'tollywood', 'kollywood']",194221,68
3PgeUFj9oHU4K4RGaITz2f,Paresh Kamath,"['sufi', 'qawwali', 'bhajan', 'hindi pop']",399995,64
6qjhYs5KNSoSU6fNJqDGIo,Sanjoy,"['punjabi pop', 'desi pop', 'punjabi hip hop']",150178,67
48bKH1ugFBhERC1rdojP9d,Dewa 19,"['indonesian pop', 'indonesian rock', 'indorock', 'malay']",11419358,72
5B6H1Dq77AV1LZWrbNsuH5,Jarabe De Palo,"['rock en español', 'latin rock', 'latin alternative']",1866401,69
7rkW85dBwwrJtlHRDkJDAC,NAV,['melodic rap'],3570375,71
7LVC96BEVGugTAp38AajV6,Lithe,['dark r&b'],540560,73
4Q6nIcaBED8qUel8bBx6Cr,Jax Jones,[],1259232,69
5J7rXWjtn5HzUkJ4Jet8Fr,Alvaro Diaz,[],1532537,76
6zlR5ttMfMNmwf2lecU9Cc,Sam Fender,[],1227238,75
59wfkuBoNyhDMQGCljbUbA,Diddy,"['hip hop', 'east coast hip hop']",1995014,71
6O74knDqdv3XaWtkII7Xjp,Boyz II Men,"['new jack swing', 'r&b', 'quiet storm']",3640599,70
0vjeBgTzYTwmYoVySJzXGD,Virlan Garcia,"['banda', 'sierreño', 'corrido', 'sad sierreño', 'norteño', 'corridos bélicos']",4865769,72
7keGfmQR4X5w0two1xKZ7d,Kungs,[],985480,68
2p4FqHnazRucYQHyDCdBrJ,Simple Plan,"['pop punk', 'punk', 'emo']",3944229,70
6QrQ7OrISRYIfS5mtacaw2,Jaymes Young,[],1049077,66
3Ayl7mCk0nScecqOzvNp6s,Jimmy Eat World,"['emo', 'pop punk']",1816127,68
4myTppRgh0rojLxx8RycOp,Ryan Lewis,[],57754,66
5xUf6j4upBrXZPg6AI4MRK,Soundgarden,"['grunge', 'post-grunge', 'hard rock']",5139019,70
3JsMj0DEzyWc0VDlHuy9Bx,Supertramp,"['progressive rock', 'classic rock']",3995925,71
10VBp06W8NIgMW4JruLCC4,Kidd Voodoo,"['reggaeton chileno', 'chilean trap']",1033187,75
4xXCRXOfQKQ2gjWxNhNzYW,Air Supply,['soft rock'],5368315,72
1Ml4OuStDoympbREURAM15,The Fontane Sisters,['christmas'],21416,65
71oGOxg5ez52Hh1Ye41A98,Mustafa Zahid,"['bollywood', 'hindi pop']",4653483,66
2wkoKEfS6dXwThbyTnZWFU,Mau y Ricky,"['latin pop', 'reggaeton', 'pop urbano']",6838675,67
2WKdxPFRD7IqZvlIAvhMgY,Fugees,['east coast hip hop'],1683552,67
1qUjOF5fzrpoNycD36b2jZ,Nate Ruess,[],362679,66
6X28gNASnalAWseUA8uI4X,Adrian Khalif,"['indonesian r&b', 'indonesian pop', 'indonesian hip hop']",292334,69
21dVknSLCsK37cWozWDZZS,Matt Sassari,['tech house'],123550,67
6TLwD7HPWuiOzvXEa3oCNe,Oliver Tree,[],2596263,69
79NDEw5QWlDC9KaIbogNhS,PlaqueBoyMax,[],209239,70
4frXpPxQQZwbCu3eTGnZEw,Thundercat,[],1540082,69
08F3Y3SctIlsOEmKd6dnH8,Yusuf / Cat Stevens,"['folk rock', 'folk', 'singer-songwriter']",2188643,69
3TOhzLRYnkkul71yRBxIoM,Akhil Sachdeva,"['hindi pop', 'bollywood']",1601696,66
3wOsYKZM0zcKNasi3I7fP4,Mahalini,"['indonesian pop', 'malay']",19168569,73
4pwXiI7Z5ZStkgKowZyoKi,Like Mike,[],214269,66
2hejA1Dkf8v8R0koF44FvW,Gera MX,"['mexican hip hop', 'latin hip hop']",6111596,76
37mqXU98U5GmH5ZDtlHM1c,Matheus Fernandes,"['piseiro', 'sertanejo', 'forró', 'arrocha', 'sertanejo universitário']",945440,67
1EXjXQpDx2pROygh8zvHs4,Melendi,"['flamenco', 'flamenco pop']",4667030,74
2JEjaa7hWhE1BbL3OcoeFR,Sujatha,"['malayalam pop', 'mollywood', 'tamil pop', 'telugu pop']",4008515,72
6yJCxee7QumYr820xdIsjo,Zac Brown Band,"['country', 'acoustic country']",4169392,72
4xnihxcoXWK3UqryOSnbw5,Sasha Alex Sloan,[],1768149,68
2owjgBZQ70LoCNHIgW3gSk,Anand-Milind,"['bollywood', 'hindi pop']",372893,49
3Tfh86fepXglotJQCWkOGe,DJ Asul,"['phonk', 'brazilian phonk']",145200,73
1aw0Cdl1DIrtUrUA6fGbAR,Dread Mar I,"['spanish-language reggae', 'reggae']",3015300,71
3MKCzCnpzw3TjUYs2v7vDA,Pyotr Ilyich Tchaikovsky,"['classical', 'orchestral']",1542664,72
4HzKw8XcD0piJmDrrPRCYk,Majid Jordan,[],1016102,67
59oA5WbbQvomJz2BuRG071,Jungle,[],1754813,71
1eEfMU2AhEo7XnKgL7c304,Carpenters,"['christmas', 'adult standards']",3835214,71
1tKrZaph4cLsnEdqC5BNEQ,Clayton & Romário,"['sertanejo', 'sertanejo universitário', 'agronejo', 'arrocha']",784762,73
6XFITTl7cFTdopDY3lUdlY,J Alvarez,"['reggaeton', 'urbano latino']",5784564,71
2hl0xAkS2AIRAu23TVMBG1,Kansas,"['classic rock', 'progressive rock', 'aor']",1963530,66
6ASri4ePR7RlsvIQgWPJpS,iann dior,['melodic rap'],1900164,68
6mDl7lQiLxT0iQ8LYhAlWy,Zerb,['afro house'],178125,69
2myuqB0gKAo75dE2eSWgzt,Silent Addy,['shatta'],32474,67
1on7ZQ2pvgeQF4vmIA09x5,Charlie Brown Jr.,"['brazilian rock', 'mpb', 'brazilian pop']",9262816,76
1Db5GsIoVWYktPoD2nnPZZ,Gloria Trevi,['latin pop'],6312285,72
3rfM2cGqF6DB0kUyytMkXx,Orochi,"['brazilian trap', 'brazilian hip hop', 'trap funk', 'trap']",8711604,77
3YbOSxo85kla7RID8ugnW3,Los Temerarios,"['grupera', 'ranchera']",7387171,79
4mxWe1mtYIYfP040G38yvS,Alan Jackson,"['country', 'christian country', 'classic country']",3409835,74
5DaqVKaxeqDbJuxaIP9m4u,Danilo e Davi,"['sertanejo', 'agronejo', 'sertanejo universitário']",323959,70
6J7biCazzYhU3gM9j1wfid,Jamiroquai,['acid jazz'],2783464,72
1cfG7UM0OD4O1II1nd15Qo,Ash King,"['bollywood', 'hindi pop', 'bangla pop', 'desi']",2701901,65
7I3bkknknQkIiatWiupQgD,Beach Weather,[],1026865,67
5aMmmNxw4vgpc5XC6hK0zp,The Calling,['pop rock'],933264,65
1fux65HMCBvfJHqlBc4Nno,Casper Magico,"['trap latino', 'reggaeton', 'urbano latino']",2693771,70
1mux8L6xg2Cmrc7k0wQczl,Bacilos,"['colombian pop', 'latin pop']",2077921,68
1T7MiVJ2MJlR5GKi11w4VT,Pawan Singh,"['bhojpuri pop', 'bhojiwood']",2081588,75
5ObQXIcqKtQENK14lQyqiy,Anuradha Sriram,"['tamil dance', 'tamil pop', 'kannada pop', 'kollywood']",2114424,67
3hTffafUYLLgO4yuPAxb5U,Lenin Ramírez,"['corrido', 'banda', 'sierreño', 'corridos bélicos', 'norteño', 'sad sierreño', 'corridos tumbados']",3418186,68
0RqtSIYZmd4fiBKVFqyIqD,Thirty Seconds To Mars,[],4001619,69
1OPqAyxsQc8mcRmoNBAnVk,Dhvani Bhanushali,"['bollywood', 'hindi pop', 'desi pop', 'desi']",6059110,65
2DspEsT7UXGKd2VaaedgG4,Alex Rose,"['trap latino', 'reggaeton', 'urbano latino']",4468721,71
6kbR2eL4hecj3rFwGOsYsI,BL3SS,[],55439,68
3HJq88k0us5XSJ4tD3J8RG,Jorsshh,"['corrido', 'corridos tumbados', 'corridos bélicos']",689972,71
6waa8mKu91GjzD4NlONlNJ,The Hollies,[],1358824,66
28QnIZpWxKcxuSk4iRLUgX,Mc Morena,"['brega funk', 'funk de bh', 'brazilian funk', 'brega', 'brazilian phonk']",33888,69
0N2lT1m7rG0klYHZrkyMPw,Rony Ajnali,"['punjabi pop', 'punjabi hip hop']",222603,66
3qpyErDI4i90q5EGgSRmNK,Raghav Chaitanya,"['hindi indie', 'hindi pop', 'indian indie']",314596,64
1NNRWkhwmcXRimFYSBpB1y,Yng Lvcas,"['reggaeton mexa', 'reggaeton', 'electro corridos', 'dembow belico']",450318,67
7AaGbSgUxJFuZ49VvclNH6,Damiano David,[],920677,73
2SrSdSvpminqmStGELCSNd,Stormzy,"['grime', 'uk grime', 'uk drill']",3190794,70
5rjz63sgMaAUAyBMyCUK5D,Avery Anna,[],271165,70
5c8ZR64evQ00Spl73s76fo,Chuyin,"['corrido', 'corridos tumbados', 'corridos bélicos']",1545886,72
6fWVd57NKTalqvmjRd2t8Z,24kGoldn,[],2292056,67
7zAAwgV5Wqmvpb4GzvlRkP,Jazzy,[],144415,70
6qhOH2mrlqUDod9sWA5kR2,Leo Dan,"['ranchera', 'bolero', 'mariachi']",4349296,71
5Igpc9iLZ3YGtKeYfSrrOE,Chris Lake,"['tech house', 'house', 'bass house']",434591,70
7z5WFjZAIYejWy0NI5lv4T,Dan + Shay,['country'],3207017,69
0YinUQ50QDB7ZxSCLyQ40k,Mustard,[],1964025,72
4RfTXjK9aiiIKDaKUHpL57,Busy Signal,"['dancehall', 'reggae', 'lovers rock', 'ragga', 'soca', 'riddim', 'roots reggae', 'shatta']",740458,69
5CCwRZC6euC8Odo6y9X8jr,Rita Ora,[],8408873,70
79omf4LgzaVAnXIRWPkJUq,Naykilla,"['hipdut', 'lagu timur', 'dangdut', 'malay', 'funkot', 'koplo', 'malay rap', 'indonesian pop']",198820,70
0qT79UgT5tY4yudH9VfsdT,Sum 41,"['pop punk', 'punk', 'skate punk']",4354944,71
4DYFVNKZ1uixa6SQTvzQwJ,Ken-Y,['reggaeton'],481329,68
5vngPClqofybhPERIqQMYd,George Strait,"['country', 'classic country', 'traditional country', 'honky tonk']",5203070,75
6xrc4RXcso9uKlYWlIANPU,Vitinho Imperador,"['piseiro', 'forró', 'arrocha', 'seresta', 'sertanejo', 'brega']",494652,70
6aZyMrc4doVtZyKNilOmwu,Colbie Caillat,[],2551914,67
1b7AEdUSudOQoZF5ebUxCL,HUMBE,[],2932058,73
6bmlMHgSheBauioMgKv2tn,Powfu,[],1484416,68
0pcoadNMmvrUyab1RxWBoV,MC Hariel,"['brazilian funk', 'funk consciente', 'trap funk']",7865401,74
5IcR3N7QB1j6KBL8eImZ8m,ScHoolboy Q,[],5049754,74
6FXMGgJwohJLUSr5nVlf9X,Massive Attack,"['trip hop', 'downtempo']",2694894,70
2Q3xviVw2VXFRXtsF2gpR1,ΣP,"['phonk', 'brazilian phonk']",26658,68
0vLuOi2k62sHujIfplInlK,Hungria,['brazilian hip hop'],11520495,75
05oH07COxkXKIMt6mIPRee,Brandy,['r&b'],4150070,68
1Bp5RHQ2K9k986YoxNvACB,Perera DJ,"['brazilian funk', 'funk consciente', 'trap funk']",814037,71
3Y3xIwWyq5wnNHPp5gPjOW,Kenny Loggins,['yacht rock'],1271346,67
3nFB4eMP5gdqee2eQb8nZb,Conjunto Primavera,"['norteño', 'grupera', 'norteño-sax', 'banda', 'ranchera', 'cumbia norteña']",4014210,75
4RSyJzf7ef6Iu2rnLdabNq,Willy William,[],297485,65
3TNt4aUIxgfy9aoaft5Jj2,Yeah Yeah Yeahs,[],1484035,67
3RqBeV12Tt7A8xH3zBDDUF,Kelsea Ballerini,"['country', 'pop country']",1351722,71
2FPwX3Gh0w4Qr1v3zSTtcT,Papon,"['bollywood', 'sufi', 'hindi pop']",3923013,65
38Bf9u0Tg0JOEcjxzqSuAj,JR Torres,"['corrido', 'corridos bélicos', 'corridos tumbados']",430111,67
4xRYI6VqpkE3UwrDrAZL8L,Logic,[],6144580,73
1zng9JZpblpk48IPceRWs8,Grupo Niche,"['salsa', 'merengue']",4568429,71
7gZu6kPnY9enEi5FvgTO4F,Felipe e Rodrigo,"['sertanejo', 'sertanejo universitário', 'agronejo']",569255,74
4AhHkaGz7W2bKKJK90IaV2,Batas Senja,"['indonesian indie', 'indonesian pop', 'malay']",1040468,66
46gyXjRIvN1NL1eCB8GBxo,All Time Low,"['pop punk', 'emo', 'punk']",3160742,71
1WQBwwssN6r8DSjUlkyUGW,MC Cabelinho,"['brazilian trap', 'trap funk', 'trap', 'brazilian hip hop', 'funk consciente']",9835479,74
7uDdl5V5AETSFY7K3muu22,Arthur Nery,"['opm', 'harana', 'p-pop', 'pinoy r&b', 'kundiman', 'pinoy indie']",8515905,74
1fUSLFr4WUBx7joEcGwpvG,Sorriso Maroto,"['pagode', 'samba']",3889760,76
4sEWznAKWWNcicTuLxzb6d,Nidji,"['indonesian pop', 'malay', 'indonesian rock', 'indorock']",2987841,68
0wi4yTYlGtEnbGo4ltZTib,Shakin' Stevens,"['christmas', 'rockabilly']",180068,66
7FZj349hdLfD6qzXkJLuAh,La Quinta Estacion,['latin pop'],3527563,68
3FvwVFWRyvxmLyVBO9nBmM,COLORS,[],52439,67
0dlOr0VIysztGWvU1dpjmP,Natalie Imbruglia,[],1179184,64
2CmaKO2zEGJ1NWpS1yfVGz,Falling In Reverse,"['emo', 'rap metal']",4340245,75
3gKTtA1BK4pq1IIHXAyvgO,UNPLG'd,"['hindi indie', 'indian indie']",144693,65
5sXaGoRLSpd7VeyZrLkKwt,Gregory Alan Isakov,"['indie folk', 'folk', 'folk pop']",1163609,72
4qFxP3qN9GsnZDOkAE6x2m,December Avenue,"['opm', 'pinoy indie', 'p-pop', 'harana', 'pinoy alternative', 'kundiman', 'batak', 'pinoy rock']",8510786,73
3AMxH9QIPZbK8ND8C9j4Ss,Mani Sharma,"['tamil dance', 'tollywood', 'telugu pop', 'tamil pop', 'kollywood']",4582452,64
2iojnBLj0qIMiKPvVhLnsH,Trey Songz,['r&b'],7761914,71
61lyPtntblHJvA7FMMhi7E,Duke Dumont,['house'],801241,68
1GMwSpFzrLd12jUX15bHB6,BLOK3,"['turkish hip hop', 'turkish pop']",5421555,78
5JXhkyafynxCvxtov7C1PV,Bruno & Marrone,"['sertanejo', 'sertanejo tradicional', 'sertanejo universitário']",6928953,75
4AKwRarlmsUlLjIwt38NLw,Ofenbach,[],684112,68
3mQBpAOMWYqAZyxtyeo4Lo,KC & The Sunshine Band,['disco'],1206850,67
6Sv2jkzH9sWQjwghW5ArMG,Lyodra,"['indonesian pop', 'batak', 'malay']",7595168,69
4fwuXg6XQHfdlOdmw36OHa,Paloma Faith,[],1510861,66
41QLxRXlc2NwfJZkHGHKid,Israel & Rodolffo,"['sertanejo', 'sertanejo universitário', 'agronejo', 'piseiro', 'arrocha']",3793251,70
1Qp56T7n950O3EGMsSl81D,Ghost,"['metal', 'hard rock']",3800412,74
1QcutbFtA6u8A2ZFTZuLSL,Panda Black,[],178508,69
7ITMCzIU9uII8gwRg8JAhc,Odetari,"['hyperpop', 'nightcore']",4623250,76
2DmYtFBKcxb3ajwWWgA576,Emmanuel,['latin pop'],3499770,70
3dkbV4qihUeMsqN4vBGg93,Al Green,"['soul', 'classic soul', 'motown', 'soul blues']",2302781,68
5Dz2FizMLqV0Cr3c8uhEcF,MC Cebezinho,"['brazilian funk', 'funk consciente', 'trap funk']",1969843,73
51XrH5fQP2oIQynuKxSWcW,Sky Rompiendo,['reggaeton'],567016,70
1QfpRUtH14JLoY6F6AYmwt,The Rare Occasions,[],709325,67
1LMyTeRhjaitILs98h3MaF,Jósean Log,"['mexican indie', 'latin indie']",1342913,70
5gOJTI4TusSENizxhcG7jB,David Bisbal,"['latin pop', 'villancicos']",4832634,70
04QHNiih9ZesPvals6II1h,MC Marks,"['funk consciente', 'brazilian funk', 'trap funk']",2358322,72
7HO5fOXE4gh3lzZn64tX2E,Mariah the Scientist,['alternative r&b'],1247013,75
5YwzDz4RJfTiMHS4tdR5Lf,Xamã,"['brazilian hip hop', 'brazilian trap', 'trap funk', 'trap']",3330826,71
07WSqyexqFJM0ZeQVPqJJg,Mateo on the Beatz,"['reggaeton chileno', 'chilean mambo', 'chilean trap']",135181,72
0PykiHCcDsMPRV7s67qZ1B,Tippu,"['tamil dance', 'kannada pop', 'tamil pop', 'kollywood', 'telugu pop', 'tollywood', 'sandalwood']",1616943,69
6mdiAmATAx73kdxrNrnlao,Iron Maiden,"['heavy metal', 'metal', 'hard rock', 'rock']",10428760,73
6ze415xN4HqPmAhj1P4pRl,Bhumi,['kollywood'],35879,68
0U7iI0Dk4Ojvi17nZboNO4,Vacations,[],1508251,70
3RwQ26hR2tJtA8F9p2n7jG,The Temptations,"['motown', 'classic soul', 'soul']",3301761,67
08PvCOlef4xdOr20jFSTPd,Flo Milli,[],1586079,69
3b8QkneNDz4JHKKKlLgYZg,Florida Georgia Line,"['country', 'pop country', 'acoustic country']",5602240,72
0gHj4MPwwcZ8Zl9CY0hqT5,Mc Paiva ZS,"['brazilian funk', 'trap funk', 'funk consciente', 'funk carioca']",6181524,71
6m6e7D2TnV0aYMllFFwMxu,Guilherme & Benuto,"['sertanejo', 'sertanejo universitário', 'agronejo', 'arrocha', 'piseiro']",2117180,71
3MdG05syQeRYPPcClLaUGl,Diana Ross,"['motown', 'disco']",2230360,67
03Yb3iBy9GCifXiATEFcit,Pepe Aguilar,"['mariachi', 'ranchera', 'banda', 'música mexicana']",4859058,71
3CkvROUTQ6nRi9yQOcsB50,Genesis,"['progressive rock', 'art rock']",3763041,71
2WBJQGf1bT1kxuoqziH5g4,Purple Disco Machine,"['disco house', 'nu disco', 'funky house', 'house']",853574,71
698hF4vcwHwPy8ltmXermq,Far East Movement,[],1110871,66
3prRKGJz16RRMRSIM97nHw,Supernova Ent,"['brazilian trap', 'trap', 'trap funk', 'brazilian hip hop']",276784,77
0gXDpqwYNDODn7fB0RDN8J,Mohammed Rafi,"['ghazal', 'hindi pop']",10854703,71
1c22GXH30ijlOfXhfLz9Df,Elvis Crespo,"['merengue', 'latin dance', 'salsa', 'latin']",1238373,68
6hN9F0iuULZYWXppob22Aj,Simple Minds,['new wave'],2353872,67
6lcwlkAjBPSKnFBZjjZFJs,Alex G,[],3611920,76
6qgnBH6iDM91ipVXv28OMu,KAYTRANADA,[],1845573,72
5zixe6AbgXPqt4c1uSl94L,Connor Price,[],1756810,72
0AkpPlFLnr0VQwZQeMGht0,Modjo,"['french house', 'disco house']",294795,65
1zEo6Fk1iaaOYFlFPBHCFn,Humberto & Ronaldo,"['sertanejo', 'sertanejo universitário', 'arrocha']",1907955,75
1AbJ2cmwK400LSvdvBL5Jc,Strawberry Guy,['bedroom pop'],1276768,70
5cIc3SBFuBLVxJz58W2tU9,Oh Wonder,[],1098292,66
6rEXjeIJ0wL6BFdo8CRcit,Saindhavi,"['devotional', 'tamil pop', 'bhajan', 'kollywood', 'tamil dance']",1568508,68
6DgP9otnZw5z6daOntINxp,Joel Corry,['dance pop'],474083,68
1Zg9Zp2NMNIBUiazqAHr1C,Dj Andrabeat,"['brazilian funk', 'trap funk']",4510,69
6P5NO5hzJbuOqSdyPB7SJM,Ashe,[],2596180,69
4xlqU0G9EloUPHL1qlmWY6,Gopi Sundar,"['mollywood', 'malayalam pop', 'tollywood']",1532901,66
0qTZZWLzuD59Un5r1speHm,Chris Jedi,"['trap latino', 'reggaeton', 'urbano latino']",2852626,67
465OXuCU8YZNmVG1leLwQ9,Shashwat Sachdev,"['indian indie', 'bollywood', 'sufi']",56406,66
4PULA4EFzYTrxYvOVlwpiQ,Sidhu Moose Wala,"['punjabi hip hop', 'punjabi pop', 'bhangra', 'desi hip hop']",46192520,76
69MEO1AADKg1IZrq2XLzo5,UB40,['reggae'],2650787,69
6H1RjVyNruCmrBEWRbD0VZ,Def Leppard,"['glam metal', 'glam rock', 'classic rock']",5712568,71
7crPfGd2k81ekOoSqQKWWz,Stevie Nicks,[],2167153,68
3OsRAKCvk37zwYcnzRf5XF,Moby,"['downtempo', 'trip hop']",2083749,70
5sifufajls8Q6k04Y4F8mH,Sameer Anjaan,"['bollywood', 'desi', 'hindi pop']",235274,65
0yNSzH5nZmHzeE2xn6Xshb,Calle 13,"['latin hip hop', 'latin alternative', 'reggaeton']",3041161,68
06QVnTCdjs4jPKO0487EGV,Fiersa Besari,"['indonesian indie', 'indonesian pop']",5738314,66
4Rh80sXmcG4xDP1r6dTNiQ,Estevan Plazola,"['corrido', 'corridos tumbados', 'corridos bélicos']",326255,67
2wnVvfvSkFJbtOinte4sC3,Jøtta,"['salsa choke', 'rkt']",109021,68
488v7rQzthLNK22r0UvMie,La Bouche,"['eurodance', 'europop']",396957,66
0QntOArZgiNHoemAzwJPu5,Gur Sidhu,"['punjabi pop', 'punjabi hip hop', 'bhangra']",1455436,78
6ogn9necmbUdCppmNnGOdi,Alanis Morissette,[],3194647,69
06lnOkY99sXVW44Y0M4BDP,Vitão,"['brazilian pop', 'brazilian hip hop']",902351,67
1NjxFrpEGZTV2Ny0OJxeWu,Sal Priadi,"['indonesian indie', 'indonesian pop']",1719523,71
6s22t5Y3prQHyaHWUN1R1C,AJR,[],3679970,72
2yyaNPcdxZcn4iutCcLMaC,Orso,['afro house'],5722,68
5I8OAPN5jY1wvHwpnsRRsA,Kybba,"['dancehall', 'shatta', 'moombahton']",263058,69
6uothxMWeLWIhsGeF7cyo4,Enya,"['new age', 'celtic']",2625221,75
47z98pKd71yIbgXwe9LPVC,Bernadya,"['indonesian pop', 'indonesian indie']",7243388,71
1wGIhYkKWSq4yACtTkCkSX,Canserbero,['latin hip hop'],16553661,74
5Wg6XnPTp0xXxFCjywwR9I,Eddie Santiago,"['salsa', 'merengue']",2697338,70
4RWJOoYwgF978LOn8Fainp,Yami Safdie,[],611346,69
4463nfFMmK1cwAWBQDwT5e,Laura Branigan,[],880047,65
2rN8LHqK4TBI7y3d9POvJb,Dhanda Nyoliwala,"['haryanvi pop', 'desi hip hop', 'punjabi hip hop']",1868112,74
2pQAUIesBqfT87PaM1ijtk,Trap Capos,"['trap latino', 'trap']",1958783,72
6Ifk2cbxyVzT41jLexYCas,Budi Doremi,['indonesian pop'],2860972,66
6cnl6Jz97730GUS8zEAK77,Los Plebes del Rancho de Ariel Camacho,"['banda', 'sierreño', 'corrido', 'norteño', 'música mexicana']",5012589,69
6XTGKOV9jceQ6f67lnhpbF,LATIN MAFIA,['latin r&b'],1855445,76
4sCKpwwEsgReZxjtKFm2A0,Tucker Wetmore,['country'],596315,72
0oK5D6uPhGu4Jk2dbZfodU,Thee Sacred Souls,['retro soul'],939179,71
5nP8x4uEFjAAmDzwOEc9b8,Matuê,"['brazilian trap', 'trap', 'brazilian hip hop', 'trap funk']",14070550,77
4Ly0KABsxlx4fNj63zJTrF,Seafret,[],1096079,66
6roFdX1y5BYSbp60OTJWMd,Tim McGraw,"['country', 'classic country']",5068036,71
4NJhFmfw43RLBLjQvxDuRS,Wolfgang Amadeus Mozart,"['classical', 'opera', 'requiem', 'classical piano', 'chamber music']",5932821,76
2IvkS5MXK0vPGnwyJsrEyV,Eric Church,"['country', 'acoustic country']",4153720,72
6HHje5tfmzWK8PsSaoJ9Xp,SAMSONS,"['indonesian pop', 'malay', 'indonesian rock', 'malay pop', 'indorock']",1427394,67
3KedxarmBCyFBevnqQHy3P,Jessie Reyez,[],1583712,69
48RCl7AbbfhC60EN8a80Op,Jigar Saraiya,"['bollywood', 'hindi pop', 'desi']",388888,64
12l1SqSNsg2mI2IcXpPWjR,M. M. Keeravaani,"['telugu pop', 'tollywood', 'devotional']",3154469,68
0N0d3kjwdY2h7UVuTdJGfp,Cascada,"['europop', 'eurodance']",622457,67
75VKfyoBlkmrJFDqo1o2VY,Fireboy DML,"['afrobeats', 'afrobeat', 'afropop', 'afro r&b', 'afropiano', 'afro soul', 'afroswing']",4735046,71
2urZrEdsq72kx0UzfYN8Yv,Spandau Ballet,"['new wave', 'synthpop']",1477799,66
1v1khTmozNfxB2ET1Ep288,Last Child,"['indonesian pop', 'indonesian rock', 'pop punk']",14007840,71
3xRtandQusLOaCPqLJ0ia2,Na.Muthukumar,"['tamil pop', 'kollywood', 'tamil dance']",295407,72
5QNm7E7RU2m64l6Gliu8Oy,HARDY,"['country', 'country rock']",1505653,73
1J2VVASYAamtQ3Bt8wGgA6,Ja Rule,['east coast hip hop'],2169890,71
4BxCuXFJrSWGi1KHcVqaU4,Kodaline,[],3191630,67
2iEvnFsWxR0Syqu2JNopAd,Smash Mouth,[],1205279,66
5Ppie0uPnbnvGBYRwYmlt0,Megan Moroney,['country'],1203379,75
5DHi2MeoRgAwPE0A0qwRMl,Gurinder Gill,"['punjabi hip hop', 'punjabi pop', 'bhangra', 'desi', 'desi hip hop']",1171257,68
4yxICw7joYAxRI2sTRldLB,Rajat Nagpal,"['punjabi pop', 'hindi pop', 'bollywood', 'desi', 'indian indie']",144231,65
0PMk31f9Log4ixwUUY40p6,Malibu,"['pagode', 'brazilian pop']",214161,67
4sY0lTSkfDMMt27cVvFT6o,Rico Ace,[],48037,77
3MrDVzg7ZXaYMyQmbDInr7,WIU,"['brazilian trap', 'trap', 'trap funk', 'brazilian hip hop']",3529361,73
6t1gpxYbY8OlLA7D2RiikQ,Loud Luxury,[],696703,69
7FIoB5PHdrMZVC3q2HE5MS,George Harrison,[],3093373,68
01nUdqwuIHCHLZNP2TvYVF,Boy Wonder CF,['reggaeton'],173416,65
6RF8hEdlUKoLPQOHmBbHiM,Yasser Desai,"['bollywood', 'hindi pop']",2553694,65
0V2oXYR7DtrZAEFeILRW2r,Lvbel C5,"['turkish hip hop', 'drill', 'turkish pop']",4640254,77
0w7HLMvZOHatWVbAKee1zF,Redbone,['native american music'],378465,64
3QMpCp3GHiHXgnX1LldXWe,DJ FKU,"['phonk', 'brazilian phonk']",452292,73
49aaHxvAJ0tCh0F15OnwIl,Loreen,['europop'],1199206,67
7tjVFCxJdwT4NdrTmjyjQ6,Muni Long,[],994922,68
27vNK840zYq6IfDijHPsv1,Gilberto Santa Rosa,"['salsa', 'merengue']",3739131,70
20rKUmFZsfv9GBXiv6R9d6,CamrinWatsin,[],27100,66
3pc0bOVB5whxmD50W79wwO,keshi,[],4249860,75
5sWHDYs0csV6RS48xBl0tH,Two Feet,[],2186337,69
4AcHt3JxKy59IX7JNNlZn4,Fitz and The Tantrums,[],1015939,66
6WixbETKEXH0xBf0OB9kRB,Shadab Faridi,"['bollywood', 'sufi', 'hindi pop', 'desi']",451041,63
1anyVhU62p31KFi8MEzkbf,Chance the Rapper,[],6033760,75
25Pa1Vz1ZuTHmXPiYeMcgx,Vivek,"['tamil pop', 'kollywood', 'tamil dance']",825556,71
4N8BwYTEC6XqykGvXXlmfv,George Benson,"['smooth jazz', 'yacht rock', 'jazz funk', 'soul jazz']",965338,67
5GYaRwCWwhU6SIQrQ5G3b7,Hypaton,[],108017,67
4Ws2otunReOa6BbwxxpCt6,Benny Benassi,['electro house'],614176,65
3UpmjPgIFSGqnxXuiwD014,Javed Akhtar,"['bollywood', 'desi', 'hindi pop']",576936,65
1cKyknhftNKXCjMBd2hDrG,DYSTINCT,"['moroccan pop', 'raï']",857745,72
1MVnyuEGQxpIwxOtlThiaL,CXSPER,[],19940,69
4Uwx6qzRn0kA9sz6cCDpBO,Tkandz,[],77951,70
6hnWRPzGGKiapVX1UCdEAC,Sam Cooke,"['motown', 'soul', 'classic soul']",1880084,68
0CjWKoS55T7DOt0HJuwF1H,Bipolar Sunshine,[],101547,65
2wOqMjp9TyABvtHdOSOTUS,Ludwig van Beethoven,"['classical', 'classical piano', 'chamber music']",5742830,72
06Q5VlSAku57lFzyME3HrM,Ke Personajes,"['cumbia', 'cuarteto']",4535510,74
5luyt0SUvGkDMY4ILP6Qhl,Descemer Bueno,['latin'],102874,66
3X458ddYA2YcVWuVIGGOYe,Toni Braxton,['r&b'],4563016,67
5isfxZ3RSdBlSLn3cSFhnI,Meet Bros Anjjan,"['bollywood', 'desi', 'hindi pop']",1479288,60
7zAp0JbkavFg2rcMGvANtP,Shakthisree Gopalan,"['tamil pop', 'kollywood']",1996319,67
1UAzmnFgjizIDvtHvnCdEq,Stebin Ben,"['hindi pop', 'desi pop', 'bollywood']",2425691,64
1oH2B8tcHn4Gpl2bmmyd4A,La Santa Grifa,"['mexican hip hop', 'latin hip hop', 'sad sierreño']",9721950,78
25UNJbwGZSQKvz5cPLWlv3,Los Dos Carnales,"['corrido', 'banda', 'norteño', 'ranchera', 'sierreño']",3265371,71
7HkdQ0gt53LP4zmHsL0nap,Ella Mai,['r&b'],6234765,71
1scVfBymTr3CeZ4imMj1QJ,Forrest Frank,"['christian', 'christian pop', 'christian hip hop', 'worship', 'gospel r&b']",2391904,78
3lRhKw5gfTNnpnPFFE7TfQ,Maan Panu,[],84097,65
2mVVjNmdjXZZDvhgQWiakk,Khruangbin,['neo-psychedelic'],2203246,72
0J7U24vlOOIeMpuaO6Q85A,LP,[],2841213,67
2h5Ha0ZiMFmOQD3iYcSXsy,KayBlack,"['brazilian trap', 'trap funk', 'trap', 'brazilian hip hop']",4304847,74
5FxD8fkQZ6KcsSYupDVoSO,Omar Apollo,['bedroom pop'],1138967,69
35S20clEkkSNUo23ViaslZ,Band Aid,['christmas'],41445,64
1TbRSunWGZ46mqnapcWxrm,Salim Merchant,"['bollywood', 'sufi', 'hindi pop', 'desi']",2072437,63
183DgO92lAqgpVVNKI7ZKF,Raj Ranjodh,"['punjabi pop', 'bhangra', 'desi', 'punjabi hip hop']",555449,69
3tAICgiSR5PfYY4B8qsoAU,Andrés Calamaro,"['argentine rock', 'rock en español', 'latin rock']",2829430,71
1RBzGO6Nm3uyhUSxP7EDWO,KEVIN ROLDAN,"['reggaeton', 'trap latino', 'urbano latino']",5593318,71
1KP6TWI40m7p3QBTU6u2xo,BØRNS,[],1379193,67
5szilpXHcwOqnyKLqGco5j,Faye Webster,[],2218660,73
2jqTyPt0UZGrthPF4KMpeN,Bappi Lahiri,"['bollywood', 'bangla pop']",3260191,61
7y97mc3bZRFXzT2szRM4L4,Frédéric Chopin,"['classical piano', 'classical']",3581865,75
37M5pPGs6V1fchFJSgCguX,FINNEAS,[],2372259,70
3ScY9CQxNLQei8Umvpx5g6,Fat Joe,['east coast hip hop'],2161748,68
78iJ2FMbYAFY3djO4PbWZi,La Mano 1.9,['french rap'],767278,74
4ClsVDy2g7RKSSlvq8cF6d,León Larregui,"['rock en español', 'mexican indie', 'latin indie', 'latin alternative']",2911685,70
4aKWmkWAKviFlyvHYPTNQY,Adrianne Lenker,[],1497039,74
64tJ2EAv1R6UaZqc4iOCyj,YOASOBI,"['j-pop', 'anime']",9602115,74
0LKAV3zJ8a8AIGnyc5OvfB,SDM,"['french rap', 'french r&b', 'pop urbaine']",2337234,77
2UazAtjfzqBF0Nho2awK4z,Stone Temple Pilots,"['grunge', 'alternative rock', 'post-grunge', 'rock']",4025731,70
3zmfs9cQwzJl575W1ZYXeT,Men I Trust,"['bedroom pop', 'indie pop']",2349792,71
2oX42qP5ineK3hrhBECLmj,Andy Grammer,[],1338264,67
3DHOtJqv0Bw65ENlK4FiSF,Yovie & Nuno,"['indonesian pop', 'malay']",2590700,70
3XHO7cRUPCLOr6jwp8vsx5,alt-J,"['indie', 'indie rock']",3429759,69
2wPsNCwhEGb0KvChZ5DD52,K. J. Yesudas,"['malayalam pop', 'devotional', 'mollywood', 'tamil pop']",10362676,74
7EiUTtmmkwGtbgR6gZaZzW,Kaushik-Guddu,[],55347,65
6IDsZZ4IHgs9VblBgQQSmt,Andmesh,"['indonesian pop', 'malay', 'malay pop']",7348893,68
3IZrrNonYELubLPJmqOci2,Nancy Sinatra,[],595660,66
3HedFe4b2Nqeg1CEzmt6ZI,Marino,[],631356,73
2NCGI6dLTxLdI9XHdv7QfM,The Andrews Sisters,"['christmas', 'big band', 'swing music']",223609,66
4uoz4FUMvpeyGClFTTDBsD,Ricardo Montaner,['latin pop'],6888641,70
5TB837uKG65w8Jnz5D0bS5,Vidyasagar,"['malayalam pop', 'mollywood', 'tamil dance', 'kollywood', 'tamil pop']",4332038,69
22nkIVS7afh6A7hdd9Lze0,Furacão 2000,"['funk melody', 'funk carioca', 'miami bass', 'brazilian funk', 'axé']",292175,68
1hFqbxc2MxieBIU4MqIEWm,Vairamuthu,"['tamil pop', 'kollywood', 'tamil dance']",205600,72
49EE6lVLgU8sp7dFgPshgM,La Adictiva,"['banda', 'norteño', 'grupera']",7700425,70
4o0NtnL2m0lzZmEdRas1qv,Ovi,"['corridos tumbados', 'corrido', 'trap latino', 'sad sierreño', 'urbano latino', 'corridos bélicos']",1472614,69
6TcnmlCSxihzWOQJ8k0rNS,Third Eye Blind,[],1783768,68
46xBNx0j6cwY6sD9LgMTm1,Rosa Linn,[],471804,65
3klZnJvYGIbWritVwQD434,Duncan Laurence,[],739399,65
7K3zpFXBvPcvzhj7zlGJdO,Crystal Castles,"['witch house', 'electroclash', 'new rave', 'alternative dance']",3339226,71
3QJzdZJYIAcoET1GcfpNGi,Damian Marley,"['reggae', 'ragga', 'roots reggae']",1885376,69
27azwwkxutWL1BWMkgNIh0,Vulgo FK,"['brazilian trap', 'trap funk', 'trap', 'brazilian funk', 'brazilian hip hop']",1572187,74
4bPiOPI4V99cepEftvBYak,Banda Los Recoditos,"['banda', 'norteño', 'corrido', 'música mexicana']",5141425,68
3SgHzT552wy2W8pNLaLk24,Hillsong Worship,"['worship', 'christian', 'pop worship', 'ccm', 'gospel']",7301766,75
4stSxe6AbpXw3x7nRDsYVX,Remmy Valenzuela,"['banda', 'norteño', 'sierreño', 'corrido']",2370294,70
2nm38smINjms1LtczR0Cei,Goodboys,[],102221,66
6Te49r3A6f5BiIgBRxH7FH,Ninho,"['french rap', 'pop urbaine']",12323471,80
7KVJCU4z5L4EUHILL8aMxR,Léo Santana,"['pagode baiano', 'axé', 'piseiro', 'pagode', 'arrocha', 'brazilian pop', 'brazilian funk', 'forró']",2449269,70
4cgBCGxtlfap2g6jveB7du,Afgan,"['indonesian pop', 'malay', 'indonesian r&b']",3560390,71
0Cs47vvRsPgEfliBU9KDiB,D.O.D,[],125928,70
2pAWfrd7WFF3XhVt9GooDL,MF DOOM,"['experimental hip hop', 'east coast hip hop', 'jazz rap', 'alternative hip hop']",4049214,74
3cniTumSiUysiPWXapGx1i,Cutting Crew,[],535556,64
4ytkhMSAnrDP8XzRNlw9FS,Vince Guaraldi Trio,['christmas'],183687,71
6dk4snfeN31dQDbb03Wmmr,Omkar Singh,[],51751,64
6OBGbSaBUvQtk9wpQfDbOE,Kevin Kaarl,"['latin folk', 'mexican indie']",9023318,74
5szJHKg5xeUlQ9pTqzdpic,Taiu,['argentine trap'],121671,67
5QdEbQJ3ylBnc3gsIASAT5,G Herbo,"['chicago drill', 'drill']",2510590,72
6B5c4sch27tWHAGdarpPaW,Seether,"['post-grunge', 'alternative metal', 'rock']",3860963,71
7mnBLXK823vNxN3UWB7Gfz,The Black Keys,"['blues rock', 'garage rock', 'modern blues', 'rock']",4145643,70
2kGBy2WHvF0VdZyqiVCkDT,Father John Misty,[],960746,67
7tU1VKOuxiNZwBZC6RHidA,Alexis y Fido,"['reggaeton', 'urbano latino']",5370596,68
6k6TIai4KyKG1DeIMftSmJ,Siddharth - Garima,"['hindi pop', 'bhajan']",238494,62
31VFEohvhOUKrtAONEBhMG,Kenia Os,['reggaeton mexa'],6678640,71
0e7Xsukwik0zDaqCcSvJTg,Prasoon Joshi,"['bollywood', 'sufi', 'hindi pop', 'desi']",343436,63
5tIkxADHN80ca0K6HCpWIt,ZXKAI,"['phonk', 'brazilian phonk']",92498,78
0TvvDswOgvPbgSPK2RDf62,wifiskeleton,[],583156,73
4NUePmzDvCYqilXBFa91Hg,Dilsinho,"['pagode', 'samba', 'sertanejo', 'piseiro']",4617329,71
6bDWAcdtVR3WHz2xtiIPUi,Fujii Kaze,['j-pop'],4642264,75
1b8S7EPzdckRyIh0uSbOMI,DJ Oreia,"['brazilian funk', 'funk consciente', 'trap funk']",474701,73
6twIAGnYuIT1pncMAsXnEm,Commodores,"['motown', 'classic soul']",2138246,66
3ipn9JLAPI5GUEo4y4jcoi,Ludacris,['southern hip hop'],3452862,78
5c3Qxc5sTis0Oq3XcOdIJD,Rajesh Roshan,['bollywood'],1372644,49
3HrbmsYpKjWH1lzhad7alj,Los Auténticos Decadentes,"['argentine rock', 'latin rock', 'ska', 'rock en español', 'murga', 'latin alternative']",2480055,68
1vqR17Iv8VFdzure1TAXEq,LIT killah,"['argentine trap', 'trap latino', 'trap', 'urbano latino']",6381791,70
5ixB75BQR3ADoWQkcHQJTs,Gene Autry,['christmas'],84247,66
4etv0ut4ws0GbXBtolzf5e,Mukesh,"['ghazal', 'tamil dance']",4113240,67
695W5F2Ih8dYahLdjVOIoH,Christopher Cross,"['yacht rock', 'soft rock']",1206703,69
2ICR2m4hOBPhaYiZB3rnLW,Sonder,"['dark r&b', 'r&b']",2112574,71
6O2zJ0tId7g07yzHtX0yap,Mobb Deep,"['east coast hip hop', 'old school hip hop', 'hardcore hip hop', 'hip hop', 'gangster rap']",2435199,70
3Q80PCEUBCiRhLSWdQApNt,Jakes Bejoy,"['malayalam pop', 'mollywood', 'malayalam hip hop']",870362,69
2hUYKu1x0UZQXvzCmggvSn,Reneé Rapp,[],1279334,73
5o36rLQd78Zh8CaT8rn59d,Shreyas Puranik,"['sufi', 'hindi pop', 'bollywood']",218638,62
0v1axjG0KwIz3aciZffFMu,Toton Caribo,"['lagu timur', 'hipdut', 'maluku', 'indonesian hip hop', 'dangdut', 'funkot', 'koplo']",156332,67
6gEzJZrbm0F4ihvE9iXR9z,Péricles,"['pagode', 'samba']",3679688,71
6BV37tKh6pY97mnNdTCzly,El Malilla,"['reggaeton mexa', 'reggaeton']",1877112,71
1CcZoULzFHa8Uhwo6OlQcp,Semicenk,"['turkish pop', 'arabesk', 'turkish hip hop']",5999923,75
5wCmhq5J2hPwL2r0eKurxn,cassö,['hypertechno'],92724,65
0aUQnP4HhUQXcurZl9GJIA,Vijay Yesudas,"['malayalam pop', 'mollywood', 'tamil pop', 'kollywood']",3259116,66
3gBZUcNeVumkeeJ19CY2sX,Ken Carson,['rage rap'],3221017,78
3u65Tx20y4WqxO7W7khEhj,Clara La San,[],491441,71
4d3yvTptO48nOYTPBcPFZC,Eve,[],1599856,69
70BYFdaZbEKbeauJ670ysI,Shinedown,"['post-grunge', 'alternative metal', 'rock']",4569318,72
0my6Pg4I28dVcZLSpAkqhv,El Fantasma,"['corrido', 'banda', 'norteño', 'corridos bélicos', 'sierreño', 'música mexicana', 'ranchera']",6457542,70
0kPb52ySN2k9P6wEZPTUzm,Tiara Andini,"['indonesian pop', 'malay']",9692031,70
02gSuSAWEdWa5UOvqzjX6v,SIENNA SPIRO,[],265711,73
3DHtfeD4PsmR9YGhCP4VF7,Nemzzz,"['uk drill', 'drill']",1618879,75
1etNnR2SdlelBQAICa2Q5m,Mc Pedrinho,['brazilian funk'],4698436,67
2MxriAGmcX5lgQt3SFyru6,Kabilan,"['tamil pop', 'tamil dance', 'kollywood']",258292,68
0VKh7CQDi9MkUvaBMoK1V0,Bronco,"['grupera', 'norteño', 'cumbia', 'ranchera', 'cumbia norteña', 'tejano', 'banda']",4670466,74
4f9iBmdUOhQWeP7dcAn1pf,Rag'n'Bone Man,[],2266709,66
7Ln5yumFjHCkeZ8bAzHUcp,Yovie Widianto,"['indonesian pop', 'indonesian jazz']",556491,69
1eIYP01ZLPKEExhcV6xFgt,Grelo,"['seresta', 'arrocha', 'piseiro', 'forró', 'brega', 'sertanejo']",1184798,68
41BeeC5hYqvtGkM79RYvN4,Harini,"['tamil pop', 'kollywood', 'telugu pop', 'tollywood']",1083842,67
053q0ukIDRgzwTr4vNSwab,Grimes,['art pop'],2642317,69
5B8ApeENp4bE4EE3LI8jK2,Yuridia,['latin pop'],5838548,73
3la3vRfIuDMsydpPfUBryR,DJ Ari SL,"['agronejo', 'sertanejo']",38912,68
536BYVgOnRky0xjsPT96zl,Two Door Cinema Club,['indie'],2554601,68
6fxyWrfmjcbj5d12gXeiNV,Denzel Curry,[],2869403,71
0m5FakHKCQdA7UN0PIzMcL,Current Joys,['lo-fi indie'],1780817,70
1d6dwipPrsFSJVmFTTdFSS,Paulina Rubio,['latin pop'],3057932,68
4rTv3Ejc7hKMtmoBOK1B4T,Ali Gatie,[],2182901,66
2Q3eZMfDQgT8MhPowKFXYO,t.A.T.u.,[],1124360,66
4hz8tIajF2INpgM0qzPJz2,Rainbow Kitten Surprise,[],1385988,72
2CvCyf1gEVhI0mX6aFXmVI,Paul Simon,['singer-songwriter'],2561770,68
6VD4UEUPvtsemqD3mmTqCR,Deorro,"['melbourne bounce', 'electro house']",1269499,66
4JnJjqxsTp8E5rZsyITf63,Jade LeMac,[],377536,68
2wIVse2owClT7go1WT98tk,Missy Elliott,['hip hop'],2762714,71
3ONSkkEnOSZVNogu98dvTY,Shaun Ryder,[],18752,65
2cBh5lVMg222FFuRU7EfDE,Sophie Ellis-Bextor,[],574818,66
67PBOFpTBFaNkhz5IouBwi,MC Xangai,"['phonk', 'brazilian phonk', 'funk de bh']",268266,67
5wQDQFm7Ku8WWGi5xqJ9lp,Jyotica Tangri,"['bollywood', 'hindi pop']",1339655,63
0JDkhL4rjiPNEp92jAgJnS,Roy Orbison,['rockabilly'],2327206,66
2kU94AZG0xEVKnOUKDbEfg,i wanna be a jack-o-lantern,[],95679,70
0kJO65h553i1iGsZutBuqz,Adnan Sami,"['sufi', 'qawwali', 'desi pop', 'ghazal', 'bollywood', 'telugu pop', 'tollywood']",6158970,64
5p7f24Rk5HkUZsaS3BLG5F,Hailee Steinfeld,[],8861647,67
0OS0NZnK7TGIAWx8MkWNFN,Intense,"['punjabi pop', 'punjabi hip hop', 'bhangra', 'desi']",1236233,66
5BtHciL0e0zOP7prIHn3pP,Breaking Benjamin,"['alternative metal', 'post-grunge', 'rock', 'hard rock']",5187329,73
2zvJLk0gTH7r7A5Q6X5Bq8,Javed-Mohsin,"['bollywood', 'hindi pop', 'desi pop']",1052894,63
2o4R2rK7FetH40HTv0SUWl,Monali Thakur,"['bollywood', 'desi', 'bangla pop', 'hindi pop']",1992967,63
4STmXOXUF3UieHU46NWLVt,Poppy Baskcomb,['drum and bass'],22572,67
5ILrArfIV0tMURcHJN8Q07,Vanessa Carlton,[],724292,65
2bA6fzP0lMAQ4kz6CF61w8,Toby Keith,"['country', 'classic country']",3044194,71
2msR4dHmBiBa99uLmuqFFk,Ashish Bhatia,[],77757,64
55Wn8tf8dBvfl1HRsD7Kze,Continental,"['sertanejo tradicional', 'sertanejo', 'brega']",72686,77
0cQJg3qKYiogK9Qj1H0Qpx,Paal Dabba,"['tamil hip hop', 'tamil indie', 'malayalam hip hop', 'tamil pop', 'tamil dance', 'kollywood']",280226,68
4lDBihdpMlOalxy1jkUbPl,Grey,[],163551,64
4ucwey7FxkHXkLK7jSfevU,Andra & The Backbone,"['indonesian pop', 'indonesian rock', 'indorock', 'malay']",2370052,63
14pVkFUHDL207LzLHtSA18,Pantera,"['groove metal', 'metal', 'thrash metal', 'heavy metal']",6346555,72
5sy77gt4bfsLcSQ8GIe4ZZ,Alan Menken,[],158792,61
4qwGe91Bz9K2T8jXTZ815W,Janet Jackson,['new jack swing'],4107449,67
2NrprO4CludRmaWtpqud10,Rivo,['afro house'],103728,70
7zFBW2JxM4bgTTKxCRcS8Q,Hiphop Tamizha,"['tamil hip hop', 'tamil pop', 'kollywood', 'tamil dance', 'tamil indie']",12472638,70
4rUYk0fV0Z4pOtwVbEAyK9,Glenn Fredly,"['indonesian pop', 'indonesian jazz', 'maluku', 'malay', 'indonesian r&b']",3211815,68
3a1tBryiczPAZpgoZN9Rzg,Asake,"['afrobeats', 'afrobeat', 'afropiano', 'afro adura', 'afropop', 'amapiano', 'afroswing', 'afro r&b']",7490039,76
1APqNiQUA2XpwLEbywSWmZ,Tropa da W&S,['brazilian funk'],28817,66
6SWmwFBXIsxhIx5XPkYo0a,Josh Brar,[],126431,63
0exQbKNFd9pLmdIGycwmlf,h6itam,"['phonk', 'brazilian phonk']",152039,74
4QVBYiagIaa6ZGSPMbybpy,Pedro Capó,"['latin pop', 'latin']",1746440,66
7npqy7rgdX2D3yfVyWExKo,Angel Y Khriz,['reggaeton'],1267251,65
4tX2TplrkIP4v05BNC903e,Tom Petty and the Heartbreakers,['classic rock'],3113880,69
7Khu2sHjq6VFAfiRLql5tt,Hyder Dar,[],14111,64
5xSx2FM8mQnrfgM1QsHniB,Danna Paola,[],5105361,68
09U6hmCerKcIJrixubiBjm,Pineapple StormTv,"['brazilian hip hop', 'brazilian trap']",11864754,71
5ugsiK49gIkIVh8U93EO0z,Ami Mishra,"['bollywood', 'hindi pop']",1020668,62
1r43wW70tnGUauQYvY5w48,BENNETT,['hypertechno'],302478,68
5maYabmLqXL3Y5fhFaD3zk,Kashish Ratnani,[],3271,64
45TgXXqMDdF8BkjA83OM7z,Rod Wave,[],9769576,78
1AwO9pWEBSBoWdEZu28XDC,Eartha Kitt,['christmas'],215526,64
09xj0S68Y1OU1vHMCZAIvz,Café Tacvba,"['rock en español', 'mexican rock', 'latin rock', 'latin alternative', 'ska']",3793384,69
3Ngh2zDBRPEriyxQDAMKd1,Matchbox Twenty,['post-grunge'],2701729,69
7lAaAGxYxk2GH8cMbTEwAL,NXGHT!,"['phonk', 'brazilian phonk']",205129,69
6kBjAFKyd0he7LiA5GQ3Gz,Aqua,"['europop', 'eurodance']",789393,65
35jsUTwBj5cW9GuNB7Xp61,Hamsika Iyer,"['bollywood', 'desi', 'hindi pop']",31975,62
2Lxa3SFNEW0alfRvtdXOul,Ariel Camacho y Los Plebes Del Rancho,"['banda', 'corrido', 'sierreño', 'norteño', 'música mexicana']",4664407,69
6XX6KGpomRDPmGGm7bofCK,DJ Glenner,"['brazilian funk', 'trap funk', 'funk consciente']",559149,71
5MmVJVhhYKQ86izuGHzJYA,MIKA,[],1442977,66
03r4iKL2g2442PT9n2UKsx,Beastie Boys,"['rap rock', 'old school hip hop', 'east coast hip hop', 'hip hop']",3180767,68
5KDIH2gF0VpelTqyQS7udb,Staind,"['post-grunge', 'nu metal', 'alternative metal']",2981268,70
5oYHL2SijkMY52gKIhYJNb,Elefante,"['rock en español', 'latin rock', 'mexican rock', 'latin pop']",2586542,70
40LHVA5BTQp9RxHOQ9JPYj,Lauren Daigle,"['christian', 'worship', 'ccm']",3154305,70
5dbaLmK5SHLLg8Z4CcTJpX,Greeicy,"['colombian pop', 'pop urbano']",7712351,70
0I6yADrmeyvw66g7yjkqIF,The Living Tombstone,[],4930379,72
6tzRZ39aZlNqlUzQlkuhDV,Pabllo Vittar,"['brazilian pop', 'funk pop', 'tecnobrega']",4401953,68
6k8mwkKJKKjBILo7ypBspl,Ana Mena,[],1095731,69
3oh5PUaDZkd57Yp1jsA6gp,Ecko Show,"['lagu timur', 'indonesian hip hop', 'hipdut', 'maluku', 'dangdut', 'funkot']",179024,63
28uJnu5EsrGml2tBd7y8ts,Vintage Culture,"['brazilian bass', 'electronic', 'electro']",2003625,71
0gxyHStUsqpMadRV0Di1Qt,Rick Astley,[],1484511,65
5NUPPRjsbXHNyVDrUESYeh,Grupo Arriesgado,"['corrido', 'corridos bélicos', 'sad sierreño', 'corridos tumbados']",1376215,69
2DYDFBqoaBP2i9XrTGpOgF,Naeleck,['electro house'],116974,68
1EowJ1WwkMzkCkRomFhui7,RADWIMPS,"['anime', 'j-pop', 'j-rock']",4853539,75
1YOVBTvznjiDvtAj4ExHeo,BK,"['brazilian hip hop', 'boom bap', 'brazilian trap']",2360017,74
2P3cjUru4H3fhSXXNxE9kA,Blackstreet,['new jack swing'],1013742,64
3NRFinRTEqUCfaTTZmk8ek,Savage Garden,[],1563655,65
5CGtBYmVPeLhI1kM2Fn9Gv,Los Invasores De Nuevo León,"['norteño', 'cumbia norteña', 'corrido', 'grupera', 'ranchera', 'bolero', 'banda', 'tejano']",2868436,73
47SaOSOqcrxSJNZUuqpLuu,Jay Trak,"['punjabi hip hop', 'punjabi pop', 'bhangra', 'desi']",492161,65
67ea9eGLXYMsO2eYQRui3w,The Who,"['classic rock', 'rock']",5854998,67
6z3KmBBSYseegqLrRZXZxe,Thamarai,"['tamil pop', 'kollywood']",262023,69
2mUI4K6csTQd3jieswcmiI,Luis Enrique,"['salsa', 'merengue']",1200893,63
4pejUc4iciQfgdX6OKulQn,Queens of the Stone Age,"['stoner rock', 'alternative rock']",3856356,71
5W5bDNCqJ1jbCgTxDD0Cb3,Willie Nelson,"['outlaw country', 'classic country', 'country', 'traditional country', 'honky tonk']",2590020,71
4BwiodzEp9Hwes5HeFjMVK,Pesado,"['norteño', 'grupera', 'banda', 'tejano', 'cumbia norteña', 'ranchera']",2620241,70
485uL27bPomh29R4JmQehQ,Bob Seger,['classic rock'],2904844,69
5yG7ZAZafVaAlMTeBybKAL,Iggy Azalea,[],6623186,69
6EPlBSH2RSiettczlz7ihV,Sleepy Hallow,"['brooklyn drill', 'new york drill']",2565291,72
50OApTJurDusIo9dGTqSU4,Lilly Wood and The Prick,['french indie pop'],266139,63
3Nipsl6GVwwGyeAk0J29C6,MC G15,['brazilian funk'],3290593,66
0MvSBMGRQJY3mRwIbJsqF1,Royal Philharmonic Orchestra,"['orchestral', 'classical']",199633,71
4TKTii6gnOnUXQHyuo9JaD,Sheryl Crow,[],1343819,67
2QOIawHpSlOwXDvSqQ9YJR,Antonio Vivaldi,['classical'],2733130,72
7DkseLyOZrdRjCuoWFtqFi,Edicion Especial,"['corrido', 'corridos bélicos', 'norteño', 'sad sierreño', 'corridos tumbados']",2411893,73
2VYQTNDsvvKN9wmU5W7xpj,Marilyn Manson,"['industrial metal', 'industrial rock', 'industrial', 'metal', 'nu metal']",5001814,73
47uyFQHOD02S0lj9ptRpoB,Felipe Araújo,"['sertanejo', 'sertanejo universitário', 'pagode', 'arrocha']",5852067,66
1cNPXWhKfjI0fT5EMCnamR,Dj Guuga,"['brazilian funk', 'piseiro', 'brega funk', 'arrocha']",1133841,65
7zfceKY7I04Tc0J2o7043h,Mansheel Gujral,"['hindi pop', 'bollywood']",286607,62
3SCOuAxngTC1yGjKMcIPEd,Lasso,[],1119578,67
7lbSsjYACZHn1MSDXPxNF2,Hikaru Utada,"['j-pop', 'j-r&b', 'anime']",4167679,73
5F1aoppMtU3OMiltO8ymJ2,Hugh Jackman,['musicals'],727387,68
5pBMkZNIlbGTH3hrsQJqAa,Mc Kevin,"['brazilian funk', 'funk consciente', 'trap funk']",11092581,74
3grHWM9bx2E9vwJCdlRv9O,Kenny Chesney,['country'],4909122,70
1SIocsqdEefUTE6XKGUiVS,BABYMONSTER,['k-pop'],6076384,76
2bxxlINUlcMQQb39K7IopR,Abraham Mateo,[],1612168,70
5IREutgMnyQqRcc8r15gWk,CountryBeat,"['agronejo', 'sertanejo', 'sertanejo universitário']",253583,73
7qHsapL39aTQsPhixtzVvy,Ayushmann Khurrana,"['bollywood', 'hindi pop']",6722530,59
1gRNBaI4yn6wCCTvRhGWh8,Don McLean,[],1164274,65
7N0SBLJFpCyQSsv4MfRJ5d,Swarnalatha,"['tamil pop', 'tamil dance', 'kollywood']",1662078,69
4kYGAK2zu9EAomwj3hXkXy,JP Cooper,[],944545,65
2jnIB6XdLvnJUeNTy5A0J2,Why Don't We,[],3791114,67
4FGPzWzgjURDNT7JQ8pYgH,Zach Top,"['country', 'honky tonk']",764283,74
6DCIj8jNaNpBz8e5oKFPtp,The Cars,"['power pop', 'new wave', 'classic rock']",2051480,67
4WUGQykLBGFfsl0Qjl6TDM,The Magician,[],105265,64
7Js6Lde8thlIHXggv2SCBz,Europe,['glam metal'],2002994,65
5EehXjjMktLuJmbRsM7YfB,Disciples,['house'],275268,64
2P5sC9cVZDToPxyomzF1UH,Joey Bada$$,"['hip hop', 'rap']",3829242,71
0xj9MJx9r0wO2o4aqdergP,DJ TOPO,['brazilian funk'],264613,66
0BHm7qbh3ENxvXzkQAG7MP,Mari Fernandez,"['piseiro', 'sertanejo', 'forró', 'arrocha', 'agronejo', 'sertanejo universitário']",4016028,70
4QvgGvpgzgyUOo8Yp8LDm9,Mrs. GREEN APPLE,"['j-pop', 'anime', 'j-rock']",6395922,80
0mV4UQ0gHg59AAUtg968pX,Unnikrishnan,"['tamil pop', 'kollywood', 'telugu pop']",3110193,68
0ocHleb3SllGNQQcDH35Xz,Herencia De Grandes,"['corrido', 'corridos bélicos']",697116,75
1vppDmG3i5sXf3DJzrK4T1,Thiaguinho,"['pagode', 'samba']",4139031,74
3CAhiUHkUYT1mFtVHM9SHA,Valentín Elizalde,"['banda', 'norteño', 'corrido', 'grupera', 'ranchera']",4009364,70
7t0BSQtRRdLyO3VseiGBBy,DJ Zigão,"['brazilian funk', 'funk carioca']",93005,67
5uD6uRKj2xYxpqx8bscaco,Nilo,"['brazilian funk', 'trap funk']",209742,67
39B7ChWwrWDs7zXlsu3MoP,Sonny Fodera,['house'],314314,69
7pFWMC2E7h8eL3SZyHRsRq,Idgitaf,"['indonesian pop', 'indonesian indie']",2365578,68
3jFjgKOGfVLWfXX8q5wrsg,R.K.M & Ken-Y,['reggaeton'],864498,68
5069JTmv5ZDyPeZaCCXiCg,wave to earth,[],4983838,73
4r4r2gGaA74pul0n6FiRsE,Gill Machhrai,"['punjabi pop', 'punjabi hip hop']",190912,64
3Ri4H12KFyu98LMjSoij5V,Bad Omens,['metalcore'],2052805,77
20gsENnposVs2I4rQ5kvrf,Sam Feldt,['tropical house'],805270,66
5UjifI1TYefXWn9GdqDOHl,Social House,[],202536,64
2YVF0Ou5zIc4mpgtLIlGN0,Robert Miles,"['trance', 'eurodance']",289244,64
29kkCKKGXheHuoO829FxWK,Boston,"['classic rock', 'aor']",3201757,66
2UFqwY8A3PLcx8pAkg9g5P,Diego Verdaguer,"['mariachi', 'ranchera']",1973649,67
2tbvDi9eXf9XXp06LupkED,Alice Deejay,"['eurodance', 'europop']",217125,64
2TcGJdSOiOvITBzhvfX8XB,Shouse,[],176563,65
2Iw3yPRqjz5Xh4veKj7oqi,Suisei,"['hipdut', 'lagu timur', 'dangdut', 'indonesian hip hop', 'malay', 'funkot', 'koplo']",33696,66
34dZRjYum6vVBGslgYaBtB,Vika Jigulina,[],50488,66
2wC90WSKQd0BvdxJZ0mObr,El Komander,"['corrido', 'banda', 'norteño', 'corridos bélicos']",4545730,70
7FY5V3XMwlNBPitEjXowHQ,Darius Rucker,['country'],2789276,67
7dFzqx2qyelGPiBKmdSEOT,Rob Deniel,"['opm', 'harana', 'p-pop', 'kundiman', 'pinoy indie']",1466888,71
7r8RF1tN2A4CiGEplkp1oP,Ginuwine,['r&b'],2827257,67
79hrYiudVcFyyxyJW0ipTy,The Paper Kites,['indie folk'],900256,68
5OTt6O4Q22YsqZDaWV6FqC,Bombay Jayashri,"['tamil pop', 'kollywood']",1509470,64
4yBK75WVCQXej1p04GWqxH,Jeezy,"['southern hip hop', 'crunk', 'rap', 'gangster rap']",2588084,73
4dM6NDYSfLcspt8GLoT5aE,Hippie Sabotage,[],1076695,67
01rgao9OzfBm2BOHWJpi1Y,Espinoza Paz,"['banda', 'ranchera', 'popular colombian music', 'norteño', 'grupera', 'mariachi']",4184272,69
205i7E8fNVfojowcQSfK9m,Dom Dolla,"['house', 'tech house']",632320,68
3HqP3nd8WI0VfHRhApPlan,Trinix,[],360529,68
0dgJbQ0bKPyUXco8hEXN7X,Øneheart,"['dark ambient', 'ambient']",1041810,73
60rpJ9SgigSd16DOAG7GSa,Billy Ray Cyrus,[],309967,63
1GLtl8uqKmnyCWxHmw9tL4,The Kooks,"['indie', 'indie rock']",2660109,68
6Wr3hh341P84m3EI8qdn9O,Rise Against,"['punk', 'hardcore punk']",2949430,70
5yPzzu25VzEk8qrGTLIrE1,Young Nudy,[],1700448,69
0f2YkMXwFNJNSX7MymevKE,Kaash Paige,[],843353,66
4kLvhMAuCloLxoP1aVM7Lr,Michael Giacchino,['soundtrack'],435306,65
1ebt9HnXdyYA6KgLXr1n4P,CORTIS,['k-pop'],1345725,74
38wxcfNEqMwuPniHvplin5,Neoni,[],651773,68
0RpddSzUHfncUWNJXKOsjy,Neon Trees,[],1289493,65
39yVoqm6sYFvvqF1RciUVf,Carlos Rivera,['latin pop'],4998782,71
6QiUH0jJVJUdnte0jX1Wzj,MC Roger,"['brazilian funk', 'brega funk', 'funk carioca']",47636,66
7yQrcdkLdBAkV7yY9fF2Hw,Grupo Revelação,"['pagode', 'samba']",2273762,71
0GInfEJXl2kGPhSsVqEqXh,Morgan Seatree,['hard house'],32084,69
4Rxn7Im3LGfyRkY2FlHhWi,Nick Jonas,[],9972752,65
7u9m43vPVTERaALXXOzrRq,Chalino Sanchez,"['corrido', 'norteño', 'música mexicana', 'ranchera', 'banda']",3856146,72
6YzSM19LzpLH0nVKKU6Jsy,Mc Daniel,"['brazilian funk', 'agronejo', 'trap funk', 'funk consciente']",2331277,68
0wv5i0ds2z040yx7oL6UZy,Leon James,"['tamil pop', 'kollywood', 'tollywood', 'telugu pop']",770173,66
70NcAr4ZtA3FAqU16iQZSb,Dhruv,[],835497,64
1bT7m67vi78r2oqvxrP3X5,Naughty Boy,[],422555,64
3LgpEnxGl51dSvzKJTNPNR,Chesylino,"['lagu timur', 'hipdut', 'maluku', 'funkot', 'dangdut', 'koplo']",29456,64
3nLLr3ShsQC2Hdrwjl14ie,Gurpreet Saini,['hindi pop'],14602,64
4NEYQeEYBUjfaXgDQGvFvu,Franco De Vita,['latin pop'],6254687,68
4OgNARLQSC4yy7Dsa5cqxx,Yuri,['villancicos'],2746537,67
1nCZUpBIcyOxufOx0lPeIW,Annural Khalid,"['indian indie', 'desi', 'hindi indie']",269624,65
0H39MdGGX6dbnnQPt6NQkZ,SAINt JHN,[],1160851,67
2ekjTXgjxbWwBX5lTAj4DU,Eric Carmen,['yacht rock'],477751,63
4ITkqBlf5eoVCOFwsJCnqo,Harrdy Sandhu,"['punjabi pop', 'bhangra', 'desi', 'hindi pop', 'desi pop', 'bollywood']",9387934,66
2l35CQqtYRh3d8ZIiBep4v,MKTO,[],1106172,63
4cM6xcafBAbS9bOa8kAjRj,ICEDMANE,"['phonk', 'brazilian phonk']",80273,70
6JoYL9QYbdgPb6EuE5J2pC,Gerardo Coronel,"['banda', 'sierreño', 'corrido', 'norteño', 'sad sierreño']",1838265,66
1pFLuMBwabtFITLNJlEZ9z,DYSMANE,"['phonk', 'brazilian phonk']",47466,70
4tMm1dU6Gn04VAZ9ClHcIZ,Jacquees,"['r&b', 'trap soul']",3545279,69
3CJKkU0XuElRT1z8rEtIYg,Luciano,['german hip hop'],2497760,75
3UbyYnvNIT5DFXU4WgiGpP,Whitesnake,"['glam metal', 'glam rock', 'hard rock']",3351702,66
1MzXJ8AaHdidMAnjgcahS4,Delacruz,"['brazilian hip hop', 'brazilian pop']",3055602,69
5DUlefCLzVRzNWaNURTFpK,Cali Y El Dandee,"['colombian pop', 'pop urbano']",4099944,68
7rVV9d6vc4FLT752uRuk71,Arivu,"['tamil hip hop', 'tamil pop', 'tamil indie', 'tamil dance', 'kollywood', 'malayalam hip hop']",1077476,70
5AboYJAlMb9FGadTTDKRoN,Ebru Gündeş,"['arabesk', 'turkish pop']",4133109,71
1XtR9vPQD6cjmHlR5PuHPu,Kevin AMF,"['electro corridos', 'dembow belico', 'corrido', 'corridos tumbados', 'reggaeton mexa', 'dembow', 'corridos bélicos']",1500033,69
3l4fsEzoeabsET7ddv0lZW,Mc Delux,"['phonk', 'brazilian phonk', 'brazilian funk']",165305,67
4E0HD2PMY8kQJIjlShrLUS,PAWSA,"['tech house', 'house']",383948,67
6PERJZF7wohA034PAxDK0b,Neo Beats,"['brazilian hip hop', 'brazilian trap', 'trap funk', 'trap']",137403,67
4GISoVSxo2LkF5EyorXs9W,Ramajogayya Sastry,"['tollywood', 'telugu pop']",432527,70
68PYmgkbRP1qZnEWOry7sB,Chefin,"['brazilian trap', 'trap funk', 'trap', 'brazilian funk', 'brazilian hip hop']",3753967,69
2ZRQcIgzPCVaT9XKhXZIzh,Gryffin,"['edm', 'melodic bass']",1014096,68
3v8mFhjLFa50QK8zDvAMYN,Amanda Miguel,[],2307294,67
34PYzJSu4DHKEyhdBfsn0E,TORRRES,[],103383,66
3vUMXQ9kPnZAQkMkZZ7Hfh,Tiakola,"['french rap', 'pop urbaine', 'french r&b']",3638847,75
1sPg5EHuQXTMElpZ4iUgXe,ANAVITÓRIA,"['mpb', 'nova mpb', 'brazilian pop']",7483782,73
1GuqTQbuixFHD6eBkFwVcb,Sammy Virji,"['uk garage', 'bassline', 'bass house', 'house']",238919,70
1uY9B9QroF5K8wPyeEO1QN,Sagar,[],43722,63
2DMQ1LeygTDGeyErwBwaeG,Mc Talibã,"['brazilian funk', 'phonk']",130726,66
11HepfI1lj6KJHj651rZhM,Lucky Brown,"['reggaeton chileno', 'chilean mambo', 'chilean trap', 'mambo', 'rkt']",1098844,74
5VAyiDhBinVfc6RM5RKnLa,Sam C.S.,"['tamil pop', 'kollywood', 'malayalam hip hop', 'malayalam pop']",1537725,65
568ZhdwyaiCyOGJRtNYhWf,Deep Purple,"['hard rock', 'classic rock', 'rock']",6018080,67
3HVdAiMNjYrQIKlOGxoGh5,Rob Zombie,"['industrial metal', 'industrial rock', 'alternative metal', 'metal', 'nu metal']",3706274,69
4IEP61D1hdCPQVzAYzP9VC,Luis Mexia,"['banda', 'corrido', 'corridos bélicos', 'norteño']",116489,64
6QtJ6BVdj43aDpgjnVp2tY,Mohammed Irfan,"['hindi pop', 'bollywood']",5230695,64
3scNK8e4mqnP6Rb8a3lwZY,Maanu,"['indian indie', 'desi', 'hindi indie']",393760,65
2vf4pRsEY6LpL5tKmqWb64,Elderbrook,[],533642,68
14hsjenLEdvafsGkk2CEiF,MC Fabinho da Osk,"['funk de bh', 'phonk', 'brazilian funk', 'brazilian phonk', 'brega funk']",60394,66
2UwqpfQtNuhBwviIC0f2ie,Damso,"['french rap', 'pop urbaine', 'french r&b']",5779901,76
6V6WCgi7waF55bJmylC4H5,Gloria Gaynor,['disco'],1199122,64
0IoWUuXfqpkfpxBRzthHU4,Codiciado,"['corrido', 'corridos bélicos', 'corridos tumbados', 'banda']",1019847,66
776Uo845nYHJpNaStv1Ds4,Jimi Hendrix,"['psychedelic rock', 'classic rock', 'acid rock', 'blues rock']",7404548,68
7m3MZA0qYo7ZHvsDONlc5r,Vaali,"['tamil pop', 'tamil dance', 'kollywood']",230144,68
0yNLKJebCb8Aueb54LYya3,New Order,"['new wave', 'synthpop', 'post-punk', 'madchester']",2489060,67
5yI5MjFLwQwfP24OxchqN1,Simar Kaur,"['punjabi pop', 'bollywood', 'bhangra']",563448,63
1gR0gsQYfi6joyO1dlp76N,Justice,"['french house', 'new rave']",1411167,67
1AhjOkOLkbHUfcHDSErXQs,88rising,[],1045465,65
78F6Xkd46aMHkr4AP60TXY,Clarent,[],478795,73
4gKSUeHW82tGBeJsJSB1JC,J. Eskine,"['arrocha', 'piseiro', 'seresta', 'forró', 'brega']",497828,66
5oJvmyeWzyeahRtjup3Oys,AVAION,"['deep house', 'stutter house']",272714,68
3SENePgknpJt3DvLK2JAfZ,KHAOS,"['phonk', 'brazilian phonk']",66764,71
7ySZCEP4HFGckYYPK5rqFI,Melody,"['piseiro', 'brazilian pop', 'agronejo']",491386,66
2A3i7OnSUdZB3FXX5Qv3Wp,DJ Dael,"['brazilian funk', 'trap funk']",46587,67
1pf0MPKfKdvS8J779mS1Ay,Miky Woodz,"['trap latino', 'dembow', 'reggaeton', 'trap']",4521031,70
0i1s9WcIu0PrUvHzALgofo,Seu Jorge,"['mpb', 'samba', 'pagode']",1871283,68
0C4gtx1iHMfuaQ73GKWvtZ,Hudson Westbrook,['country'],371149,72
7pESOE4dEq8Yk4OKlJa3pS,Panter Bélico,"['corrido', 'corridos bélicos', 'corridos tumbados', 'banda', 'sierreño']",1492042,70
4EEZg8R3dxbTCCQ1DVWtHg,Bobby Pulido,"['tejano', 'grupera', 'norteño', 'cumbia norteña', 'banda']",835310,65
25XJqeReVV38w0tR04GGBd,Mainstreet,"['brazilian trap', 'trap funk', 'trap', 'brazilian hip hop']",1162822,72
3NzhVoa20crNtp1p4zE8um,Mano,"['tamil pop', 'kannada pop', 'telugu pop', 'tamil dance']",4251692,69
583d9476xT4d6A0pADiRJg,Rafa e Junior,"['agronejo', 'sertanejo', 'sertanejo universitário']",28840,66
5T0MSzX9RC5NA6gAI6irSn,Estelle,[],395471,67
1pi7nGhOM7PTHR5YEgXVGq,Villano Antillano,['neoperreo'],366494,66
0Eb38FY9vOjiRA10iXPGHI,The Rish,['desi pop'],34507,66
06e0gXtUpvgPUZFrR2ywsg,DJ Dozabri,['brazilian funk'],76085,68
15ClyGUe5g2vllncIC4tp6,Pradeep Kumar,"['tamil pop', 'kollywood']",2337728,68
5GtMEZEeFFsuHY8ad4kOxv,Seal,[],2098076,65
0GgyFUpOyzWDRDqx8FCTDN,Baby Rasta,['reggaeton'],2539979,71
5ypxebeHEIXjMtJb17uJlI,Jet,[],732488,64
3abT87tqQ4Q5PA5nw6CYyH,Ángela Aguilar,"['mariachi', 'ranchera', 'banda', 'música mexicana']",1295170,67
0RMsiUCTjsdGjoKyhEm8Y4,Mamta Sharma,"['bollywood', 'desi']",1771369,63
3444S3C4U9Ts86BnCtSPRV,Treaty Oak Revival,"['country', 'texas country', 'red dirt', 'country rock']",778969,77
1bdnGJxkbIIys5Jhk1T74v,Brandon Lake,"['worship', 'christian', 'ccm']",1583597,76
0GByy3DcfbQwDvXGCWmzv9,Pretenders,[],1692009,64
1Fmb52lZ6Jv7FMWXXTPO3K,Joan Jett & the Blackhearts,['rock'],1135868,64
4iSKnRZAxkmqNok6tv10Se,Crazy Town,"['rap rock', 'nu metal']",599467,63
7ouEqUl1PCVPlNninecdcz,HAVEN.,[],18906,66
1JvbNeV9zG9Sew1JyaWsyx,Anggi Marito,"['indonesian pop', 'malay']",1535369,62
5xIOUIBQhGFX7HIj8lhdyU,Omar Varela,"['rkt', 'argentine trap', 'turreo', 'trap']",129835,66
26T4yOaOoFJvUvxR87Y9HO,Bethel Music,"['worship', 'christian', 'pop worship', 'ccm']",2233530,73
2AQjGvtT0pFYfxR3neFcvz,Jordin Sparks,[],2528540,65
1iIxNEvPPmdFIIP0tdpw6G,Los Cadetes De Linares,"['norteño', 'corrido', 'ranchera', 'bolero', 'banda', 'grupera', 'música mexicana']",3408278,72
0Grjlu7ncIuCaSYvCs9fcd,New Radicals,[],317957,64
7qmpXeNz2ojlMl2EEfkeLs,Nicky Youre,[],333847,64
0uOUeC51AxGnP6hB8gurwt,Cheema Y,"['punjabi hip hop', 'punjabi pop']",1165703,76
6wF1Cz760dpdbX9RJIDpQW,Chuwi,[],254033,65
1pTuR132U5b4Rizal2Pr7m,Randy Travis,"['christian country', 'classic country', 'country', 'traditional country']",2059724,69
3JSSjGYcIkgsrz7892CelT,Ed Maverick,"['mexican indie', 'latin folk']",3828414,70
2XnBwblw31dfGnspMIwgWz,Axwell /\ Ingrosso,[],2539737,65
5xtqw2B8z8JGfDYi2eAZHI,Sonique,[],95349,65
3VASiWHuSkZzujob6UXob6,LAVINIA,['hypertechno'],79403,68
6QMABvTzixnxzsLYyhqRxI,Majestic,[],100054,63
01XS19DjUcPe5dfYEkXjsg,DJ ORBITAL,"['phonk', 'brazilian phonk']",68873,69
69BUYvpG9MbjCyIZfsFdhJ,Reyli Barba,['latin pop'],2064074,65
2wzMOQwNT6ZvVB4amvhFAH,The Pogues,"['celtic punk', 'celtic rock', 'christmas', 'folk punk', 'celtic']",660915,64
5Y2FS5YbGf7yRDumzD5nY3,Sofiya Nzau,['afro house'],42707,66
700c9Qz2z6HZKTumeliKAw,LONOWN,"['phonk', 'witch house', 'electroclash']",113647,70
03CZcjA54h0fCMldJFPfSq,Pranaay,['bollywood'],40409,50
3smfreCkyJt7bShaTYpG77,Carlos Baute,['latin pop'],2080198,63
2AfmfGFbe0A0WsTYm0SDTx,i-dle,['k-pop'],11040268,71
2tY2GFdhH0Wa2VBvsxew5X,Alex Ubago,['latin pop'],2931278,67
3PpJbrAbphauEun8Xf9tD2,Theodora,"['shatta', 'french rap']",320280,75
29WzbAQtDnBJF09es0uddn,Corinne Bailey Rae,[],862262,65
6mEQK9m2krja6X1cfsAjfl,Ado,"['j-pop', 'anime', 'vocaloid', 'j-rock']",6829389,76
7sfl4Xt5KmfyDs2T3SVSMK,Lil Jon,['crunk'],1698667,74
3zG4hHVlA4xIX5jwvOa2KD,DJ Guh Mix,"['brazilian funk', 'trap funk', 'funk consciente']",170817,72
0eecdvMrqBftK0M1VKhaF4,CNCO,"['reggaeton', 'latin']",9362747,66
6uskWv5K2FA0YOAYr7JOUz,Shalmali Kholgade,"['bollywood', 'desi', 'hindi pop']",546952,62
5NS0854TqZQVoRmJKSWtFZ,Chino & Nacho,"['merengue', 'reggaeton', 'latin']",3168024,66
3YBJLs7RqR0aPGBgU27nDh,Werenoi,['french rap'],2816865,78
25jJ6vyXwTRa0e6XCcdR6U,Ari Abdul,['dark r&b'],775364,68
5dmU7FrmtbQaSzIvGsE4Jp,Pancho Barraza,"['banda', 'norteño', 'grupera', 'ranchera']",3480605,68
6FedIS4fevWR5JdQQvviFB,Vaibhav Pani,"['indian indie', 'hindi indie']",5850,62
3K2Srho6NCF3o9MswGR76H,Bakar,[],717640,65
0GgY7hjMoGDsX8ZDe2mwds,Soolking,"['french rap', 'pop urbaine', 'french r&b', 'moroccan pop']",6249510,70
3LvwPiJQJ0da0GurKMToV0,Baby Gang,['italian trap'],2677126,73
1Zkxm1dM3HI3QkTmxUEVQA,Los Gemelos De Sinaloa,"['corrido', 'corridos bélicos', 'corridos tumbados', 'sad sierreño', 'sierreño', 'música mexicana']",1149022,66
1QsdzIKkTT5gDFj8GB1cIX,Yseult,['french r&b'],324117,65
1jPeDHvfU5Knw8VyOP6TZN,Dj Chetas,"['gujarati garba', 'bollywood', 'hindi pop', 'desi']",206942,63
4L0JycQCCwKksT3G5SVApu,Shweta Pandit,['bollywood'],441713,62
0ZrpamOxcZybMHGg1AYtHP,Robin Thicke,[],1979764,65
7zFlr6Y537SdALqy0Xfvth,Ranjith Govind,"['tamil dance', 'telugu pop', 'tollywood', 'tamil pop', 'kollywood']",1134111,66
7gU9VyFRN3JWPJ5oHOil60,Tayc,"['french r&b', 'pop urbaine', 'afrobeats', 'afrobeat']",3807330,72
5t28BP42x2axFnqOOMg3CM,Five Finger Death Punch,"['metal', 'groove metal', 'heavy metal', 'hard rock', 'rock']",6956437,73
4LFOoXhMhnq9U8VsZkSwxl,Edwin Luna y La Trakalosa de Monterrey,"['banda', 'norteño']",4559288,68
4VVEpEhC8NcR7AqNEds42U,Chimbala,['dembow'],684839,66
7pWXlTjky0KXWgbdZi9ebq,Kalyanji-Anandji,['ghazal'],790903,64
45gHcnDnMC15sgx3VL7ROG,42 Dugg,[],1609971,70
4yX6mpMyBGf9UfvBB8JJrc,HAYLA,[],73843,68
6TPJK8tv3AKKSsw0lENTQk,Nagalli,"['brazilian trap', 'trap', 'trap funk', 'brazilian hip hop']",482300,71
64d1rUxfizSAOE9UbMnUZd,Sezen Aksu,"['arabesk', 'turkish pop']",13830484,73
1U5zgr455OGyIkLNXvDdrf,Traditional,"['bhajan', 'gregorian chant', 'sufi']",102504,66
5BMgsAFg8rZQc3tqs5BB8G,Mecano,"['rock en español', 'latin pop']",2137258,67
0e86yPdC41PGRkLp2Q1Bph,Mother Mother,[],4510960,70
1yevH7mkPMXeSTnA9SwHvq,SEKIMANE,"['phonk', 'brazilian phonk', 'funk']",61760,73
18dspUI6gqabm5XCC2RcUD,SOG,['reggaeton'],293057,65
5sm0jQ1mq0dusiLtDJ2b4R,Eric Prydz,[],705200,65
7qPLO2XOUaRrRxkvLZ3AEK,Zeeba,[],283656,64
368rTiMKMrz3b03az6B14w,Marta Sánchez,['latin pop'],704651,63
4NZvixzsSefsNiIqXn0NDe,Maggie Rogers,[],1280127,67
1bj5GrcLom5gZFF5t949Xl,Martin Solveig,['french house'],1188351,64
1g1yxsNVPhMUl9GrMjEb2o,Plain White T's,[],1353679,64
5RwfJb8wxN1fuodcPORVxP,José Luis Perales,"['trova', 'villancicos']",2882085,68
0ghlgldX5Dd6720Q3qFyQB,TOMORROW X TOGETHER,['k-pop'],12122636,77
250LLR8V4fFq1XFzAB1ZN5,Poizi,['turkish hip hop'],1031930,75
1xT5p0VBpnZDrvVSjX9sri,Dash Berlin,"['trance', 'big room']",588608,64
2weA6hhVqTIN2gSn9PUB9U,Celia Cruz,"['salsa', 'son cubano', 'bolero', 'cha cha cha', 'merengue', 'mambo', 'latin', 'latin dance']",725154,65
03PnQHlbH5nDDVX3hNg628,Dj GM,"['funk consciente', 'brazilian funk', 'trap funk']",750929,69
4yjm4SvYqC5FFuLbB6TyHr,Bellakath,"['reggaeton mexa', 'reggaeton', 'neoperreo']",1798950,67
0GSuGuz8CIQpRZdig9k9Mt,Cast of Mamma Mia! The Movie,['musicals'],125455,44
6QtGlUje9TIkLrgPZrESuk,Steve Miller Band,['classic rock'],3367059,66
2IUl3m1H1EQ7QfNbNWvgru,Vaundy,"['j-pop', 'japanese indie', 'j-rock', 'anime']",3598290,73
3ciRvbBIVz9fBoPbtSYq4x,Lil Jon & The East Side Boyz,"['crunk', 'southern hip hop']",1145817,65
3nQ125TJobosBH446Dsvvv,Kavita Seth,"['bollywood', 'hindi indie', 'hindi pop', 'indian indie', 'ghazal', 'desi', 'sufi']",1356953,62
6cK3NBO6uP7hh0oyuVELFl,Saweetie,[],2659820,66
1aX2dmV8XoHYCOQRxjPESG,The Human League,"['new wave', 'synthpop']",1288374,64
6w7j5wQ5AI5OQYlcM15s2L,Extreme,['glam metal'],711406,63
1Tie3AZgLQZqYEp8Fv4zOZ,Koe Wetzel,"['red dirt', 'texas country', 'country', 'country rock']",1074798,71
3NR7hAacOhmcztWvD7vJfS,Sickick,[],1219513,66
5Z1CCuBsyhEHngq3U5IraY,Westlife,[],4822248,72
6I8TDGeUmmLom8auKPzMdX,CA7RIEL & Paco Amoroso,[],565786,71
5OZXWMwDhlYBRvoOfcX0sk,Raisa,"['indonesian pop', 'indonesian r&b', 'indonesian jazz']",4112359,71
2XcZshqzPKm3iZcmt73R8D,Pablo Chill-E,"['chilean trap', 'reggaeton chileno', 'chilean mambo', 'mambo', 'argentine trap', 'urbano latino']",1768760,71
6guLZyE3by1cVU1ydAAKpJ,Itamar Mc,"['phonk', 'brazilian phonk', 'funk']",51852,69
5rkVyNGXEgeUqKkB5ccK83,Ashanti,['r&b'],3584559,72
2FRfJyV85zb19tO6uiXBGl,sped up + slowed,[],70209,64
0HU0U9kdXEHZVxUNbuQe8S,Donny Hathaway,"['soul', 'classic soul']",664464,64
6MPCFvOQv5cIGfw3jODMF0,Internet Money,[],1049523,66
7o7doCwqft91WC690aglWC,Sanam,"['hindi pop', 'desi pop']",1405998,65
64DTkZLH6KkkMwZEEZ5VWC,Love Funk,"['brazilian funk', 'funk consciente', 'trap funk']",1476770,70
4B9efXsA6sv4w3vts8E0T7,Sanju Rathod,['marathi pop'],1438004,68
63nv0hWWDob56Rk8GlNpN8,The Greatest Showman Ensemble,['musicals'],381917,66
6aq8T2RcspxVOGgMrTzjWc,Soft Cell,"['synthpop', 'new wave']",801267,63
1R6Hx1tJ2VOUyodEpC12xM,Jim Croce,"['folk rock', 'singer-songwriter']",1666203,67
7BcFJxi62f6cbPyxdTZGll,G-SPXRK,['marathi pop'],106391,68
4b0WsB47XCa9F83BmwQ7WX,The Righteous Brothers,[],749008,63
7mEIug7XUlQHikrFxjTWes,Neil Diamond,[],3265519,67
4j56EQDQu5XnL7R3E9iFJT,Young the Giant,[],1710231,66
5sK8BsvyDl4TFA6KaBf8or,Charly Black,"['dancehall', 'soca']",367715,63
4utLUGcTvOJFr6aqIJtYWV,Skylar Grey,[],677290,67
5QdyldG4Fl4TPiOIeMNpBZ,Big Thief,[],1348598,70
6kz53iCdBSqhQCZ21CoLcc,Culture Club,[],1806712,64
74cb3MG0x0BOnYNW1uXYnM,Hillsong UNITED,"['worship', 'christian', 'ccm', 'pop worship', 'gospel']",4265800,71
1LbQ66B9mZIHGhjRu9fvKo,Tazzy,"['hypertechno', 'hardstyle', 'nightcore']",90907,67
21ELc2P2rA3Cu6xw3VWqvv,Mc Kadu,"['brazilian funk', 'funk consciente', 'trap funk']",1809402,71
0BqURncJM5B1BBu7UM51eq,Guaynaa,['reggaeton'],953787,64
4auibajZua9Ld8sPMOmPYc,Harshit Saxena,['bollywood'],423351,57
3BAgmPNIK5IJl7zMK1wvMA,That Mexican OT,[],1297993,70
4oAZA3aniPjL9XINSvj7VP,Utopia,"['indonesian pop', 'indonesian rock', 'indorock']",1059942,66
7Ip2u3e5Nv6fFb5xyIHxEE,DEV,[],274152,63
7awyvLSthqOcL5A3hnR1pf,Alex Gargolas,['reggaeton'],287456,64
4k9wp4ipHdA1bu1T4x1ZTG,IV OF SPADES,"['opm', 'pinoy indie', 'harana', 'p-pop', 'kundiman']",3808889,69
0cwmNvclzPd8mQnoHuIksj,Vengaboys,"['eurodance', 'europop']",589445,65
58r1rB5t3VF5X6yXGPequV,Maverick City Music,"['worship', 'gospel', 'christian']",2919523,72
5P2rwRBgIN450RaJxdjYdA,Kardinal Offishall,[],150399,65
3UUJfRbrA2nTbcg4i0MOwu,Original Broadway Cast of Hamilton,['musicals'],604173,77
4j96cMcT8GRi11qbvo1cLQ,Michael Marcagi,[],277528,66
7LnaAXbDVIL75IVPnndf7w,Jamie Foxx,[],1316716,70
69DtJEq8LQ02KB06wynzuh,Ian Cordova,"['electro corridos', 'corrido', 'dembow belico', 'corridos tumbados', 'corridos bélicos']",350013,68
13VRqzYJxIUpx67aASZADe,Soapdish,"['opm', 'pinoy alternative', 'pinoy rock', 'harana']",336465,64
1yzwPGlvrRLlhYkCRYde5z,Vignesh Shivan,"['kollywood', 'tamil pop', 'tamil dance']",67976,68
0NIPkIjTV8mB795yEIiPYL,Wallows,['indie'],3009089,69
1c84wItoiAe1pEbpJMqUmQ,Oscar D'León,"['salsa', 'merengue']",1971905,64
6uRJnvQ3f8whVnmeoecv5Z,Berliner Philharmoniker,"['classical', 'orchestral', 'opera', 'requiem']",264157,75
5gqmbbfjcikQBzPB5Hv13I,Gazo,"['french rap', 'french r&b', 'pop urbaine', 'drill']",4336843,73
4b1WCDqAVVgxK7KozLkOqc,Asal Kolaar,"['tamil hip hop', 'tamil indie', 'tamil dance', 'malayalam hip hop', 'tamil pop', 'kollywood']",1130490,66
7iETGaxJ4crz3qaljDPCKC,Brooke Ligertwood,"['worship', 'christian', 'pop worship', 'gospel']",241121,69
6LGVfT3wTKqzhx9RGvSvUd,Gurjit Gill,['punjabi pop'],48391,63
6XFc29m1ptfUNmaa1UTuBT,MC Joãozinho VT,"['funk consciente', 'brazilian funk', 'trap funk']",2241739,73
51jfCC7m2rTGPDz06E2nvS,Vinayak Sasikumar,"['malayalam pop', 'mollywood', 'malayalam hip hop']",331714,69
6tw6EpC9RgmSRZiZg0n22t,Legião Urbana,"['brazilian rock', 'mpb', 'brazilian pop']",7303537,70
38PzLQE4GW8o7A18oGhi0x,hey daisy,[],38869,63
1BIAyVQxDuYrMqZ8H1Faja,S.P. Charan,"['telugu pop', 'tollywood', 'tamil pop', 'kollywood']",1228532,65
0ZHPrnImGh4re3TbSNkoZl,Beret,[],3295364,70
7Hf9AwMO37bSdxHb0FBGmO,Alejandra Guzman,['latin pop'],4260490,69
4UW9Hdsrx9kX2HdJ90jRKM,Era7capone,['turkish hip hop'],1222797,73
4iBwchw0U0GZv5RfVYSMxN,Anyma,"['melodic techno', 'melodic house', 'stutter house', 'techno']",818513,71
0X380XXQSNBYuleKzav5UO,Nine Inch Nails,"['industrial rock', 'industrial', 'industrial metal', 'alternative metal', 'nu metal']",3089479,71
48HORs6F9P7IgdyKrk4MZC,Tarcísio do Acordeon,"['piseiro', 'forró', 'arrocha', 'sertanejo', 'seresta', 'brega']",7004915,70
7wgrXbrp9RJQMri26GZgyH,Uzielito Mix,"['reggaeton mexa', 'reggaeton']",853068,68
3l1qBa4ZTuNfYOap9WGbDQ,Duha Shah,[],22394,62
5IFCkqu9J6xdWeYMk5I889,Gloria Estefan,[],876871,64
34nbQa7Hug9DYkRJpfKNFv,T3R Elemento,"['corrido', 'corridos tumbados', 'sierreño', 'sad sierreño', 'banda', 'corridos bélicos', 'norteño', 'música mexicana']",5637895,70
6GI3CJjT2bOnMfprCpjT1d,Bootie Brown,[],21343,65
1WQPuG7Fbf4bru7nhGr7pW,Hamza,"['french rap', 'pop urbaine', 'french r&b']",1820897,74
6P6GTRTigHBp8ZesNtpCKH,Almighty,"['trap latino', 'reggaeton', 'trap']",1790223,75
1wxPItEzr7U7rGSMPqZ25r,Shiloh Dynasty,['lo-fi'],2022247,71
5tQMB0cuNXdCtzovGt55uD,LUCKI,['cloud rap'],1807397,77
6B1hSmaLdOvChinK2Z7gfi,Maisak,['reggaeton'],219200,66
0pWR7TsFhvSCnbmHDjWgrE,Creepy Nuts,"['anime', 'j-pop', 'j-rap']",2173699,71
6P7H3ai06vU1sGvdpBwDmE,Steely Dan,"['yacht rock', 'classic rock']",2542814,70
4Ge8xMJNwt6EEXOzVXju9a,Caroline Polachek,['art pop'],662673,67
5fS7aONqrIhiw6YzgKVOsd,Judika,"['malay', 'indonesian pop', 'malay pop']",7015175,68
63GIj2yhFvX1Bzphb9JgVb,Fenix Flexin,[],187980,70
3v6Ji4uoWtKRkhuDUaxi9n,Dynoro,[],316937,63
0grdhNhiRLFBaFVyybqsj6,Richard Marx,['soft rock'],1561501,68
3oKRxpszQKUjjaHz388fVA,Parcels,['indie soul'],1103128,71
68YeXpLt3jB7JHQS5ZjMGo,Teto,"['brazilian trap', 'trap', 'trap funk', 'brazilian hip hop']",4680189,71
327ipGIr9bD3MkLb2eucqC,Suara Kayu,"['indonesian pop', 'indonesian indie']",525072,61
42LEQxfXLEuzdqorKBbUVN,RaiNao,[],390259,66
0qSfAhYhb7KWEuiLuooBaE,Manoj Yadav,"['hindi pop', 'bollywood', 'marathi pop']",279566,62
2zoy9aYWHueNXCIqh2MStc,Gravagerz,[],73953,67
0KcbRunfjZHfwEnEgd1Dy6,Murillo e LT no Beat,"['trap funk', 'brazilian funk', 'funk consciente', 'brazilian trap']",516430,72
5eJi7nckPalxu8R7AAyfuO,MC Willian,"['brazilian funk', 'trap funk', 'funk consciente']",28408,68
2j9QVMZlqIj4Cb9UISBrXK,Clinton Cerejo,['bollywood'],701494,61
2lolQgalUvZDfp5vvVtTYV,Tony Bennett,"['vocal jazz', 'christmas', 'big band', 'adult standards', 'jazz']",1010637,67
6i392l38cR3uBPF0DbNs7S,Quality Control,[],1620767,66
6U574RAq08wVaurzSaqEY3,Lewis Somes,['reggaeton chileno'],125119,67
2EXpthNgSeTDeX8nGwxppp,Paris Paloma,[],802399,68
6e3pZKXUxrPfnUPJ960Hd9,Pomme,['french pop'],793988,68
0PN0fbe41KbuzlRYnoajNm,Antonio Aguilar,"['ranchera', 'mariachi', 'norteño', 'corrido', 'música mexicana', 'banda']",3980302,72
5eWpthiGD66CLD4bQjvIBp,Sanjay Leela Bhansali,"['gujarati garba', 'bollywood', 'desi', 'hindi pop', 'sufi', 'gujarati pop']",193333,63
2vnB6tuQMaQpORiRdvXF9H,Beach Bunny,[],1871832,66
0nMjhemqRwrboQGcs92fh2,Kapil Kapilan,"['malayalam pop', 'mollywood', 'kollywood', 'tamil pop', 'kannada pop', 'tollywood']",426913,64
28NFZuZbEm7yzMpv1q1Rb7,Grupo Mojado,"['grupera', 'cumbia', 'cumbia sonidera', 'música mexicana']",914383,64
2xOLGU5UNLV3KQSFteF8ZW,Boladin 211,"['brazilian funk', 'trap funk', 'funk de bh', 'funk consciente']",719431,72
6bGOmNBU1AOgttgOjh0ldf,Ati242,['turkish hip hop'],3609218,75
0MeLMJJcouYXCymQSHPn8g,Sleeping At Last,[],1561939,68
6WIjKbyqeO9MkfNMFJsF50,Dj LK da Escócia,"['brazilian funk', 'funk carioca']",69983,65
586uxXMyD5ObPuzjtrzO1Q,Sofi Tukker,[],935296,67
2zHzn2oA1QJOB8SPIpoiYD,Dadju,"['french r&b', 'pop urbaine', 'french rap', 'french pop']",7970012,72
3TaUSUXn41GixL7zbvrIDt,A-Trak,['disco house'],140293,64
5veVxxPm1vzgi6pO2iVA8L,Bruno Martini,"['brazilian pop', 'brazilian bass']",166547,64
5YNi3BopLa4XtYRtzML80L,"Sergio Vega ""El Shaka""","['banda', 'norteño', 'grupera']",2075340,67
7i9j813KFoSBMldGqlh2Z1,Riton,['house'],162524,64
01QTIT5P1pFP3QnnFSdsJf,Lupe Fiasco,[],1991617,69
2OhUNb01gLwygOizYvTm0e,Big One,"['argentine trap', 'cuarteto', 'cumbia']",901340,66
3CQIn7N5CuRDP8wEI7FiDA,Run–D.M.C.,"['old school hip hop', 'east coast hip hop', 'hip hop']",1502519,63
1mvpEXClANunyiHFtAXCxt,MC Rick,"['brazilian funk', 'funk de bh', 'trap funk']",1700207,68
1lpPb0grX95giST5LLNOuJ,TRXSHBXY,"['phonk', 'brazilian phonk', 'funk']",66876,71
5PN2aHIvLEM98XIorsPMhE,Kim Carnes,[],432113,63
2rwLjVHS15sfzciKXXNbgA,Yiyo Sarante,"['salsa', 'merengue']",953938,67
1RklNDIiYVZ3dYdEUnB0cS,ANDROMEDA,"['phonk', 'brazilian phonk']",74367,68
0MlOPi3zIDMVrfA9R04Fe3,American Authors,[],1651342,64
1GAymyGBvB4gQy5Z5LZ1Wj,Lalo Ebratt,['reggaeton'],1898157,63
4GJ6xDCF5jaUqD6avOuQT6,FIFTY FIFTY,['k-pop'],2015959,65
0vqJkZ0RpLZixt3lTmD8vP,Whethan,[],329538,64
3FlCKtwOEYQQYyGVEbxG2Z,George Henrique & Rodrigo,"['sertanejo', 'sertanejo universitário', 'agronejo', 'arrocha']",1943956,65
6PdJJhJWHFRtoERTQ8JGq1,Navaan Sandhu,"['punjabi pop', 'punjabi hip hop', 'bhangra']",1614906,71
1Uff91EOsvd99rtAupatMP,Claude Debussy,"['classical', 'classical piano']",1652832,70
0dUyjgCyjfj5eMx6bX2TWf,FMK,['argentine trap'],1723628,66
0rjms710nwQTdrQheXHJfz,Standly,"['reggaeton chileno', 'chilean trap', 'chilean mambo', 'mambo', 'reggaeton']",1378792,66
17EAWIoXAMU9Vo9xRrdZQ0,AKDO,"['turkish hip hop', 'turkish pop']",417807,74
35dWPb7Tmq0WESp6KAUJ8w,Dewa,"['indonesian pop', 'indonesian rock', 'indorock', 'malay']",2871203,66
5c4wQaXkNDqSOTjqX4ExAu,Jenni Rivera,"['banda', 'ranchera', 'mariachi', 'música mexicana', 'grupera']",4906391,72
7pwufEBGfggjoI8twqlsmQ,Nessa Barrett,[],1729315,69
5PokPZn11xzZXyXSfnvIM3,Lifehouse,['post-grunge'],2155825,65
6i6WlGzQtXtz7GcC5H5st5,10cc,"['yacht rock', 'art rock', 'glam rock']",867901,64
3lIU3RoZiHen1QXAQ3KQ9e,Tz da Coronel,"['brazilian trap', 'trap funk', 'trap', 'brazilian hip hop', 'choral']",3666712,70
5NHm4TU5Twz7owibYxJfFU,King,"['desi hip hop', 'hindi hip hop', 'desi pop', 'hindi pop', 'hindi indie']",9381425,65
3bhu7P5PfngueRHiB9hjcx,Elle King,[],674003,65
60XHOAhvEBiV6BGBOv8ClM,La Joaqui,"['rkt', 'turreo']",2369213,67
2ExGrw6XpbtUAJHTLtUXUD,Stefflon Don,['dancehall'],1209909,65
4ofCBoyEiGSePFAG500xev,Regard,[],289756,64
59r5UU2HOytn9V5uMZ5Vur,Daniel Hope,['classical'],57362,65
3gIRvgZssIb9aiirIg0nI3,Jeremy Zucker,[],2363447,66
0jIWKlfmD4Ew7HeVVrq03g,Elyanna,[],375882,65
5zaXYwewAXedKNCff45U5l,Dusty Springfield,[],576975,65
080kPbQFzomkrfHW8U4XkZ,rainy bear,[],28367,69
0Or6EukLg1g2fTl08fPz2o,Bunny,[],212823,61
44WCHvwXBOMz6nm7Mu2ReO,Grupo Bryndis,"['grupera', 'cumbia']",3346655,74
43qxAkuKFB6fMNSeS5dO7Z,Ana Bárbara,"['grupera', 'ranchera']",1676107,64
6V3F8MZrOKdT9fU686ybE9,Mark Morrison,[],154609,63
3dC19P4w1BbDuwCailjybv,Nes,"['reggaeton chileno', 'chilean trap', 'reggaeton mexa', 'chilean mambo']",66626,65
48zixAu4wMDZwpVbOenDU7,Grupo Cañaveral De Humberto Pabón,"['cumbia', 'cumbia sonidera', 'salsa']",391962,65
5IpS1TN1Crp8Ym4zjiIrtK,LXNGVX,"['phonk', 'brazilian phonk']",623739,69
4DAcJXcjX0zlQAZAPAx4Zb,Ben&Ben,"['opm', 'pinoy indie', 'harana', 'p-pop', 'kundiman']",13332951,70
4fKJ81BAFxuwAFUI3B1BXM,cjnobeat,"['brega funk', 'brazilian funk']",55058,67
53KTldaJ8tHSkYU3nigfwP,Fonseca,"['colombian pop', 'latin pop']",3479578,70
1XUGerdrjDBJxF9ZfxMqDj,Mayur Puri,"['bollywood', 'hindi pop', 'desi']",322029,61
7kplJl06UmldxLKseURAYi,Warren Zeiders,['country'],1121540,70
3PyJHH2wyfQK3WZrk9rpmP,Ashnikko,[],2629316,72
4vjGlQWexbru6aOUCLTVir,Kiki Dee,[],81291,62
3fZk3Gm5dN5v5yfYMQ04Bx,Dímelo Flow,"['reggaeton', 'urbano latino']",636445,68
13y29W8mEcA2gKqUr1SPLJ,Rony Parulian,['indonesian pop'],453292,71
1p8AG9V0Y60vhvdYdRbxqn,Swara Verma,['haryanvi pop'],391344,69
5TNSXFCNwlq2CfiMcNOCDP,Lijo George-Dj Chetas,"['gujarati garba', 'gujarati pop', 'hindi pop', 'bollywood', 'desi']",127405,61
6HqgxkTt9KGyt27zYrwVan,Super Yei,['reggaeton'],615981,64
2hgViyN0RqyQQpfjIb0g3W,Richa Sharma,"['sufi', 'bollywood', 'qawwali', 'desi']",425204,60
6AUl0ykLLpvTktob97x9hO,Tee Grizzley,[],4060913,69
5Z8nzSJRSo4HRcUOzemnC1,Juss,['punjabi pop'],880034,64
79AyR6ATpj2LTPxfb6FX50,Lauren Spencer Smith,[],1780682,69
34me8hAxavRmcDIwhxa3b7,Dent May,[],128724,64
7gbmX8SsfjEjxDMzBi1ZOL,Joe Jonas,[],1791007,65
3vbKDsSS70ZX9D2OcvbZmS,Beck,['anti-folk'],1725194,65
1hJuGCUpefX24GFmss9bjH,Amy Macdonald,[],543237,65
51DevdOxIJin6DB1FXJpD1,UZI,"['turkish hip hop', 'drill']",6513234,76
19VDJ9IKyBSUMDJxLsasP6,Mr. Belt & Wezol,"['future house', 'house']",202251,64
1QHr8p3h0ayWLaaYK0X6bi,Dhibu Ninan Thomas,"['tamil pop', 'kollywood']",681906,63
1oSPZhvZMIrWW5I41kPkkY,Jimin,['k-pop'],10944404,79
6pRi6EIPXz4QJEOEsBaA0m,Chris Tomlin,"['christian', 'worship', 'ccm', 'pop worship', 'christian country']",2179951,71
7HV2RI2qNug4EcQqLbCAKS,Keala Settle,['musicals'],201901,65
49HlOY4gkHqsYG9GCuhkcc,Celeste,[],720398,66
66lH4jAE7pqPlOlzUKbwA0,Miranda Lambert,['country'],3716283,68
62lbdm09j0QUbWB7SqCJvt,Anonimus,"['reggaeton', 'trap latino']",505423,66
23TFHmajVfBtlRx5MXqgoz,Sfera Ebbasta,"['italian trap', 'trap']",7436210,77
0vkpFzbSTmwPuGGnhsblFI,Ajay Gogavale,"['marathi pop', 'devotional', 'bhajan']",1049890,64
5kFKWKOi67GISDFKogGbRP,Mc Luizinho,"['phonk', 'brazilian phonk']",8605,68
1oSgjdbgLYULVmEBojPRw8,Fernando & Sorocaba,"['sertanejo', 'sertanejo universitário', 'agronejo', 'piseiro', 'arrocha']",4802951,68
4TKhxSkqClXrdtUWgKqHVU,Shallipopi,"['afrobeats', 'afropiano', 'afrobeat', 'amapiano', 'afropop', 'afro adura']",3091550,71
0awl5piYwO0CDTHEkCjUhn,Nico & Vinz,[],578886,63
1l2ekx5skC4gJH8djERwh1,Don Diablo,"['future house', 'edm']",1847697,66
0u2FHSq3ln94y5Q57xazwf,Keith Urban,['country'],5278817,68
3cR4rhS2hBWqI7rJEBacvN,Leslie Odom Jr.,['musicals'],372480,75
7sQ3Q6yYyg0SdpEezJN8UT,El Coyote Y Su Banda Tierra Santa,"['banda', 'norteño', 'corrido', 'ranchera']",1849134,69
0bg3fNpRQgZTCAg3Bseyly,Mc Th,"['brazilian funk', 'funk carioca']",1147858,66
55TpSGABb9xsmXHkqbv3ti,Rushex,"['phonk', 'brazilian phonk']",79739,68
7gXb99Sf9nNmpNYeAgIQFG,Sub Urban,[],1892947,66
3qmx2CGviBi21h58nDMJcs,Kiran Bajwa,['punjabi pop'],110634,61
4E5oyNFcB3uXLkLdjYmP9Z,Neha Bhasin,"['bollywood', 'telugu pop', 'tollywood']",946110,61
5x0R3zoC09GMiRJomoexLV,nimino,"['stutter house', 'melodic house']",158699,67
2WhoMc7XqIzVXWbQqSoqe7,Kahitna,"['indonesian pop', 'indonesian jazz']",1297291,68
66PGnr0hE7ZIcWir6IwitB,Sooraj Santhosh,"['mollywood', 'malayalam pop', 'tollywood', 'telugu pop']",594679,65
0v7JYEoQOQbzNNESKwxmzT,Banda Tierra Sagrada,"['banda', 'corrido']",2085891,61
6xeFne1rkxMhKSW3ipvkdV,Toploader,[],123823,62
7uQ1D2NNHs5cUL3CLKRbia,LAGOS,[],225320,66
3HyrDGPLI0c9Rd8luuO0zw,Maelo Ruiz,"['salsa', 'merengue']",2584151,68
1IueXOQyABrMOprrzwQJWN,Sigala,[],1582960,65
5K8Rmjmf4RZFffz94EmBRt,Zé Vaqueiro,"['piseiro', 'forró', 'sertanejo', 'arrocha', 'brega', 'seresta']",6262988,69
3pjq2pDV9RR6VY55wBjVnp,Dardan,['german hip hop'],1402984,74
0qZyvjwZauLmrobrpJmvib,"Dream, Ivory",[],525269,65
6RzPQpJ5z2JkOJlmsCVxJq,Ujjwal Kashyap,"['hindi indie', 'indian indie']",87544,59
0nnp7oJpY2J6yZOqtdKaWq,Duelo,"['norteño', 'grupera', 'tejano', 'banda', 'cumbia norteña']",2235468,71
2FrKQPjJe4pVMZOgm0ESOx,SNAP!,['eurodance'],312944,64
3Bku4b0uiR8KJSXu7U8Iyy,Anand Bakshi,"['bollywood', 'hindi pop']",149754,65
6mQfAAqZGBzIfrmlZCeaYT,Chaka Khan,[],1810023,65
12PSlydMSjEHzSCj9X5qv7,Baby Bash,[],1065230,64
2Atk4SWx7daQtItQBa735M,Yeri Mua,"['reggaeton mexa', 'electro corridos']",2461681,67
5nWYvcpaqKtp08cYxjOfFr,Gibran Alcocer,[],745263,70
3eskO5m0H4yiF64vRySBjr,Buffalo Springfield,"['folk rock', 'country rock']",944883,62
7gfkYbxpguEc9bm6m8TpAr,Chitãozinho & Xororó,"['sertanejo tradicional', 'sertanejo', 'agronejo']",2757105,68
2fsk4VlJdNF6G8cCMDrrzB,Norma Jean Martine,[],33560,64
19yiaMgl4Z5TFhUNp7R1JJ,Mc Lekão,['brazilian funk'],24306,68
7aBzpmFXB4WWpPl2F7RjBe,Wyclef Jean,[],438858,72
17SY5q1CMOZJBRuPcKWwPI,J Abdiel,[],389743,66
4NYMUsIcUUsBHbV9DICa5x,Nate Smith,['country'],583239,68
7bzt5lHL6bzLO3c9mkxNMW,Los Socios Del Ritmo,"['cumbia', 'cumbia sonidera', 'grupera']",869387,63
139FRgoVcJ82jogPttiWcc,Sai Smriti,"['tamil indie', 'tamil pop', 'kollywood']",61518,65
6liAMWkVf5LH7YR9yfFy1Y,Portishead,"['trip hop', 'downtempo']",2361663,67
4LAFtDzlQM89xov636hMVv,Dallass,"['brazilian trap', 'trap funk', 'trap', 'brazilian hip hop']",358926,72
2dd5mrQZvg6SmahdgVKDzh,PSY,['k-pop'],1831703,64
22dFwJoRBV51ue5TGnC7Dt,Beny Jr,['drill'],2030361,73
7GQDI5Vmxs92RsIRZzYT11,Pirlo,[],1010750,69
6Jrxnp0JgqmeUX1veU591p,Santigold,[],807793,65
0knGpCTbmG4ctl1wzYRZs4,Dijon,[],526336,68
3441uYrkzgTWwjXLd13R0U,Enigma Norteño,"['corrido', 'corridos bélicos', 'norteño', 'banda', 'sierreño']",1358152,70
13or1Wf6ipcvSIiurZATvw,La Sonora Dinamita,"['cumbia', 'cumbia sonidera', 'tropical music', 'salsa']",1447284,67
0wEvWMQRqaXcgnrZv6KtyL,Spice,"['dancehall', 'soca', 'shatta', 'ragga']",598702,65
7M3xY5iHSzEtoL3FpqOD75,Garry Sandhu,"['bhangra', 'punjabi pop', 'desi']",5105799,64
5jG6uRqinuI83luutMpW6y,Gavin Adcock,"['country', 'red dirt']",494889,72
5KmFbbptaZhEtmMibvibUE,Jind Universe,['punjabi pop'],151849,63
7o9Nl7K1Al6NNAHX6jn6iG,Travie McCoy,[],503147,62
5KsRA81UaMVKvLNiwDySfp,Jonah Kagen,['folk pop'],255107,68
0ciLF0bOuu2BhqzCEZgHoB,Pixote,"['pagode', 'samba']",2932770,67
7fAKtXSdNInWAIf0jVUz65,Roberto Carlos,"['mpb', 'brega', 'bolero']",6990443,70
0bzfPKdbXL5ezYW2z3UGQj,Michael Kiwanuka,['soul'],1671527,67
5uUb3J6HqLhBWwzuh84LUZ,Seventeen,"['indonesian pop', 'malay']",5772770,67
5os0Ltvz8Q8BvXOPOd1frx,Inner Circle,"['reggae', 'roots reggae']",503392,63
0M4wzwZKh9SSHkOXYNvQlP,Zain Zohaib,"['qawwali', 'sufi', 'ghazal']",235085,62
6FTLayBxjkQeanFdUusk1I,Fabio Asher,"['indonesian pop', 'malay']",1833195,67
3jc496ljiyrS3ECrD7QiqL,Gipsy Kings,['flamenco'],1074772,67
3VHAySZQPlfGlNLslzXYpN,NATHY PELUSO,[],1330790,67
3OqTvcWgb0xaainosGVvuZ,Gala,['eurodance'],141417,62
4Yttlv9ndGjCDCVLqM7ACq,Sido,"['german hip hop', 'german pop']",2667415,71
55vs7NT1KxcFjbMC4y202E,REO Speedwagon,"['soft rock', 'aor', 'classic rock']",2938354,65
4s6Xg38sbqh4xpf4OqhVUK,iZaak,[],616361,69
33W1pnW9zScZtYTnAoWnOT,Mr. Probz,[],357079,64
1mXAhKnZEdF6rotyyd4GBi,MC Kevinho,"['brazilian funk', 'funk pop']",7021765,64
39VceBo0jXir85LCeAmAIs,Kamisa 10,"['pagode', 'samba']",639899,70
204IwDdaHE4ymGk9Kya2pY,Djonga,"['brazilian hip hop', 'boom bap', 'brazilian trap']",3070495,70
4PUHVTv6waMpd1JUP7G6n2,Wizz Baker,"['lagu timur', 'maluku', 'batak', 'indonesian pop', 'hipdut']",320468,67
0d71FlLkqZzdpEQifcngQq,Julliany Souza,"['gospel', 'worship', 'brazilian gospel', 'devotional']",803429,69
6UE7nl9mha6s8z0wFQFIZ2,Robyn,['swedish pop'],890043,65
53oeVgECSa18dkHBQ9X6Eh,Murat Boz,"['turkish pop', 't-pop']",2363011,67
3cQA9WH8liZfeja1DxcDYE,Armand Van Helden,"['disco house', 'funky house']",311615,65
4hYxvgmTzS29XAXlo5adgM,L2B,"['french rap', 'french r&b']",930243,74
7rXMvXRnWHaSwnVvPeUUfw,Gloria Groove,"['brazilian pop', 'funk pop', 'pagode', 'brazilian funk']",3811936,68
2yEwvVSSSUkcLeSTNyHKh8,TOOL,"['progressive metal', 'alternative metal', 'progressive rock', 'metal']",4566599,73
1Sdc6ySbIvzO0X9vbyHzWm,Ogryzek,"['phonk', 'brazilian phonk']",582505,69
6wa1AsxB9oJP7lwNSmbcYx,Daler Mehndi,"['bhangra', 'bollywood']",2192364,61
0haZhu4fFKt0Ag94kZDiz2,Sofía Reyes,['latin pop'],3156788,64
78nr1pVnDR7qZH6QbVMYZf,Baco Exu do Blues,"['brazilian hip hop', 'brazilian trap']",4292880,73
7gIeuq2qBfYhO1budb6TSQ,DG e Batidão Stronda,"['piseiro', 'arrocha', 'forró', 'brazilian funk']",106900,65
4aSlfXDn9R60UlbZEboBUy,YOVNGCHIMI,"['trap latino', 'urbano latino']",1607494,69
436sYg6CZhNefQJogaXeK0,Camille Saint-Saëns,['classical'],441790,67
2iK1rsbYstkSVn57M4s8ut,Gaab,"['pagode', 'brazilian funk']",1714944,66
2n2RSaZqBuUUukhbLlpnE6,Sleep Token,"['progressive metal', 'metalcore']",2904149,80
6nzxy2wXs6tLgzEtqOkEi2,Monica,['r&b'],2888980,64
0OZHEt7SMyC00w8xopYIcc,Lavish Dhiman,['punjabi pop'],33154,62
5Dl3HXZjG6ZOWT5cV375lk,Yo-Yo Ma,"['classical', 'chamber music']",654968,67
3t4P7aXVor3NxlJPZxLzOQ,Kunal Ganjawala,"['kannada pop', 'marathi pop', 'bangla pop', 'bollywood', 'sandalwood']",2179169,62
4dyYjqmYDjegbB3F2mbvcT,Zezé Di Camargo & Luciano,"['sertanejo tradicional', 'sertanejo']",5107830,75
0NZtn1Kyq08alpHCTRf3dv,Tony Kakkar,"['hindi pop', 'bollywood']",7114876,61
1noWnd8QFQD9VLxWEeo4Zf,Don Miguelo,['dembow'],317107,66
06vOoTzj6cIac9FMbNXz9h,Shruti Haasan,"['tamil pop', 'kollywood', 'tollywood']",833976,63
26opZSJcXshCmCwxgZQmBc,Whiskey Myers,"['red dirt', 'texas country', 'southern rock', 'outlaw country', 'country', 'country rock']",1163634,70
0urTpYCsixqZwgNTkPJOJ4,Aaliyah,['r&b'],5063725,66
0pVJXCGsBydS7rq0R4w4hm,Yuri Redicopa,['brazilian funk'],79681,69
6RHTUrRF63xao58xh9FXYJ,IVE,['k-pop'],6349298,72
27CTGmSgvs2cUMSErJ1Thc,Fresly Nikijuluw,"['lagu timur', 'maluku', 'batak']",161930,66
2W6WP4pHQTFlbr2z9S4n54,Kordhell,"['phonk', 'drift phonk']",1440252,67
3wE6Lb4RCyPMoXsnXV0ZPC,Vikkstar,[],65204,62
7giUHu5pv6YTZgSkxxCcgh,Edward Sharpe & The Magnetic Zeros,[],1083476,63
2eogQKWWoohI3BSnoG7E2U,Donna Summer,"['disco', 'hi-nrg']",2174083,65
3R0YzDT1gl2mMDLMrgdNjR,Suchitra,"['tamil dance', 'tamil pop', 'kollywood', 'telugu pop', 'tollywood']",147664,65
6ElqtIfQsAkEYypgfJIjeK,DannyLux,"['sad sierreño', 'corridos tumbados', 'sierreño', 'corrido', 'música mexicana', 'electro corridos']",2195656,71
5dbuFbrHa1SJlQhQX9OUJ2,Don Henley,['yacht rock'],1746135,65
7IAFAOtc9kTYNTizhLSWM6,Hollow Coves,['indie folk'],812118,66
2Asr5Otk5aKK272pK4ocG2,Jeanette,[],581289,64
1oPRcJUkloHaRLYx0olBLJ,Magdalena Bay,[],575730,69
0uHvlWnhRpaomF4e9IZHLy,Doğu Swag,"['turkish pop', 'turkish hip hop', 'arabesk']",380694,66
7CUFPNi1TU8RowpnFRSsZV,Niska,"['french rap', 'pop urbaine', 'french r&b']",6360451,73
4TdMGChhzBYNXhADaEGUZX,Armenta,"['corridos tumbados', 'corrido', 'electro corridos', 'sad sierreño', 'corridos bélicos', 'reggaeton mexa']",188804,67
0H1InhXaXQPL1aj0mvHemU,Gianluca Grignani,"['rock en español', 'italian singer-songwriter']",367757,62
1bqxdqvUtPWZri43cKHac8,MAX,[],971194,64
4GEyPR3J4DYvuTRuPJQ0CW,Anvita Dutt Guptan,"['bollywood', 'hindi pop', 'desi']",27908,60
1JdHoZwkwOmX2Pl2iTwnzc,Vishal Bhardwaj,['bollywood'],1634221,58
6zsJjoCtL1WByG0VsuFWzR,BLOND:ISH,"['afro house', 'techengue', 'latin house']",186720,65
1XEVu7gdRFfzEFqsPrancH,rusowsky,['neoperreo'],344812,70
7hwEGO7U6JwQ7M1teoO8GW,Siddharth Mahadevan,"['bollywood', 'desi']",196310,61
0CrGLmfVKzk9rAyiNb91ft,Diego & Arnaldo,"['sertanejo', 'sertanejo universitário', 'agronejo']",1539957,68
3pFCERyEiP5xeN2EsPXhjI,Joe Cocker,[],2616899,64
2NhdGz9EDv2FeUw6udu2g1,The Wanted,[],2445276,63
7cIqiNrqyr9yAGv7e1WJ8F,DJ VYZ,"['phonk', 'brazilian phonk']",13078,69
1REvGGP2H7cFLGZgK2sStO,The Lantis,"['malay', 'indonesian pop', 'indonesian indie']",298872,62
4qXC0i02bSFstECuXP2ZpL,Blxst,[],580864,66
0EESJaBQY5fiBeQOGvDi3T,Vishnu Edavan,"['tamil pop', 'kollywood', 'tamil dance', 'tamil hip hop']",7785,65
6p2442ymrT9lZEuCZJdYcH,Ivy Queen,['reggaeton'],2532414,64
3EOEK57CV77D4ovYVcmiyt,Dennis Lloyd,[],714281,63
1eBHjBxiNA3gyEWEN7oRxM,Vijay,"['tamil dance', 'tamil pop', 'kollywood', 'haryanvi pop']",3605602,62
5mnS9jJdKQQcRSqFu5YPVe,Auli'i Cravalho,[],240139,66
6WLvgbfYXQPO396oJEYCsi,Macklemore & Ryan Lewis,[],18890,62
0TKFPt9w0AAEnhB9bd0pLy,LUM!X,"['slap house', 'melbourne bounce']",225927,65
0Cp8WN4V8Tu4QJQwCN5Md4,BENEE,[],874928,65
31aMmlq8isIAgojvmIwiS4,Noah,"['indonesian pop', 'malay', 'indonesian rock', 'indorock']",5694960,69
23xqmJEN3oVxwzqtNIyR5m,AnnenMayKantereit,"['german indie', 'german pop', 'german indie pop']",2196221,68
6BrvowZBreEkXzJQMpL174,Hardwell,"['big room', 'edm', 'progressive house', 'techno']",3598275,67
5InVWl8IZB8zFAoNa5roKm,Kako,"['funk consciente', 'brazilian funk', 'trap funk']",1497276,70
4Y7tXHSEejGu1vQ9bwDdXW,Fatboy Slim,['big beat'],1416646,64
1plObTufEAfeL1hk8Qz24v,Sanjith Hegde,"['kannada pop', 'sandalwood', 'tollywood']",2687590,67
6wduHvHCH5QZtWs6ULilDM,Henry Freitas,"['forró', 'piseiro', 'arrocha', 'seresta', 'sertanejo', 'brega']",1171618,67
1FxPMQ9A0882eNDx3ZkD6B,La T y La M,"['cumbia', 'cuarteto', 'rkt', 'turreo']",1368512,71
1xHIVVHhwnuYe0uCAip33C,Alfaaz,['punjabi pop'],1066841,61
6VyttZwyEMGBl90oGdKCB8,MC Leozinho ZS,"['funk consciente', 'brazilian funk', 'trap funk']",825495,68
5gCRApTajqwbnHHPbr2Fpi,Juicy J,['crunk'],3305280,75
163DQlpiiNqxgn2m4WsD3e,Kane Rodriguez,"['corrido', 'corridos tumbados', 'corridos bélicos', 'sierreño']",182518,67
2Ci1Tt7bCEU3OTByr1nc0y,Kew,['brazilian funk'],59874,64
0NbgKDsEHiPzZBZkqZGkXm,Mismatched - Cast,"['indian indie', 'hindi indie', 'ghazal', 'hindi pop']",274090,61
5kiKQJrz4BT7vFWVECAmHH,Sanam Puri,"['bollywood', 'hindi pop']",774190,60
2wYOpkTJZGByNEOjEnSmoW,Revol,"['trap latino', 'reggaeton', 'trap']",966468,62
1E4r4z7ivGUcSAnCbINJ9v,Drowning Pool,"['nu metal', 'alternative metal', 'rap metal', 'metal']",2480231,64
6S3KljEiIOWoLMUyZrkQUc,Marnik,['big room'],155597,64
771qBvjnXOH9Azr6lKy6FB,Michael Sembello,[],142521,62
4ncaw2cfA3Wlly1tBD2eWt,Yailin la Mas Viral,['dembow'],967534,67
29CQLw9uLWsl8Qkz9holfr,Racionais MC's,"['brazilian hip hop', 'rap', 'boom bap']",9701974,71
459INk8vcC0ebEef82WjIK,Erik Satie,"['classical', 'classical piano']",947051,67
3yHLsTJ9OZ19qwY1Q5BEQJ,Binomio de Oro de América,['vallenato'],2821519,71
2ixSzFmACsZSsx40fXTNYk,La Dimensión Latina,"['salsa', 'merengue']",146394,61
3D04fb59z3ANxVaeHBfxtW,TAYA,"['worship', 'christian', 'pop worship', 'gospel']",203635,67
5zzrJD2jXrE9dZ1AklRFcL,KT Tunstall,[],473253,63
39QiJaZ1HzRcpY9xlMKCsF,TrapLaudo,"['brazilian funk', 'trap funk', 'funk consciente']",1400802,70
2IX6xq1cVcBoD4obUsT5xs,Aditya Dev,[],21430,60
3wbCeEPAW6po7J46netxMT,Up Dharma Down,"['opm', 'pinoy indie', 'pinoy alternative', 'harana', 'pinoy rock', 'p-pop', 'kundiman']",1645485,65
66W9LaWS0DPdL7Sz8iYGYe,JP Saxe,[],633712,63
69WMBCOrVeaxtZJCowDJ0a,Khesari Lal Yadav,"['bhojpuri pop', 'bhojiwood']",2613408,71
2tswayWsUGjUwpvN8KRwuN,MORADA,"['gospel', 'worship', 'devotional', 'brazilian gospel']",2252356,69
3qAPxVwIQRBuz5ImPUxpZT,Heroes Del Silencio,"['rock en español', 'latin rock', 'mexican rock', 'latin alternative']",2980449,69
3SXwqSqAoBz9WCI9PDQzY6,Fontaines D.C.,['post-punk'],1169316,72
39fT56OHEL2E98zDKrqBsC,Nikhil D'Souza,"['bollywood', 'hindi pop', 'hindi indie', 'indian indie']",286900,60
1A9o3Ljt67pFZ89YtPPL5X,Snoh Aalegra,['alternative r&b'],1435243,66
240wlM8vDrf6S4zCyzGj2W,CamelPhat,"['melodic techno', 'house', 'progressive house', 'melodic house', 'tech house']",529030,66
00Y76ybB3PJCRrIlUXk7CZ,Silambarasan TR,"['tamil dance', 'tamil pop', 'kollywood', 'tamil hip hop']",2242414,65
3HiuzBlSW7pGDXlSFMhO2g,Young Dolph,"['southern hip hop', 'trap']",3366415,73
77qukKzmdI5BeMBR7WGUrN,Aaron Smith,[],409501,63
0IROOdQ2fQUcoaEPqt1Isg,Florence Welch,[],62925,63
5PRW6j58xEEWL4DDVEITKT,Dedublüman,"['arabesk', 'turkish pop']",2293983,68
0JRPF8WIKUtSO2IUYfrcuh,Kaique e Felipe,"['sertanejo', 'agronejo', 'sertanejo universitário']",117222,66
4StjyzjcmZ7a9QncHVf0pu,Simge,"['turkish pop', 't-pop']",2284245,67
3K9qRRRqtuxgBRLxRCxpDl,Srinivas,"['tamil pop', 'tollywood', 'kollywood', 'malayalam pop', 'telugu pop']",3086587,63
2uCcj0lTsdhbdZfVSQ7OTM,farofinat beats,"['phonk', 'brazilian phonk']",15227,68
6ynopZPMBXcIGBI9M02Un5,Haftbefehl,['german hip hop'],918001,77
4SzD0wClEg9NKVJZbCRFqS,Ele A El Dominio,"['trap latino', 'trap']",2477100,69
6sLwRSXSUF5JTUnQaFenyj,Christopher Jackson,['musicals'],85875,68
7hr9W3IjXcm3UlLY7guLk5,Henry Moodie,[],839662,66
7C64wNX3howEFZjAYRKsfP,The Cataracs,[],119907,62
6SdlxyPsQ3B0yYncFmDULP,reidenshi,['dark ambient'],95198,68
57pVvBwa3ZCR9LsVlkLXj7,Vanessa Da Mata,"['mpb', 'nova mpb', 'samba']",1407593,66
117XFtbZPnCI1EYKjYZWJc,Skusta Clee,"['pinoy hip hop', 'pinoy r&b', 'opm', 'p-pop']",2498967,70
0QaSiI5TLA4N7mcsdxShDO,Sub Focus,"['drum and bass', 'liquid funk']",577787,70
66TrUkUZ3RM29dqeDQRgyA,Ella Eyre,[],866781,64
47Z8LEl3LnQkcpva0xSthT,The La's,"['britpop', 'jangle pop']",293710,62
1eQsrFTW5NHQs1X7B0mImu,Simran Choudhary,[],207874,61
6wlhqnATSJIc0NQ64VxOVJ,Matt Hansen,[],778766,70
1XgFuvRd7r5g0h844A5ZUQ,Take That,[],1447734,64
7vCtweS8UVAXTyau2j0rDT,Josh Turner,"['country', 'christian country']",2724765,66
76JV5kzmRyAtP4cmMgjMZi,DJ DUARTE,['brazilian funk'],65886,67
4ueh4hmRvt62k4BgP8dIS0,Adèle Castillon,"['french pop', 'french indie pop']",165759,67
12j6dJrPXanCBwY599pZxf,Matt Maltese,[],768333,67
2450WxbFxHjnttFAv31zGk,Bagua Records,"['brazilian hip hop', 'brazilian trap', 'boom bap']",75496,65
4iW4xSfMEIvrXM0Iu3aFDY,Aditi Singh Sharma,"['bollywood', 'desi', 'hindi pop']",693841,60
0BmLNz4nSLfoWYW1cYsElL,Alexandra Stan,['europop'],436657,62
4mLJ3XfOM5FPjSAWdQ2Jk7,Dr. Dog,[],655118,63
05YVYeV4HxYp5rrWalvuE1,"Grover Washington, Jr.","['soul jazz', 'smooth jazz']",451786,63
552jNI1kUtB1FPRZFliQxc,Loonie,"['pinoy hip hop', 'opm', 'pinoy r&b', 'pinoy rock']",331543,64
7gOZcXPfLtLbFgUyHGV7cZ,Shipra Goyal,['punjabi pop'],430451,61
2XHTklRsNMOOQT56Zm3WS4,Parokya Ni Edgar,"['opm', 'pinoy rock', 'pinoy alternative', 'harana', 'p-pop', 'pinoy hip hop']",4543671,69
3zhijRRIZX2B6G2T7vJl9p,Mijares,"['villancicos', 'latin pop']",2525190,67
17TFSnqADESRM8BPSaM5aB,Krono,[],51667,63
48veLPCIJh5NVQxhyNRKCm,Earl Agustin,"['opm', 'harana', 'p-pop', 'kundiman']",1379695,68
5nki7yRhxgM509M5ADlN1p,Oliver Heldens,"['future house', 'house']",1061875,64
3Xd2WSaNywx5gn1pgRPFjF,Eternxlkz,"['phonk', 'brazilian phonk']",621414,69
4Kw0NhqitzjxLy1jH5FlTg,Harish Raghavendra,"['tamil pop', 'kollywood']",1717987,65
0jbo7KFNMiIkfBR6ih0yhm,iñigo quintero,[],596708,65
1gHVDWrG6hVra3ZxV7mQWd,Vinod Rathod,"['gujarati garba', 'bollywood']",1591480,64
3fWcIRZlzhMl2YNACMvHui,Paradox,"['hindi hip hop', 'desi hip hop', 'punjabi hip hop', 'punjabi pop']",3189588,63
1iXdpCz3AeLEAvzqeNodt8,Victor Cibrian,"['corrido', 'corridos bélicos', 'corridos tumbados', 'banda', 'sierreño']",709775,62
5Wg2b4Mp42gicxEeDNawf7,A7S,[],89306,63
0w1sbtZVQoK6GzV4A4OkCv,Mau P,"['tech house', 'house']",231001,66
1rAv1GhTQ2rmG94p9lU3rB,Julian Casablancas,[],604304,63
7hLjkyL9Pz9xtQNahzJZki,Belo,"['pagode', 'samba']",2201300,70
1gALaWbNDnwS2ECV09sn2A,Nightcrawlers,[],73800,63
6mKwmTMzDrye9elc8JWiw3,Mc Leozin,"['brazilian funk', 'funk de bh']",484850,65
2rhFzFmezpnW82MNqEKVry,Ski Mask The Slump God,[],6054231,69
4exLIFE8sISLr28sqG1qNX,Travis Barker,['rap rock'],507556,66
6CtYzQvENTdGq5LPPsePdV,Vijay Antony,"['tamil dance', 'kollywood', 'tamil pop']",7465313,67
3PbkSdpJnYRF18jau74b7R,Abdullah Siddiqui,"['indian indie', 'hindi indie', 'desi']",152160,62
1chOgh5tgwfiyJ2zhUHwBj,Dionela,"['opm', 'pinoy r&b', 'p-pop', 'harana', 'pinoy hip hop']",2932985,69
0TwG8C39WJIfFlcPrhxHST,Yashraj,"['desi hip hop', 'hindi hip hop', 'indian indie', 'hindi indie']",230485,62
1sV3HHU1TBH5owKu0WLHf7,XROSS,[],21134,70
5PYToRCsrnvikZg3yl2JMr,Stephanie Beatriz,[],81729,74
2kXKa3aAFngGz2P4GjG5w2,SCH,"['french rap', 'pop urbaine']",2772639,73
51l0uqRxGaczYr4271pVIC,The Bangles,['jangle pop'],1711318,63
2PJEagPIxaBugeMjIyKVXF,Aitch,"['grime', 'uk grime', 'uk drill', 'drill']",1278262,66
2FS22haX3FYbyOsUAkuYqZ,Los Fabulosos Cadillacs,"['rock en español', 'latin rock', 'ska', 'argentine rock', 'latin alternative', 'mexican ska', 'murga']",3398384,68
2O3v9rCTzLhPFaGaAVgZLt,Río Roma,['latin pop'],3411173,66
77YvCBWe0tTLygpgSJsdOH,Dhee,"['tamil pop', 'tamil dance', 'kollywood', 'tollywood']",1554063,63
5pUo3fmmHT8bhCyHE52hA6,Liam Payne,[],10233403,64
6hzngLO20cX5IGqT0hVv1G,Anurag Saikia,"['bollywood', 'hindi indie', 'ghazal', 'hindi pop', 'indian indie']",241121,61
7x3eTVPlBiPjXHn3qotY86,KeBlack,"['pop urbaine', 'french r&b', 'french rap']",1911303,71
0M2CO5ijP35MDhNwvpgxTV,sped up nightcore,['nightcore'],190381,66
4etuCZVdP8yiNPn4xf0ie5,Julio Iglesias,['bolero'],3632644,72
46zuW8tHxwahYn7VNMgYTa,Yalın,"['turkish pop', 't-pop']",2440166,70
6YPfs6tdZXvnlzgZNU3SYT,Dudy Oris,['indonesian pop'],345888,60
4qWnlmXWuGv2TtuxtIWlJX,BANNERS,[],736626,64
5Uvn1P3OFu268QovsUAnDu,Madan Mohan,"['bollywood', 'qawwali']",2216267,60
34EP7KEpOjXcM2TCat1ISk,Wu-Tang Clan,"['east coast hip hop', 'old school hip hop', 'hip hop', 'gangster rap', 'hardcore hip hop']",3738054,67
5JYo7gm2dkyLLlWHjxS7Dy,Sandro Cavazza,[],147613,64
2AbQwU2cuEGfD465wCXlg2,Rawayana,"['spanish-language reggae', 'reggae']",1042154,69
5BwOOeKayeMZXa5SSaiRxv,Ricchi E Poveri,"['italo dance', 'italo disco']",308193,64
72APa8QPdPUhGzNMciz1wI,Neelesh Misra,"['bollywood', 'hindi pop']",666501,61
5IDs1CK15HegSAhGEbSYXo,Billy Ocean,['yacht rock'],1312689,64
3gZ3IpjebAehFzIYhFIJDK,Chandra Bose,"['telugu pop', 'tollywood']",546369,65
70RAfkLNWG5J2bsnJqBpLQ,Aditya Sharma,[],209159,60
2BPwxhCvvcb8xDl8GWIjbh,Odeal,"['afroswing', 'alté', 'afro r&b', 'uk r&b', 'afrobeats', 'afrobeat', 'afro soul']",319975,69
1ZVoRDO29AlDXiMkRLMZSK,La Ley,"['rock en español', 'latin rock', 'latin alternative']",1675122,65
7xkAwz0bQTGDSbkofyQt3U,Belinda Carlisle,[],980304,62
19y5MFBH7gohEdGwKM7QsP,Luther Vandross,"['quiet storm', 'soul']",3906827,65
6GEykX11lQqp92UVOQQCC7,DJ Premier,['east coast hip hop'],327583,67
6ugw7JCu0AG7txRcRAxU8d,Mc Rd,"['brazilian funk', 'brazilian phonk', 'phonk', 'funk carioca']",89013,68
3ppQEG71r7jVpI8RudzycF,OHGEESY,[],498706,70
7nqOGRxlXj7N2JYbgNEjYH,SEVENTEEN,['k-pop'],13751447,78
3k1eCPRO0dE0Q9YsRfh4vn,Vijay Deverakonda,[],182160,60
70ZTdbPEcEugBNay4MvxfL,Bread,"['soft rock', 'yacht rock']",2029576,67
0ONHkAv9pCAFxb0zJwDNTy,Pusha T,[],3061863,74
4nWyeZK6CbH0eAQ5tRWf9o,DJ Biel Divulga,['brazilian funk'],46307,66
1QcBqYUeQ4Ux3itkdDaFi0,D. Imman,"['tamil pop', 'tamil dance', 'kollywood']",7609054,66
27rK4pP0VMqWiRe7pamKe5,Abhay Jodhpurkar,"['tamil pop', 'kollywood', 'bollywood']",1279622,60
1a3fr7NdeBT4JlGj6YlbDL,Caio Luccas,"['brazilian trap', 'trap funk', 'trap', 'brazilian hip hop']",1477406,67
5tth2a3v0sWwV1C7bApBdX,Lil' Kim,['east coast hip hop'],1928865,66
2wZWkw5jo8P4NVonVanxYd,Ziva Magnolya,"['indonesian pop', 'malay']",2916261,64
2Tglaf8nvDzwSQnpSrjLHP,Cuco,['bedroom pop'],3322428,69
73c2MjCAFNyKYIs7nBlqG2,Marisela,[],2604477,69
1BwHztAQKypBuy5WBEdJnG,Jennifer Warnes,[],180162,62
0nFdWpwl7h6fp3ADRyG14L,Marina Sena,"['brazilian pop', 'nova mpb']",650639,70
6twEaJ9RPRYiCmWapjG8xh,Tony Aguirre,"['corrido', 'corridos bélicos', 'corridos tumbados', 'sierreño', 'electro corridos']",1361305,65
1Yox196W7bzVNZI7RBaPnf,Megadeth,"['thrash metal', 'metal', 'heavy metal', 'speed metal']",6206918,71
1RMmK2dEtVEbhSV7qvSXJ1,Kalpana Patowary,"['bhojpuri pop', 'bhojiwood', 'tamil dance']",330386,64
03d2mJXSMtuPI0nIvLnhoS,Zoe Wees,[],587206,65
6l880dxsvN2x5wiceaG6D0,Rico Blanco,"['opm', 'pinoy rock', 'pinoy alternative', 'harana', 'pinoy indie', 'p-pop', 'kundiman']",1632249,67
1Jt7JB3WIWaANzwHoybsVn,Shefali Alvares,"['bollywood', 'desi', 'hindi pop']",345299,61
5D3muNJhYYunbRkh3FKgX0,Chord Overstreet,[],434419,62
0U5RYP2HMdGv2GhicLhkOI,Neto Peña,"['mexican hip hop', 'latin hip hop']",1886979,67
4we5S2VLjgY9KzIzApL1KI,Ryan Tedder,[],45499,62
7gAppWoH7pcYmphCVTXkzs,The Vamps,[],5910468,64
592JnViQ2tot63c1SbtgK2,MC Paulin da Capital,"['funk consciente', 'brazilian funk', 'trap funk']",2488087,68
7wOZy3KdFVVINgNFFxkxwO,Jerry Rivera,"['salsa', 'merengue']",2455700,66
3oZa8Xs6IjlIUGLAhVyK4G,Irene Cara,[],556636,62
5Zq7R5qmi58ByYyBQTlNuk,Lee Brice,"['country', 'acoustic country']",2491979,66
1QOmebWGB6FdFtW7Bo3F0W,Gustavo Cerati,"['argentine rock', 'latin rock', 'rock en español', 'latin alternative']",5612321,71
1aXtuiimQwgW8Xqztgp4Kf,Deva,"['tamil pop', 'tamil dance', 'kollywood', 'kannada pop']",1923098,67
5zVu34ozw0BzXIcNHqkO0u,Liana Flores,[],697246,66
77Zc5MMUIMJriEDAcaDspi,LOS DOS DE TAMAULIPAS,"['corrido', 'corridos bélicos', 'corridos tumbados', 'norteño', 'sierreño']",487464,70
4Ai0pGz6GhQavjzaRhPTvz,DIVINE,"['hindi hip hop', 'desi hip hop', 'punjabi hip hop', 'punjabi pop']",6147449,66
6ModsWtBph2rE6zCTVxvZt,Maite Perroni,['latin pop'],1189019,68
1A5QJAC1vdhbhPE25Q0x0f,O Rappa,"['brazilian rock', 'mpb', 'brazilian pop', 'brazilian hip hop', 'reggae']",3872194,70
1SQRv42e4PjEYfPhS0Tk9E,The Kinks,"['proto-punk', 'baroque pop']",2830795,64
1IDBhlpDyKr53UKKxXRHXD,NDX A.K.A.,"['lagu jawa', 'koplo', 'dangdut', 'hipdut', 'funkot', 'lagu timur']",7102365,71
6VcsqZOR5AtEOGeAtmutCZ,Esau Ortiz,"['electro corridos', 'dembow belico', 'corrido', 'corridos tumbados']",159504,65
5gKJbL392PiokTPUoL7N6D,Estrella Morente,"['flamenco', 'flamenco pop']",166068,64
5mU7ohKXRejACFS8eZIixp,Malou,"['afro house', 'melodic house']",26274,64
4P0dddbxPil35MNN9G2MEX,Cypress Hill,"['west coast hip hop', 'old school hip hop', 'rap rock', 'hip hop']",2396305,67
3rp4f58JlRHkk8hpdLCer1,Videoclub,"['french indie pop', 'french pop']",870638,67
2kucQ9jQwuD8jWdtR9Ef38,Sam Hunt,"['country', 'pop country']",2485051,67
1vSN1fsvrzpbttOYGsliDr,Tori Kelly,[],2192973,66
7qJXYbBDibZ1Zixi89aUnw,Sílvia Pérez Cruz,"['flamenco', 'singer-songwriter']",209006,65
3PjvC3vaZ6wh5FK6PZ4Dd5,B. Ajaneesh Loknath,"['kannada pop', 'sandalwood', 'devotional']",610562,68
2kHxkdiKCSnHMkhIgFBZaI,Kristen Bell,[],165469,66
